Codice;Descrizione;Descrizione estesa
ZYXNBG-4615;ZYXEL NBG-4615 - GIGABIT WIRELESS 11N;
ZU820TST;OPTOMA Videoproiettore Laser DuraCore 8200lumen;Videoproiettore Business Risoluzione WUXGA (1920×1200) - Messa a Fuoco Motorizzata - Garanzia 36 mesi
ZT42162-T0E0000;ZEBRA Stampante Termica CD ZT421;"Risoluzione di stampa: 203 dpi
Velocità di stampa: 305 mm/s
larghezza massima di stampa: 168 mm
Interfacce supportate: USB, seriale, Ethernet
Linguaggi di programmazione: ZBI 2.0, ZPL, ZPL II, XML Garanzia 12 mesi"
ZT41142-T3E0000Z;"Zebra Stampante Termica ZT411 203Dpi 4""";Euro and UK cord, Serial, USB, 10/100 Ethernet, Bluetooth 4.1/MFi, USB Host, Peel w/ Liner Take-Up, EZPL
ZT23142-T0E000FZ;ZEBRA ZT231 Stampante a Trasferimento Termico;Stampante di etichette industriale a trasferimento termico, risoluzione: 203dpi (8 punti /mm), con Display LCD. Larghezza di stampa (max.): 104 mm, Diametro rotoli (max.): 203 mm, Velocità (max.): 152 mm/sec. Interfacce: Ethernet, USB, USB Host, RS232, Bluetooth (BLE). EPL, ZPL, ZPLII, Memorie: RAM 128MB, Flash 128MB. Include: Alimentatore e Cavo di Alimentazione CE/UK. Garanzia 12 mesi.
ZOOM WEBINAR 500;ZOOM Licenza Webinar 500 1 Month;
ZOOM WEBINAR 3000;ZOOM Licenza Webinar 3000 1 Month;
ZOOM WEBINAR 300;ZOOM Licenza Webinar 300 1 Month;
ZOOM WEBINAR 1000;ZOOM Licenza Webinar 1000 1 Month;
ZOOM STD PRO;Licenza Zoom Standard Pro Annual;
ZM-CLR-200G-1-OVG;Zoom Cloud Recording 200 GB - overage fee;
ZM-CLR-200G-1-1Y;ZOOM Cloud Recording One Year Prepay 200GB;Registrazione su cloud Zoom capacità 200 GB - utilizzo mensile - Linux, Win, Mac, Android, iOS
ZJB4143GL;Xiaomi Mi Casual Daypack Zaino 10L Nero 34x22x13;
ZIP-00004;Microsoft Surface Pro Copilot+ PC for Business;"Microsoft Surface Pro Copilot+ PC for Business Microsoft Surface Pro Copilot+ PC for Business - 11th Edition - AI Ready - 13"" OLED touchscreen 2880 x 1920 @ 120 Hz - Qualcomm Snapdragon X Elite - X1E-80-100 - 16 GB RAM - 1 TB SSD - W11Pro"
ZH551;Optoma Proiettore laser Full HD wireless;5500L - 3.000.000:1 - 1.4:1 ~ 2.24:1 OMS 2xHDMI Out 1xAudio 3.5mm
ZEBRA FX9600;Zebra Unità RFID UHF FX9600 + Power Supply;
ZD4A042-D0EE00EZ;ZEBRA Stampante Termica ZD421DT;203x203 DPI Velocità di stampa 152 mm/s USB, USB HOST, ETHERNET
ZD4A042-30EE00EZ;ZEBRA Stampante Termica ZD421T 203dpi Usb Ethernet;USB Host, Ethernet, BTLE5, EU and UK Cords, Swiss Font, EZPL
ZC32-000C000EM0;ZEBRA stampante per card serie ZC300 USB/Ethernet;Stampa carte di credito e di debito, badge di identificazione e di accesso, carte fedeltà, tessere per trasporti pubblici e molto altro a sublimazione/termografica
Z4Y85AA;HP 8GB 2400MHZ DDR4 MEMORY;
Z3Z16AV-6266;HP WKS Z8 G4 IntelXeon 6226R 64GB/1TB 5Y OnSite;
Z3Y91AV-6917;HP WS Z6 G4 Intel Xeon 5222 64GB/2x1TB 3Y;
Z3Y91AV-4713;HP Workstation Z6 G4 Xeon 5222 64GB/2x 1TB M.2;
Z2W83EA;HP 850 I77500 8GB 256GB GRA WIN1;
Z2V48ET;HP 840 I57200 8GB 256GB WIN10PR;
Z2J22ET;HP Promo 400G3PD SFF i56500 1TB 4.0G 54 PC;
Z1BE-ZT421-3C0;Zebra Garanzia OneCare Essential ZT421 3YW;Contratto di assistenza di 3 anni
Z1BE-MC33XX-3C00;Zebra MC33XX Onecare Essential 3Y;Contratto di assistenza di 3 anni - 3 Business Day Repair Depot Turnaround - Purchased After 30 Days
Z1BE-FX9600-3C00;Zebra FX9600 OneCare Essential Service 3Y;Contratto di assistenza di 3 anni - Purchased After 30 Days
Z1AE-MC94XX-3C00;Zebra OneCare Essential con copertura completa 3YW;"Contratto di servizio esteso parti e manodopera 3 anni carry-in - tempo di riparazione: 3 giorni lavorativi
per Zebra MC94"
Z1AE-MC33XX-3C00;3 YEAR(S) ZEBRA ONECARE ESSENTIAL;3 DAY TAT, PURCHASED WITHIN 30 DAYS, WITH COMPREHENSIVE COVERAGE.
YY-HUAMATESGRDE;Huawei Mate S 4G 32GB Grey;
YR8RK-RFB;Dell Memoria DIMM 8GB 2133MHz 2RX8 4G R H8PGN;
YMA-0427;Supporto snodabile in acciaio per Videoproiettore;
YKT0W;"Dell 900GB HDD 15K RPM 2.5"" SAS";Non Encrypted, SAS, 512b, 32MB, AL14S, Enterprise Class
Y8A16EA;HP 450 I57200U 8GB 256 WIN10 PRO;
Y5P88EA;HP 280 G2 SMALL FORM FACTOR PC;
Y3Y80ET-R;HP Z240 I7-7700 8GB 256 WIN10 PROF;
Y3Y80ET;HP Z240 I7-7700 8GB 256 WIN10 PROF;
Y3F34AV-7033-R;HP ProDesk 600 G3 i5 7500 Small Form Factor PC;Refurbished
Y3F34AV-41081756-R;HP ProDesk 600 G3 i5 7500 Small Form Factor PC;Refurbished
Y3F34AV-40538936;HP ProDesk 600 G3 SFF PC I 7500 7Gen Core i5-4C;
Y1G17A;HP Piedistallo per HP Color LJ Managed MFP;
Y0S18A;HP Stampante OFFICEJET PRO 7720;Stampante Ink-Jet Multifunzione A3 A4 - 1200x1200dpi - Scheda di rete Ethernet
XZR101UA;Hamlet Lettore Memory Card SD + MICRO SD;Hamlet Lettore di schede (SD, microSD, SDHC, microSDHC, SDXC, microSDXC) USB 2.0
XXMTPOM4#30962;FS Fibra precablata e certificata MTP-12 200M;Cavo Trunk, 8 Fibre, Multimodale (OM4), Tubo a Treccia, Magenta. OFPN. Connettore tipo A
XVCDP-DP18;Hamlet Cavo DP Displayport 20 pin M/M 1.8M;Risoluzioni video fino a 5K (5120 x 2880) 60 fps 8 bit colore
XV3-8X00A00-EU1;Cambium TRI-RADIO WIFI 6 INDOOR (FCC) SDR 802.11AX;
XV2-2X00B00-EU;Cambium AP Dual-Radio Wi-Fi 6 Indoor 2X2 WLAN;2.5GBE, EU
XV2-2X00A00-EU;Cambium Dual-Radio Wi-Fi 6 Indoor (ETSI) 802.11ax;2x2, EU,
XV2-2T0XA00-EU;Cambium Outdoor Dual Radio Wi-Fi 6 Omni 2x2 AP;2.5GbE, 30V/48V out, BLE. EU
XV2-23T0A00-EU;Cambium AP Dual-Radio Wi-Fi 6 Outdoor Omni2x2 GbE;
XV2-22H0A00-EU;Cambium AP Wall Plate Dual Radio Wi-Fi 6;WiFi 6 AP, 2x2, 3 x GbE, 48V Poe out, BLE/Zigbee. EU
XV2-21X0B00-EU;Cambium Wi-Fi 6 Indoor Enterprise Wireless AP;Access Point (AP)
XV2-21X0A00-EU;Cambium Access Point Indoor Wi-Fi 6 dual-radio;2X2, GBE, EU
XS+DA0001;MikroTik-- SFP/SFP+/SFP28 direct attach cable, 1m;
XS+31LC10D;MikroTik SFP/SFP+/SFP28 module 1/10/25G Single Mod;Modulo transceiver di rete Fibra ottica 25000 Mbit/s SFP28 1310 nm - Velocità massima di trasmissione dati di 25000 Mbit/s
XQ+BC0003-XS+;MikroTik SQSFP28 to 4xSFP28 break-out cable 3M;Cavo (100G to 4x25G) lunghezza 3m
XNBTLOCK20K;HAMLET Cavo Sicurezza 200cm con Piastra Metallo 3M;Lucchetto con chiave in acciaio rinforzato - Piastra adesiva 3M - Colore Nero
XMG-105HP-EU0101F;Zyxel Switch XMG-100 unmanaged 5 porte PoE++;Switch  5porte x 100/1000/2.5G (PoE++) + 1 x Gigabit SFP/10 Gigabit SFP+
XLAMSPEC;FORNITURA N. 48 STAFFE INOX 20/10;
XL510AV-9347;HP Elite 8200 SFF;
XKPADUBK;TASTIERINO NUMERICO USB NERO;
XKKITA-MCBT;Hamlet Tastiera Italiana Bluetooth Windows/IOS;
XKKITA400CU;Hamlet Tastiera USB ITA Nera;Tastiera compatta tastierino numerico integrato accessibile con tasto funzione
XJ8LOZZ0-EI1EF;SYMC Protection engine for Cloud services 7.8 1y;
XJ8LOZF0-EI1EF;SYMC Protectnio engine for Cloud servicer 7.8 12m;
XI:XI-ENT-1Y;Nagios XI Enterprise License Add-on with 1Y Maint.;
XI:XI-200-MSP-1Y;Nagios XI 200-Node License, 1 Year Ticket Support;
XG-C100C/EU;ASUS Scheda Ethernet RJ45 10Gbit PCI-Express;
X7R61AT;PRO DISPLAY HP PRODISPLAY P223;
X7B04AA;HP Black Doha InEar Headset 150;
X51RL-AP064A;ASUS NOTEBOOK 15 4 CEL M540 1 GB  120 GB ATI X1100;
X3J09ET;800 G2 T I5-6500 8G 1TB W10 PRO;
X2F40EA;=>>HP 850 I76500U 16GB  512G WIN10P;
WTC-WOWUSER;Canone di Servizio WOW Utenti;
WTC-WOWSUITE;Canone di Servizio WOW Suite;
WTC-WOWSTOR;Canone Gestione Storico;
WTC-WOWOPP;Canone di servizio WOW Opportunità;
WTC-WOWMKT;Canone di servizio WOW Marketing;
WTC-WOWLINK;Canone di servizio WOW Link applicativo;
WTC-WOWHOME;Canone di servizio WOW Home;
WTC-WOWFORM;Canone di servizio WOW Formazione;
WTC-WOWDOC;Canone di Servizio WOW Documentazione;
WTC-WOWCOMM;Canone di servizio WOW Commesse;
WTC-WOWCC;Canone di servizio WOW Campagna Commerciale;
WTC-WINTEV001;Software Tentata Vendita;
WTC-WINLOG006;Inventario di magazzino da PDA;
WTC-WINLOG005;Movimenti di rettifica merce a magazzino;
WTC-WINLOG004;Gestione spedizioni - OdS - packin-list;
WTC-WINLOG003;Movimentazione rapida merce a magazzino;
WTC-WINLOG002;Piano di carico - carico merce a magazzino;
WTC-WINLOG001;Modulo base eSOLVER gestione dati da PDA;
WTC-WIMSSER_;Canone Servizio WIMS SERVER;
WTC-SW48POEL3;Servizio Switch 48 porte POE Layer 3;
WTC-SW48POEL2;Servizio Switch 48 porte POE Layer 2;
WTC-SW48L3;Servizio Switch 48 porte Layer 3;
WTC-SW48L2;Servizio Switch 48 porte Layer 2;
WTC-SW24POEL3;Servizio Switch 24 porte POE Layer 3;
WTC-SW24POEL2;Servizio Switch 24 porte POE Layer 2;
WTC-SW24L3;Servizio Switch 24 porte Layer 3;
WTC-SW24L2;Servizio Switch 24 porte Layer 2;
WTC-STOCK;Canone servizio stock magazzino;
WTC-SIAV_FLUSSI;Siav - Flussi fatturaz. elettronica fino a n. xxxx;
WTC-SIAV_FIRMA;Siav - Firma automatica fino a n. xxxx firme;
WTC-SIAV_ESTERO;Siav - Flussi esterometro;
WTC-SIAV_CACONS;Siav - Conservazione Sostitutiva;
WTC-SERVESTESO365;Servizio Supporto Microsoft 365;
WTC-SERVBASE365;Servizio Base Office 365;
WTC-SERVBACKUP365;Servizio Backup Microsoft 365;
WTC-SERRESSAAS;Canone Assistenza SAAS c/o Cliente;
WTC-SERRESHW_;Canone Presidio di XX gg/mese c/o Vs. Sede;
WTC-SERESTWMS;Servizi e Manuntenzione Esterne WMS;
WTC-SERESTTAG;Tampografia badge Tag Magnetici;
WTC-SERESTSW;Servizi esterni Sviluppo Software;
WTC-SERESTSVI;Servizi esterni B.U. Sviluppo;
WTC-SERESTSIS;Servizi e Manutenzioni Esterne SISTEMI;
WTC-SERESTPRI;Giornata di Consulenza Audit Privacy;
WTC-SERESTHW-MSY;Servizi e Manutenzioni Esterne Hardware;
WTC-SERESTHW-LEN;Servizi e Manutenzioni Esterne Hardware;
WTC-SERESTHW;Servizi e Manutenzioni Esterne Hardware;
WTC-SEREST-EL3;Setup Realizzazione Ambiente;
WTC-SEREST-EL2;Attività di Post Produzione;
WTC-SEREST-EL1;Registrazione Corsi e Riprese;
WTC-SERESTALB_;Servizi Esterni Albasoft GOLD;
WTC-SDWANLTE;Servizio Appliance SD-WAN + Modulo LTE;
WTC-SDWAN;Servizio Appliance SD-WAN;
WTC-PBXUSER;Canone Utenti aggiuntivi;
WTC-PBXPO;Canone Postazione Post Operatore;
WTC-PBXCL;Canone Postazione Cordless;
WTC-PBXBASIC;Canone Postazione Telefono Base;
WTC-PBXBASE;Canone Centralino Telefonico IP Base;(comprensivo di 10 utenti)
WTC-PBXATA;Canone Dispositivo di conversione; digitale analogico
WTC-PBXADVANCED;Canone Postazione Telefono Advanced;
WTC-OUT-VPN;VPN (pacchetto da 10 utenti concorrenziali);
WTC-OUT-SQL;Servizio Microsoft SQL Server Std Core (2 core);
WTC-OUT-RDS;Connessione Microsoft RDS per accesso remoto;
WTC-OUT-MPLS;Servizi rete geografica MPLS (raccolta);
WTC-OUT-MAINT-VM;Canone Manutenzione ordinaria VM;
WTC-OUT-MAINT-BKUP;Canone Manutenzione ordinaria Backup;
WTC-OUT-HELP-DESK-BASE;Gestione Servizi Outsourcing fino a 10 clienti;(Base)
WTC-OUT-HELP-DESK-AGG;Gestione Servizi Outsourcing + Help Desk;
WTC-OUT-HELP-DESK-2;Servizi di Help Desk 2°livello;
WTC-OUT-HELP-DESK;Servizi di Help Desk;
WTC-OUT-FIREWALL;Servizio Firewall Outsourcing;
WTC-OUT-DC;Servizi di Data Center;
WTC-OUT-BKUP-VM;Canone Backup ambiente in Outsourcing VM;
WTC-OUT-BKUP-STORAGE;Canone Backup ambiente in Outsourcing Storage;
WTC-OUT-BIG-FIX-ATT;Canone Endpoint Management Attività;
WTC-OUT-AVVHW;Servizi di Progettazione, Avviamento e Rollout;
WTC-NDR;Network Detection and Response;
WTC-LOGMAN_;Servizio Log Managment;
WTC-LIC_SISTEMI;Attività Commerciale Applicazioni;
WTC-ITCARE-SERVER;IT CARE - Gestione e Monitoraggio Server;
WTC-ITCARE-DEVICE;IT CARE - Gestione e Monitoraggio Device;
WTC-ITCARE-CLIENT;IT CARE - Gestione e Monitoraggio Client;
WTC-HELPDESK_CONS_C;Canone Annuale Servizio HelpDesk e Connettore;per conservazione
WTC-HELPDESK_CONS;Canone Annuale Servizio HelpDesk per conservazione;
WTC-FIREWALL_;Canone Annuo Totale Servizio Firewall per XX Accou;
WTC-EXPORTVM;Copia Infrastruttura Cliente Periodica;
WTC-ESO-WMS-MAR;Licenza Connettore WMS Marmi/eSolver;
WTC-ESO-WMS-ENO;Licenza Connettore WMS Enologia/eSolver;
WTC-ESO-WMS;Licenza Connettore WMS/eSolver;
WTC-ESO-MES-ORO;Licenza Connettore MES Oro/eSolver;
WTC-ESO-MES;Licenza Connettore MES/eSolver;
WTC-ESOBI-QMES;Licenza Esolver BI - QMES;
WTC-ESO-ASAR;Licenza Connettore ASAR/eSolver;
WTC-EPPA_;EndPoint Protection Advanced;
WTC-EDR;EndPoint Security Advanced;
WTC-DPSUITE;DSP Suite;
WTC-DOCSUITE;DOC Suite;
WTC-DISREC_;Canone Servizio di Disaster Recovery;
WTC-CONSUDOC;Canone Annuale Servizio Consulenza Documentale;
WTC-CONS-CONNET;Attivazione Connettore Wintech/Intesi;
WTC-CON-MODULA;Connettore Magazzini MODULA;
WTC-CLOUDSTOR;Servizio Cloud Storage;
WTC-CLOUD_;Canone Servizi in Cloud;
WTC-CASW_;Canone Manutenzione Software;
WTC-CAQV_;QLIK Canone Annuo di Manutenzione;
WTC-CAHW_;Canone Manutenzione Hardware;
WTC-CACONS;Canone Conservazione Sostitutiva Intesi;
WTC-BKUP;Canone Servizio di Backup;
WTC-BIG-FIX;Endpoint Management Licenza;
WTC-AP;Servizio Access Point WiFi6;
WTC-ANTISPAM_;Canone Annuo Totale Servizio Antispam per XX Accou;
WTC-AMSFILENET;Canone AMS Filenet;
WTC-AMSAPPWAY;Canone manutenzione sw Appway;
WTC_SERESTSVISW;Servizi esterni Sviluppo Software;
WTC_CPS;Contratto Printing Services;
WRT54GL-EU;LINKSYS ACCESS POINT/GATEWAY 54 M. LINUX;
WPN-RSB-42810-BS;WP RACK Rack Server Rsb 42u 800x1000 Smontato;"Armadio Rack 19"" - Altezza 2.055mm - Larghezza 800mm - Profondità 1.000mm"
WPN-PDU-C01-08;MULTIPRESA PER RACK 19 8 PRESE UNIVERSALI e C14;
WP836;Grandstream telefono Cordless WiFi Rugged;Cordless con Bluetooth
WP826;Grandstream Cordless Wi-Fi con Bluetooth;Telefono IP Wi-Fi cordless Dual-band Wi-Fi 6 - HD voice & dual MIC design - Batterie 3000mAh ricaricabili, 12-ore talk time, 240-ore standby Type C USB port (fast charging)
WP816;Grandstream WP816, Cordless Wi-Fi con Bluetooth;
WP810;Grandstream WP810 WIFI PHONE 2account SIP 802.11;
WOWZA-ENGINE;Engine Monthly License Subscription Recurring Fee;include Monthly Server Instances
WORDPRESS_LIC;WordPress Theme Club;
WONSTILET800;Meliconi STILET800 Supp. da Muro per TV da 50/65;
WNL150S1;1 Year Subscription Plan Renewal for WNL150SP1;"GSW Telnet Server 150 Sessions on 1 Server
Copertura dal 31/01/2022 al 31/01/2023"
WMS_PACKING;Licenza WMS Packing;
WMS_LAYOUT;Licenza WMS Layout;
WMS_DESKTOP;Licenza WMS Desktop;
WMS_BASE_E;Licenza WMS Base Engine;
WMS_APP;Licenza WMS App;
WL35-550BL14;"NEOMOUNTS staffa fissa parete TV VESA Max 65"" 60Kg";
WL30-750BL16;NEOMOUNTS Staffa di Supporto per Montaggio a Muro;"Max 86"" - 125 Kg"
WL30-550BL16;Neomounts staffa per TV (montaggio a muro);
WL30-550BL14;"NEOMOUNTS staffa fissa parete TV VESA Max65"" 60Kg";
WINTEC-HPDL380-01;HP Contratto Manutenzione HP DL380-01;
WIN-NS3-D;HP Contratto Manutenzione HW Data Center NS3;
WIN-ALL  DUE;HP Contratto manutenzione HW Data Center Trivenet;
WILDCARD5Y;SSLs PremiumSSL Wildcard 5 Y;
WILDCARD;PositiveSSL WildCard;
WGT85023-EU;WATCHGUARD FIREBOX T85-POE NFR HARDWARE (EU);
WGT80023-EU;WATCHGUARD FIREBOX T80 NFR HARDWARE (EU);
WGT70351;WatchG. Total Security Suite RW 1Y for Firebox T70;Copertura dal 09/10/2020 al 08/10/2021
WGT70331;WatchGuard Basic Security Suite Renewal;
WGT55673-WW;WatchGuard T55 Trade Up 3 Y Total Security Suite;
WGT47673-EU;WATCHGUARD TRADE UP PER FIREBOX T45-POE 3Y TSS;3 Years Total Security Suite & Trade-Up Promotion
WGT47413-EU;WATCHGUARD TRADE-UP PER FIREBOX T45-POE CON 3Y BAS;3 ANNI BASIC SECURITY SUITE
WGT41351;Watchguard Total Security Suite T40w;Renewal/Upgrade 1 Anno Per Firebox T40-W
WGT40351;WatchGuard FIREBOX T40 Total Security Suite;Renewal/Upgrade 1 Anno
WGT40341;WatchGuard Basic Security Suite Renewal/Upgrade;1 Anno per Firebox T40
WGT35351;WatchG. Total Security Suite Rw 1Y per Firebox T35;Copertura dal 08/10/2020 al 07/10/2021
WGT35331;WatchGuard Basic Security Suite Renewal 1-yr;for Firebox T35
WGT30331;WatchGuard Basic Security Suite Renewal 1Y per T30;
WGT25641;WatchGuard Firebox T25 Firewall 1Y Total Suite;con Total Security Suite
WGT20351;Watchguard Total Security Suite Rnw//Upg 1Y T20;
WGT20341;WATCHGUARD BASIC SECURITY PER FIREBOX T20;SUITE RENEWAL/UPGRADE 1 ANNO
WGT20201;WATCHGUARD STANDARD SUPPORT RENEWAL 1Y FIREBOX T20;
WGT15331;WatchGuard Basic Security Suite Rw 1-yr for T15;
WGT15201;WatchGuard Standard Sup Ren 1 Anno per Firebox T15;for Firebox T15
WGT125673;WatchGuard Firewall Firebox T125 3Y TSS;Firebox T125 con 3 Anni di Total Security Suite - Trade Up. Firewalldesktop compatto con SD-WAN e connettività 2.5 Gbps
WGT125413;WatchGuard Firebox T125 with 3YR Basic;
WGT125033;WatchGuard Firebox T125 3Y Basic Security Suite;
WGT116643;WatchGuard Firebox T115-W with 3-yr Total Security;
WGT10003-EU;WatchGuard Firebox T10-3anni Standard Support;
WGM30083-R;Competitive Trade In to WatchGuard Firebox M300 co;
WGGSPANVM50PERPBND2PREM3Y;Palo Alto Networks Perpetual Bundle;
WGGS-PAN-VM-50-PERP-BND2-;Palo Alto Networks Perpetual Bundle;WestconCare Partner Enabled Premium Supp
WGGS-PAN-SVC-PREM-PRA-25-;Palo Alto Partner enabled premium support;
WGGS-PAN-SVC-PREM-560-3YR;Westcon-Comstor Embedded Support 3Y;Westcon-Comstor Embedded Support (Parent) for Palo Alto Networks PA-560, Partner enabled premium support,
WGGS-PAN-SVC-PREM-540-3YR;Westcon-Comstor Embedded Support 3Y;Westcon-Comstor Embedded Support (Parent) for Palo Alto Networks PA-540, Partner enabled premium support,
WGGS-PAN-SVC-PREM-510;Westcon-Comstor Embedded Support (Parent) for Palo;Westcon-Comstor Embedded Support (Parent) for Palo Alto Networks PA-510, Partner enabled premium support
WGGS-PAN-SVC-PREM-450-R;Palo Alto PA-450 Partner enabled premium support;1 Year (12 months) term renewal
WGGS-PAN-SVC-PREM-450-3YR;Palo Alto PA-450 Partner enabled premium support;
WGGS-PAN-SVC-PREM-440-R;Palo Alto PA-440 Partner enabled premium support;
WGGS-PAN-SVC-PREM-440-5YR;PaloAlto PA-440 Partner enabled premium support 5Y;
WGGS-PAN-SVC-PREM-440-3YR;Support EMB SVC-PREM-440-3 years;
WGGS-PAN-SVC-PREM-440;Palo Alto enabled premium support;
WGGS-PAN-SVC-PREM-410-R;Palo Alto PA-410 Partner enabled premium support;
WGGS-PAN-SVC-PREM-410-3YR;Palo Alto PA-410 Partner enabled premium supp. 3Y;
WGGS-PAN-SVC-PREM-410;Palo Alto Support EMB SVC-PREM-410 1-year PA-410;Westcon-Comstor Embedded Support (Parent) for Palo Alto Networks PA-410, Partner enabled premium support, 1 year (12 months), term.
WGGS-PAN-SVC-PREM-220-R;PALO ALTO Partner enabled premium support renewal;
WGGS-PAN-SVC-PREM-1410-3Y;PA-1410, Partner enabled premium support;
WGATH30203;WATCHGUARD AuthPoint MFA 3Y da 51 a 100 Utenti;Renewal/Subscription for 51 to 100 Users
WGATH30103;WatchGuard AuthPoint 1-50 Utenti 3 Anni;subscription license (3 years)
WGAEPDR30101;Watchguard Advanced Epdr Da 1 A 50 Licenze;
WG022051-R;WATCHGUARD Firewall XTM22 + 1 Anno Live Security;
WG022051;WATCHGUARD Firewall XTM22 + 1 Anno Live Security;
WG019322;WATCHGUARD XTM 26 Security SwSuite 1Yr Rinnovo;
WEBS100.05;STUDIO DocumentiWEBDipendenti1000anagrMultiditta;
WEBS0150.01;STUDIO/web - Documenti Ditta;Fino a 150 clienti
WEBS005.01;STUDIO/web - Documenti Ditta fino a 5 clienti;
WEBA010.03;DOCUMENTI/web - Archiviazione;Fino a 100 documenti/mese - 20 MB/mese
WDBYVG0020BBK-WESN;W.D. MY PASSPORT 2TB BLACK USB 3.0;
WDBYVG0020BBK;Western Digital My Passport, 2000 GB, 3.2 Gen 1;"(3.1 Gen 1), esterno, 2.5"", nero"
WDBYVG0010BBK;Western Digital HDD esterno My Passport 1TB USB3.2;HDD esterno (portatile) USB 3.2 Gen 1 - 3 anni di garanzia
WDBYFT0040BBK;WESTERN DIGITAL MY PASSPORT 4TB BLACK USB 3.0;
WDBWLG0100HBK;"WD Elements Desktop HDD 10TB ESTERNO 3,5"" USB 3.0";
WDBWLG0080HBK-EESN;"WESTERN DIGITAL HD esterno 8Tb 3,5"" USB3.0 7200rpm";Garanzia 24 mesi
WDBWLG0040HBK-EESN;WD 4TB USB 3.0 HDD esterno;Velocità di trasmissione : 480 Mbit/s Interfaccia : USB 3.0 Formato : 3,500 '' Velocità di rotazione : 7.200 rpm Buffer : 8 MB Colore primario : Nero
WDBWLG0020HBK;WESTERN DIGITAL ElementsDesktop2Tb USB 3.0;
WDBUZG0010BBK-WESN;WD Elements Portable HD 1TB;
WDBUZG0010BBKNW;WESTERN DIGITAL ELEMENTS PORTABLE 1TB BLACK;
WDBU6Y0040BBK;"Western Digital WD Elements 2.5"" 4 TB Nero USB 3.0";
WDBU6Y0020BBKNW;WESTERN DIGITAL ELEMENTS PORTABLE 2TB BLACK;HDD esterno (portatile) Capacità 2TB - Interfaccia USB 3.0
WDBGLG0010HBK;W.D. Hard Disk esterno MY BOOK AV-TV 1TB;
WDBFJK0040HBK;WESTERN DIGITAL MY BOOK 4TB;
WDBBGB0030HBK;WD My Book HDD - 3 TB - USB 3.0;
WD80EFZZ;"WD RED HDD 3.5"" 8TB SATA3 NAS 128MB (DK)3Y";
WD80EFPX;"Western Digital Red Plus NAS 8TB HDD 3.5""";"Hard Disk Drive 8TB interno 3.5"" SATA 6Gb/s 5640 rpm buffer 256 MB"
WD8005FRYZ;"WESTERN DIGITAL HDD GOLD 8TB SATA 3.5"" 7200rpm";
WD8005FFBX;"Western Digital Red Pro 8TB 3.5"" SATA 256MB";"HDD 8TB 3.5"" SATA 6Gb/s 7200rpm - 5 anni di garanzia"
WD8003FFBX;WD HDD Desk Red Pro 8TB 3.5 SATA 256MB;
WD60EFRX;HDD 3.5P 6TB 64MB SATA3 NAS (DK) - WD RED -;
WD60EFPX;"Western Digital HDD 3.5"" 6TB SATA6 NAS WD RED Plus";"WD Red Plus HDD interno NAS - Capacità 6TB SATA 6Gb/s 5400 rpm	 - 3 anni di garanzia"
WD60EFAX;Western Digital HDD Red NAS 6TB SATA 6Gb/s;
WD6002FFWX;HDD 3.5P 6TB 128MB SATA3 NAS (DK) WD RED;
WD40EFPX;"WESTERN DIGITAL RED PLUS 4TB 3.5"" 5400RPM SATA3";"HDD interno Capacità 4TB 3.5"" - Dimensione buffer 256 MB - Tecnologia NASware, funzionamento continuativo 24x7 - 3 anni di garanzia"
WD4005FFBX;"WESTERN DIGITAL RED PRO HDD 4TB 3.5"" 7200rpm";HDD 4TB SATA 6Gb/s 7200rpm - 5 anni di garanzia
WD4003FRYZ;"WESTERN DIGITAL HDD GOLD 4TB SATA 3.5""  7200rpm";
WD4003FFBX;"WESTERN DIGITAL RED PRO HDD 4TB 3.5"" 256GB(DK)";HDD 4TB SATA 6Gb/s 7200rpm - 5 anni di garanzia
WD4002FFWX-DT-R;WD RED PRO HDD 4TB 3 5 (DK);
WD3000FYYZ-RFB;"Western Digital HDD RE 3TB 3.5"" SATA 6Gbs 64MB";
WD20EZRX;WD HDD 3.5P 2TB SATA3 INTEL 64MB (DESKTOP);
WD20EFRX;WD HDD 3.5'' 2Tb Intel 64Mb SATA3 NAS Desktop;
WD2002FFSX;HDD 3.5P 2TB 7200 giri 64MB SATA3 NAS (DK);
WD10SPZX;WD Blue HD 1TB 2.5áSATA 5,4rpm int.;
WCMTB-T27B6ABC2-A6;Zebra TC27 SE4710 6GB/64GB Wi-Fi 5G BluetoothUSB-C;Dispositivo portatile per la raccolta dati, 2D, imager (SE4710), dimensioni dello schermo: 15,2 cm (6''), capacitivo proiettato, 2160 x 1080 pixel, 2 pin, slot micro SD, fotocamera (16 MP), fotocamera frontale (5 MP), luminosità 450 cd, USB-C, Bluetooth, Wi-Fi (Wi-Fi 6), eSIM, 5G, NFC, Qualcomm Octa Core, 2,1 GHz, RAM: 6 GB, Flash: 64 GB, sistema operativo: Android, incl.: Google Mobile Services, batteria, 3800 mAh, classe di protezione: IP65, IP68, nero
WBEXTWAR3YR-SP-03;APC  Estensione di Garanzia Service Pack 3Yr;
WBEXTWAR1YRSP04;APC Service Pack 1 Year Extended Warranty;
WAP610N-EU;LINKSYS By Cisco Access Point Wireless N Dual Band;
W9223MC;HP Toner giallo con durata di 20k pagine;
W9222MC;HP Toner magenta con durata di 20k pagine;
W9221MC;HP Toner ciano con durata di 20k pagine;
W9220MC;HP Toner nero con durata di 25k pagine;
W9215MC-Y;HP Tamburo giallo con durata di 135k pagine;
W9215MC-M;HP Tamburo magenta con durata di 135k pagine;
W9215MC-C;HP Tamburo ciano con durata di 135k pagine;
W9215MC-BK;HP Tamburo nero con durata di 135k pagine Black;
W9173MC;HP Toner magenta con durata di 45k pagine;Managed LaserJet Toner Cartridge
W9172MC;HP Toner giallo con durata di 45k pagine;Managed LaserJet Toner Cartridge
W9171MC;HP Toner ciano con durata di 45k pagine;Managed LaserJet Toner Cartridge
W9170MC;HP Toner nero con durata di 50k pagine;Managed LaserJet Toner Cartridge
W9063MC;TONER Magenta 16kPgg Per Hp Color Laserjet;
W9062MC;TONER Giallo 16kPgg Per Hp Color Laserjet;
W9061MC;TONER Ciano 16kPgg Per Hp Color Laserjet;
W9060MC;TONER Nero 16kPgg Per Hp Color Laserjet;
W9048MC;HP Vaschetta Recupero Toner durata di 33,7k pgg;Toner/HP A3 Managed LJ Waste Container
W9025MC;HP Toner nero con durata di 33k pagine;
W9007MC;HP Laserjet Managed Toner Unit A3;HP Managed LJ Waste Container
W8Z-00005;Microsoft Surface PS 65W Surface Pro/Laptop NE;Alimentatore esterno 1 x USB 4 pin Tipo A
W68793;Adattatore Hdmi Maschio a Vga Femmina Con Audio;Risoluzione Full HD di 1080p (60 Hz) - Converte il segnale di ingresso HDMI in segnale VGA analogico
W2Z53B;HP PAGEWIDE PRO 477DWT CASSETTO;
W2Q00AA;HP Z5000 BLUETOOTH MOUSE DARK;
W2120-BKK1;DATALOGIC Quickscan Lite Kit Scanner Blck Usb Cabl;Omnidirezionale - 1D - 400 scan/s
W1490A;Cartuccia toner HP 149A - 2900 pages;
W1390X;HP Toner Originale LaserJet 139X;Cartuccia toner (W1390X) per LaserJet Pro 3001, 3002, 3003, 3004, M309, MFP 3101, MFP 3102, MFP 3103, MFP 3104
W1350A;HP 135A nero-originale-LaserJet cartuccia toner;1100pag
W128317126;Lanview RAO400BL Pannello Di Gestione Cavi;"1U 19"" Con Copertura Scorrevole Nero - Fissaggio al mobile senza l'uso di un attrezzi"
W127115111;Dell HDD 4TB 7.2K 12G 3.5 INCH SAS HDD;
W126053170;Raspberry Pi 4 Model B 4GB board 256Gb 32GB;
VWMAINT-HP;HP Contratto Manutenzione VMWARE;
V-VBRPLS-VS-P01AR-00;VEEAMBackup&ReplEnterPlusForVMware1YMaintRn;
V-VBO365-0U-SU1YP-00;Veeam Backup for Microsoft 365. 1 Year Subscriptio;
V-VBO365-0U-SU1AR-00;Veeam Backup for Microsoft 365 1 Year Renewal Subs;
VSWG-100-U250Y1-EXT;BlueCoat Renewal Secure Web Gateway Virtual;
VSTA-100-3Y;Sangfor software Including 1Gbs throughput perfor;
VSPP-360-RENT-3;VMware VSPP Monthly rental Minumum 360 pts;
VSPP-360-1 RENT-3;VMware VSPP 360 Monthly Rental overage charges;
VSPP-3600-RENT-3;VMware VSPP Monthly rental Minumum 3600 pts;
VSPP-3600-1 RENT-3;VMware VSPP 3600 Monthly Rental overage charge;
VSPP-1800-RENT-3;VMware VSPP Monthly rental Minumum 1800 pts;
VSPP-1800-1 RENT-3;VMware VSPP 1800 Monthly Rental overage charges;
VS8-STD-SK-TLSS-5Y-C;VMware vSphere Standard 8 5Y;
VS8-STD-SK-TLSS-1Y-C;VMware vSphere Standard minimum 16 Core 1Y;"includes vSphere Standard and vCenter Standard.
VMware vSphere Standard includes Production Support and is licensed Per Core with a minimum of 16 Cores per CPU required."
VS8-ESSL-SUB-C;VMware Subscription only for VMware vSphere8 kit1Y;Max 2 processors per host
VS8-ESSL-KIT-C;VMware vSphere 8 Essentials Kit for 3 host;Max 2 processors per host
VS7-EPL-G-SSS-C;Basic Supp. Coverage VMware vSph. 7 Enterp.;"Plus for 1 proc.
Copertura dal 03/06/2021 al 02/06/2022
Instance 188659370"
VS6-ESSL-SUB-C;WMWARE Subscription Only For VMWARE Vsphere 6;
VS6-ESSL-KIT-C;VMWARE VSPHERE 6 ESSENTIALS KIT FOR 3 HOSTS;
VS6-ESSL-3SUB-C;SUB  FOR VMWARE VSPHERE 6 ESSENTIALS KIT FOR 3Y;
VRTCMB;FS Mounting Bracket for Vertical Cable Manager 4Pz;"Cold-rolled Steel 3.6"" Width EIA Rack #186927"
VOG1814130;"QUICK TVM1413 Staffa inclinabile TV da 32 a 65""";Staffa per Montaggio a Muro Peso massimo per schermo 25kg
VIDEO-TIME-PRO;Video Time Pro Dual Site Moodle 1Y;
VGP-PRTZ1;DOCKING STATION X SERIE TZ;
VFTD100-3Y;Sangfor Cyber Command file threat detection;
VFM-W6X4T;VISION Heavy Duty Tilting Display Wall Mount;
V-FDNVUL-1I-MU1AR-00;Veeam Data Platform Foundation Subs Universal 1Y;Veeam Data Platform Foundation Subscription Universal License. Includes Enterprise Plus Edition features. 1 Year Renewal Subscription Upfront Billing & Production (24/7) Support.
V-FDNVUL-12-BE1AR-1S;Veeam Data Platform Foundation Universal Lic. 1Y;Includes Enterprise Plus Edition features. - 1 Year Renewal Subscription Upfront Billing & Production (24/7) Support. 12 Instance pack.
V-FDNVUL-0I-SU1AR-00;Veeam Data Platform Foundation Universal Sub Lic;Includes Enterprise Plus Edition features. 1 Year Renewal Subscription Upfront Billing & Production (24/7) Support. 10 instance pack.
V-FDNSTD-VS-PB3AR-00;Veeam Data Platform Foundation Standard RNW 3Y;3 years of Basic maintenance renewal
V-FDNSTD-VS-PB1AR-00;Veeam Data Platform Foundation Standard renewal 1Y;1 year of Basic maintenance renewal Veeam Data Platform Foundation Standard.
V-ESSVUL-6S-BS1MG-50;Express Migration Veeam Backup Essentials STD;6 socket to Veeam Data Platform Essentials Universal 50 instance License. Includes Enterprise Plus Edition features. 1 year with Production Support.
V-ESSVUL-6S-BS1MG-30;VEEAM Express Migration from Veeam Data;Express Migration from Veeam Data Platform Essentials Standard 6 socket to Veeam Data Platform Essentials Universal 30 instance License. Includes Enterprise Plus Edition features. 1 year with Production Support.
V-ESSVUL-50-BS1AA-6S;Veeam Data Platform Essentials Univ.Sub.License;Includes Enterprise Plus Edition features. 1 Year Renewal Subscription Upfront Billing & Production(24/7) Support. 50 instance pack.
V-ESSVUL-4S-BE1MG-40;VEEAM Express Migration 4 socket Data Platform;Express Migration from Veeam Data Platform Essentials Enterprise 4 socket to Veeam Data Platform Essentials Universal 40 instance License. Includes Enterprise Plus Edition features. 1 Year with Production Support.
V-ESSVUL-2S-BS1MG-20;Veeam Express Migration from Backup Essentials Std;2 socket to Veeam Backup Essentials Universal Includes Enterprise Plus Edition features. 1 year with Production Support. 20 instance pack.
V-ESSVUL-2S-BS1MG-10;Veeam Express Migration from Backup Essentials Std;"2 socket to Veeam Backup Essentials Universal 10 instance License.
Includes Enterprise Plus Edition features.  - 1 year with Production Support."
V-ESSVUL-20-BS1AA-2S;Veeam Data Platform Ess. Universal Sub. Lic;Includes Enterprise Plus Edition features.  - 1 Year Renewal Subscription Upfront Billing & Production (24/7) Support. 20 instance pack.
V-ESSVUL-1I-MU1AR-00;Veeam Data Platform Essentials Universal Sub Lic;Includes Enterprise Plus Edition features. 1 Year Renewal Subscription Upfront Billing & Production (24/7) Support.
V-ESSVUL-10-BS2AR-2S;Veeam Backup Essentials Universal Subscription Lic;
V-ESSVUL-10-BS1AR-2S;Veeam Backup Essentials Universal Subscription Lic;
V-ESSVUL-10-BS1AA-2S;Veeam Data Platform Essentials Universal Sub Lic;Includes Enterprise Plus Edition features.  - 1 Year Renewal Subscription Upfront Billing & Production (24/7) Support.
V-ESSVUL-0I-SUMGR-SM;Socket migration to Veeam Data Platform Essentials;Socket migration to Veeam Data Platform Essentials Subscription Universal License. Includes Enterprise Plus Edition features. 1 Year with Production(24/7) Support 5 Instance pack.
V-ESSVUL-0I-SU3AR-00;Veeam Backup Essentials Universal Subscription Lic;
V-ESSVUL-0I-SU1YP-P5;Veeam Backup Essentials Universal Subscription 1Y;Includes Enterprise Plus Edition features. 1 Year Subscription Upfront Billing & Production (24/7)
V-ESSVUL-0I-SU1YP-E1;Veeam Backup Essentials Universal 5VM 1Y supporto;"Veeam Backup Essentials Universal  Includes Enterprise Plus Edition features. 
1 Year Subscription Upfront Billing & Production (24/7) Support"
V-ESSVUL-0I-SU1YP-00;Veeam Backup Essentials Universal Subscription 1Y;Veeam Backup Essentials Universal Subscription License. Includes Enterprise Plus Edition features. 1 Year Subscription Upfront Billing & Production (24/7) Support.
V-ESSVUL-0I-SU1MR-00;Veeam Data Platform Ess. Univ.Sub.Lic. Monthly;Veeam Data Platform Essentials Universal Subscription License. Includes Enterprise Plus Edition features. Subscription Upfront Billing & Production (24/7) Support - Renewal Monthly Coterm.
V-ESSVUL-0I-SU1MP-00;Veeam Data Platform Essentials Universal;Veeam Data Platform Essentials Universal Subscription License. Includes Enterprise Plus Edition features. Subscription Upfront Billing & Production (24/7) Support - Monthly Coterm.
V-ESSVUL-0I-SU1AR-00;Veeam Data Platform Essentials Univ.Sub.License;Includes Enterprise Plus Edition features. 1 Year Renewal Subscription Upfront Billing & Production (24/7) Support  - Licensed Unit (+term) 5 Instances
V-ESSSTD-VS-PB1AR-00;VEEAM Essentials Standard 1Y of Basic maintenance;1 year of Basic maintenance prepaid for Veeam Data Platform Essentials Standard. For customers who own Veeam Data Platform Essentials Standard, Basic Support socket licensing prior to July 1st, 2022.
V-ESSSTD-VS-P0ARW-00;Veeam Backup Essentials Standard 2 socket bundle;
V-ESSSTD-VS-P0ARE-00;VeeamBackupEssStd2sockforVM1YRenMaintExpired;
V-ESSSTD-VS-P02YP-00;VEEAM 2 add.Yr of maint Backup Essentials Std;
V-ESSSTD-VS-P01MR-00;VEEAM1MonthBasicMaintBackupEssStd2socketbdleforVM;
V-ESSSTD-VS-P0000-00;VEEM Backup Essentials Standard 2 skt bundle VM;
V-ESSSTD-0S-SUBMG-1Y;Veeam Product Migration Veeam Data Platform Ess.St;Product Migration from Veeam Data Platform Essentials Standard Socket-Based with Basic Support to Veeam Subscription Universal License 1 Year
V-ESSPLS-VS-PB3AR-00;3 additional years of Basic maintenance for Veeam;3 additional Years of Basic maintenance prepaid for Enterprise Plus.
V-ESSENT-VS-PB1AR-00;Basic maintenance prepaid for Veeam Data Platform;1yr
V-ESSENT-VS-P02YP-00;VEEAM Maintenance 2 anni aggiuntivi Ent 2 skt;
V-ESSENT-VS-P01YP-00;Veeam Back.Ess.Enterp. x VMware Add.Maint. 1Y 2 So;
V-ESSENT-VS-P01MR-00;Veeam  Monthly Basic Maintenance Renewal;
V-ESSENT-VS-P01AR-00;VEEAMBackupEssentialsEnterpr2socketbundleforVMware;
VCNT400-4GB-SB;PNY Scheda grafica NVIDIA T400 4GB GDDR6;Scheda grafica profilo basso PCI Express 3.0 x16 - Uscite 3 x Mini DisplayPort - Supporto API: Shader Model 5.1, OpenGL 4.5, DirectX 12, DirectCompute 5.0, OpenCL
VCF-VSP-STD-8;VMware vSphere Standard 8 1Y;
VCC-100-3Y;Sangfor Base software;Including full flow analysis Asset management
V-ADVENT-VS-PB1AR-00;VEEAM 1Y Basic maintenance renewal for Veeam;1 Year of Basic maintenance renewal for Veeam Data Platform Advanced Enterprise
V1B10EA;HP 850 I76500U 16GB512MBWI7-10PR;
V12H001K69;EPSON  Astuccio portatile per proiettori;
V11HA30040;Epson Proiettore 3LCD EB-L520U 5200 lumen WUXGA;Videoproiettore 3LCD 1080p - Rapporto di contrasto 2500000:1 (dinamico) - WUXGA (1920 x 1200) - Altoparlante integrato
V10800KC;UPS MOD. EK800 LCD-USB N/S;
UUSBHAUB3M;StarTech.com USB A a Micro B M/M 3 m;"USB (M) a Micro-USB Tipo B (M) USB 2.0                   
Colore Nero"
UTP601S;MicroConnect U/UTP CAT6 1M Black LSZH;
USW-PRO-MAX-24-POE-EU;Ubiquiti Switch Ethernet Layer 3 UniFi 24 Porte;8x 2.5 GbE PoE++ ports, 16x GbE PoE+ ports, 2x 10G SFP+ ports - fanlesss (400W total)
USW-PRO-MAX-16-POE-EU;Ubiquiti Switch Ethernet Layer 3 UniFi 16 Porte;"4 Porte RJ45 da 2,5 GbE
12 Porte RJ45 GbE
2 Porte 10G SFP+
180W totali erogati tramite porte PoE
Montaggio versatile su desktop, parete e rack
Sistema di raffreddamento silenzioso e senza ventole"
USW-PRO-8-POE-EU;Ubiquiti Switch Ethernet Layer 3 UniFi 8 Porte;"
UniFi 8 Port Layer 3 switch with 6x GbE PoE+ ports, x2 GbE PoE++ ports, 2x 10G SFP+ ports, 120W total PoE availability
Predisposizione per il backup dell'alimentazione CC
Layer 3 switch
Raffreddamento quasi silenzioso"
USW-PRO-24-POE-EU;Ubiquiti Switch Ethernet Layer 3 UniFi 24 Porte;"16 porte GbE PoE+, (8) GbE PoE++
2 porte SFP+ 10G
Disponibilità PoE totale di 400 W
Predisposizione per il backup dell'alimentazione CC
Layer 3 switch
Raffreddamento quasi silenzioso"
USB-RJ45C#170189;FS 2m USB M to RJ45 M Console Cable Blue;
USB-RJ45C;FS 2m USB M to RJ45 M Console Cable Blue;#170189
USBLT2MW;StarTech.com Cavo da USB a Lightning da 2 m;Cavo Lightning maschio a USB maschio - Certificato Apple MFi -  Colore Bianco
USBCUSBCBK;CELLY Cavo 60W USB-C to USB-C Cable 1M NERO;
USBC-RJ45C#179227;7ft (2m) USB C (Maschio) a RJ45 (Maschio) Cavo Con;7ft (2m) USB C (Maschio) a RJ45 (Maschio) Cavo Console, Blu
USBC-RJ45C;FS USB C (Maschio) a RJ45 (Maschio) Cavo Console;#179227 Cavo Console Blu
USBCHDMICDP2HD4;StarTech Adattatore USB-C Maschio a HDMI Femmina;StarTech.com Adattatore video USB-C a HDMI M/F Ultra HD 4K Adattatore video USB-C maschio a HDMI femmina - 14.7 cm Colore Nero - supporta 4K 30 Hz (3840 x 2160)
USBBT1EDR4;Startech.com Adattatore Mini USB Bluetooth 4.0;Dongle wireless EDR classe 1 da 50 m
USB3SDOCKHD;StarTech.com Docking station Universale USB 3.0;per laptop DVI HDMI - Alimentatore esterno - 3 anni di garanzia
USB3CAUB1M;StarTech.com Cavo USB 3.0 da A a Micro B 1M;Cavo USB SuperSpeed da Micro USB tipo B (M) a USB Tipo A (M) USB 3.0 1 metro Nero
USB2HABM2M;StarTech.com Cavo mini USB 2.0 A to B 2M Nero;Cavo adattatore da USB Maschio a mini-USB Type B Maschio
USB2CC2M;StarTech Cavo USB-C 2M M/M Black;
USB2AC2M;StarTech Cavo USB-C a USB-A M/M 2m USB 2.0 nero;
USB2AC1M;StarTech.com Cavo USB 2.0 USB-A a USB type-C 1M;Cavo USB 2.0 da USB-A a USB-C type-C da 1 Metro M/M
US00374;HP MONITOR LCD 24HP LA2405wg;
US00363;HP Elite 8300 USFF;
US00362;HP ProBook 6570p i5 3230M 16GB ram 240Gb ssd W10;
US00309;HP MONITOR LCD 24HP LA2405x;
UP500BK;Celly Auricolari con filo Stereo Wired Earphones;Intrauricolari 1x Jack 3,5mm con Tasto di risposta - Garanzia 24 mesi
UMC-GA1F1T#104627;Mini Media Converter 1x 10/100/1000Base-T RJ45 EU;1x 10/100/1000Base-T RJ45 a 1x 1000Base-X SFP Slot Mini Convertitore di Media Gigabit Ethernet Non Gestito, Standard Plug Europeo
UMC-GA1F1T;Mini Media Converter 1x 10/100/1000Base-T RJ45 EU;
UMC-1S1T-R;Mini Convertitore Unmanaged di Media Ethernet 10Gb;1x 100M/1G/2.5G/5G/10GBase-T RJ45 a 1x 10GBase-X SFP+ Slot, Spina Europea Standard   -   #141488
UM946E;HP Care Pack Pick-Up and Return Service 3Y;"Contratto di assistenza esteso parti e manodopera 3 anni per ENVY Laptop 13, 14, 15, 16, 17; ENVY x360 Laptop; Pavilion Laptop 13; Pavilion x360 Laptop"
UM.HB7EE.605;"ACER Monitor 27"" IPS FULL HD Webcam Integrata";"Monitor 27"" 1920x1080px Regolabile in altezza - Tempo di risposta 4ms - Pannello IPS (In-Plane-Switching) - Webcam Integrata- Garanzia 36 mesi"
UM.HB2EE.303;"ACER Monitor Cb272d3bmiprcx 27"" Full HD 3YW";"Monitor  27"" 1920x1080px Regolabile in Altezza - Alimentatore Interno - Tempo di risposta 4ms - Pannello IPS (In-Plane Switching) - Garanzia 36 mesi"
UL658E;HP 4y NextBusDay Onsite/DMR NB Only SVC;
UL653E;HP 3 anni Trvl Nxt Business Day OS HW Supp;
UL388A-R;HP CarePack 3Yr OnSite NBD Laserjet CP2025;
UL110E;Service Assembly Service;
UK932E;HP Estensione Garanzia 3 anni On-Site NBD per stam;
UK743E;HP Carepack 4Y Next Business Day Response Onsite;
UK727E;HP 2 anni Pickup & Return Notebook (Probook 4xx);
UK718E;HP Est. Gar. 5 anni On-Site  NBD;
UK716E;HP 4Y NEXT BUSINESS DAY ON SITE NB;
UK705PE;HP 1Y PW On Site NBD only SVC per Probook 4320s;
UK703E;HP 3Yr NBD OnSite Notebook Only Service;Contratto di assistenza esteso parti e manodopera 3 anni on-site tempo di risposta: NBD
UJ393E;HP 5 year NBD Advanced Exchange Docking Station;
UJ392E;HP 4y NBD Adv. Exch Docking Station SVC;
UJ0C8E;HP Care Pack 4 anni Onsite NBD con Telemetria;"Contratto di assistenza esteso parti e manodopera 4 anni on-site 9x5 tempo di risposta: NBD per Elite 800 G9; EliteDesk 8; EliteStudio 8"
UHF SMARTLABEL;Etichette SmartLabel 100x40;PPL trasparente+PPL Bianco Opaco - Adesivo Permanente - Confezionate In rotolo
UH758E;HP 4y Nbd Exch Cons Laserjet MFP-E SVC;
UH757E;HP 3 year Next Business Day Exchange for LaserJet;
UH700;TP-LINK Hub USB 3.0 con 7 Porte Nero;Adattatore 12V/2.5A
UH400TP;TP-Link UH400 Hub portatile con 4 porte USB 3.0;
UH400;TP-LINK Hub USB UH400 4 porte x SuperSpeed USB 3.0;
UH34 LITE DUAL TEAMS;Yealink Cuffia biauricolare con cavo;Microfono con cancellazione del rumore ed eliminazione passiva del rumore
UH262E;HP 3 ANNI  NBD ADVANCED EXCHANGE PER HP SCANJET G2;
UH253E;HP 3 Y NBD ADV EXC SCANJET G4010 E G4050;
UGREEN 20107;UGREEN Adattatore HDMI 4Kx2K F to F 2 pezzi;
UGREEN 10284;Ugreen 10284 Cavo HDMI a HDMI Nero/Arg 3m;
UGREEN 10140;UGREEN 10140 Cavo HDMI M F 4k 3D, 0.5. m Nero;
UG656PE-R;HP1YPostWarrnty PLDL380GInterv.in4H 13H/G 5Gsu7;
UG193E;HP 3 Anni Standard Exchange SV;
UG076E;HP 3 anni NBD Advanced Exchange (consumer) x  Phot;
UG075E-R;HP ESTENSIONE GARANZIA 3Y PER OFFICEJET;
UE85U8000FUXZT;"Samsung TV 85"" CRYSTAL UHD U8000F 4K Smart TV";Risoluzione 4K (3840x2160)
UE85U7000FUXZT;Samsung TV 85'' Crystal UHD U7000F 4K;"Smart tv Diagonale 85"" - Risoluzione 4K (3840x2160) - Formato VESA MIS-F (400x300mm) Garanzia 12 mesi"
UE75U8000FUXZT;"Samsung TV 75"" CRYSTAL UHD U8000F 4K Smart TV";Risoluzione 4K (3840x2160)
UE65DU7190UXZT;"Samsung TV 65"" 4K CRYSTAL UHD serie DU7190";Smart Tv Edge LED Risoluzione 4K (3840x2160)
UE65AU8070UXZT;"Samsung TV 65"" UHD 4K serie AU8070 2021";
UE55U8000FUXZT;"Samsung TV LCD 55"" Crystal UHD";"Smart TV 55"" Risoluzione 4K (3840x2160) Formato VESA: MIS-E (200x200mm)"
UE43CU7170UXZT;"SAMSUNG Smart TV 43"" UHD 4K serie CU7170 2023";"Smart tv Diagonale 43"" - Risoluzione 4K (3840x2160) - Formato VESA MIS-E (200x200mm) Garanzia END USER 24 mesi"
UE300C;TP-LINK ADATT.DI RETE DA USB-C 3.0 A GIGABIT ETH.;
UE300;TP-LINK ADATT.DI RETE DA USB 3.0 A GIGABIT ETH.;
UD0P5PE;HP Post Warranty 1 Anno Onsite NBD;per Zbook con garanzia 3 anni
UCTC1USBC20WWH;CELLY Caricabatterie Ultra Compact Wall Charger20W;USB-C - Colore Bianco - Garanzia 24 mesi
UCMRC-PRO;GrandStream RemoteConnect UCMRC Pro 100 utenti;
UCMRC-PLUS;Grandstream UCMRC-PLUS 50 utenti registrati 1Y;8 chiamate contemporanee - UCM Remote Connect
UCM6308;Grandstream Centralino fino a 3000 utenti;450 chiamate simultanee - 8 FXS e 8 FXO
UCM6304;Grandstream Centralino IP PBX fino a 2000 interni;
UCM6302A;Grandstream Centralino UCM6302A;
UCM6302;Grandstream Centralino VoIP UCM6302 IP PBX;Fino a 1000 utenti (150 chiamate simultanee) - 2 FXS e 2 FXO - 1 porta USB 3.0, 1x USB 2.0 e 1 scheda SD
UCM6301;Grandstream Centralino VoIP UCM6301 IP PBX;Fino a 500 utenti (75 chiamate simultanee) - 1 FXS e 1 FXO -  1x USB 2.0 e 1 scheda SD
UCM6300A;Grandstream Centralino IP PBX fino a 1500 interni;
UCK-G2-SSD;Ubiquiti UCK-G2-SSD UniFi Cloud Key;"
Ubiquiti - UCK-G2-SSD - UniFi Cloud Key, G2, with pre-installed 1TB SSD, Connect and power using PoE, Bluetooth for instant setup"
UCG-ULTRA-EU;Ubiquiti UniFi Cloud Gateway Ultra;Ubiquiti - UCG-ULTRA - UniFi compact multi-WAN UniFi Cloud Gateway with Quad-core ARM® Cortex®-A53 at 1.5 GHz, 3 GB DDR4, LAN x4 Gbe RJ45 ports, WAN x1 1/25 GbE RJ45 port, Manages 30+ UniFi Network devices and 300+ clients, 1 Gbps routing with IDS/IPS, Multi-WAN load balancing, USB-C powered (adapter included)
UC296E;HP Docking Station-3 Anni Exchange Service;
UB8P2E;HP Care Pack NBD Hardware DesignJet T1600 5Y;Contratto di assistenza esteso parti e manodopera (per 1 rullo) 5 anni on-site 9x5 tempo di risposta Next Business Day per DesignJet T1600
UB7E7E;HP Estensioni Garanzia Stampanti3y Nbd E50145 Mngd;
UB4R5E;HP 5Y NBD W/DMR CLJ MNGD MFP E7742X SVC;
UB0S8E;HP CarePack 4Y TRVL NBD NOTEBOOK HW SUPP;
UB0Q7E;HP CarePack 4Y Next Business Day Resp Onsite w/Def;
UB0E3PE;HP 1Y PW NEXTBUSDAY ONSITE NB ONLY SVC;
UA-INTERCOM-VIEWER-3;Ubiquiti Display that pairs with the Access;Intercom for visitor screening and remote access control, to mount in multiple locations throughout your building
UA-G2-SK-PRO;Ubiquiti G2 Starter Kit Professional;"n. 1 UniFi Access Door Hub; n.1 Access Reader G2 Professional; 
n. 1 Access Reader G2 for door exit or entrance for additional door; n.2 UniFi Access pocket key fob"
UA6H0E;HP Care Pack Next Business Day 4Y;
U9QS2PE;HP Electronic Care Pack NBD Hardware PW 1YW;"Contratto di assistenza esteso parti e manodopera 1 anno on-site 9x5 tempo di risposta: NBD - Defective Media Retention Post Warranty
per DesignJet T1700, T1700 PostScript"
U9QQ6E;HP 3Y Nbd+Dmr DesignJet T1700 1Roll HwSupp;
U9QE5AAE;HP 1Y DAAS PROACTMGMT STD SVC E-LTU;
U9PD2E;HP CarePack Printer 3Y ON SITE NBD + DMR;Estensione di garanzia stampanti Hp 3Y NBD w/dmr Laserjet Enterprise E650xx MNGD
U9BB1PE;HP Care Pack Next Business Day Post Warranty 1Y;"Contratto di assistenza esteso parti e manodopera 1 anno on-site 9x5 tempo di risposta: NextBusinessDay
per HP 240R G9, 245 G9, 24X G7, 24X G8, 250R G9, 25X G8, 34X G7; Laptop 340S G7; ProBook 11 G2"
U9BA7E;HP CarePack 3Y NEXT BUSINESS DAY ONLY;"Contratto di assistenza esteso parti e manodopera 3 anni on-site 9x5 tempo di risposta: NBD per HP 240R G9, 24X G10, 24X G8, 24X G9, 250 G3, 250 G5, 250 G8, 250R G10, 255 G7, 25X G9; x2"
U9BA4E;HP 3Y PICK UP RETURN NOTEBOOK;
U8TR4PE;HP 1Y Post Warranty NBD LaserJet M42X MFP HW Supp.;
U8TQ9E;HP 3Y NBD LASERJET M426 MFP HW;
U8PN0PE;HP CarePack PostWarranty NBD 1Y DesignJet T1530;
U8PM8E;HP 3Y NBD WITH DMR DESIGNJETT1530;
U8JA5E;HP 3Y NBD ML110 GEN9 FC SERVICE;
U8HS2E;HP CarePack Laserjet 3Y ON SITE NBD + DMR;Next Business Day / Defective Media Retention
U87CDE;HP Care Pack Premium Onsite 3Y NBD;"Contratto di assistenza esteso parti e manodopera 3 anni on-site 9x5 - Tempo di risposta NBD (giorno lavorativo successivo) 9 ore al giorno / 5 giorni a settimana - Per: HP 240R G9, 24X G10, 250R G9; Elite x360; EliteBook 1040 G11, 630 G11, 635, 64X G11, 66X G11, 83X G11, 84X G11, 86X G11; Engage Flex Pro-C G2; Fortis 11 G10, 14, 14 G11; Fortis x360; ProBook 44X G11, 46X G11, Fortis 14 G11; ZBook 16 G11, Power G10, Power G11, Studio G11; ZBook Firefly 14 G11, 16 G11"
U86DVE;HP Care Pack Premium Onsite Support 3YW;Contratto di assistenza esteso on-site 9x5 tempo di risposta NBD - Progettato per: per ProBook 440 G10, 440 G11, 445 G11, 460 G11, 465 G11
U86CZE;HP CarePack Premium+ Onsite 4Y;"Support with Telemetry and Travel Coverage on-site 9x5 tempo di risposta NBD - Progettato per: per Elite 805 G9; ZBook Power G11, Studio G11; ZBook Firefly 14 G11, 16 G11; ZBook Fury 16 G11"
U86CYE;HP CarePack Premium+ Onsite 3Y;"Support with Telemetry on-site 9x5 tempo di risposta NBD - Progettato per: ZBook 16 G11, Power G10, Power G11, Studio G11; ZBook Firefly 14 G11, 16 G10, 16 G11; ZBook Fury 16 G11"
U86CNE;HP CarePack Premium+ Onsite 4Y;"Support with Telemetry on-site 9x5 tempo di risposta NBD - Progettato per: ZBook Power G11 A Mobile Workstation, Power G11 Mobile Workstation; ZBook Firefly 14 G11 A Mobile Workstation, 14 G11 Mobile Workstation, 16 G10 Mobile Workstation"
U86CME;HP CarePack Premium+ Onsite 3Y;"Support with Telemetry on-site 9x5 tempo di risposta NBD - Progettato per: per Elite 805 G9; ZBook Power G11, Studio G11; ZBook Firefly 14 G11, 16 G11; ZBook Fury 16 G11"
U86B6E;HP Care Pack Onsite Support 3YW;Contratto di assistenza esteso on-site Care Pack Onsite Support 9x5 tempo di risposta NBD - Progettato per NBD ProBook 440 G11 Notebook, 445 G11 Notebook, 465 G11 Notebook
U86A6E;HP Care Pack Onsite Support 5YW;Contratto di assistenza esteso on-site Care Pack Onsite with Predictive Detection Alerts 9x5 tempo di risposta NBD - Progettato per NBD ProBook 440 G11 Notebook, 445 G11 Notebook, 465 G11 Notebook, ProBook 4
U86A4E;HP Care Pack Premium Onsite Support 3YW;Contratto di assistenza esteso on-site Care Pack Premium+ Onsite Support with Telemetry 9x5 tempo di risposta NBD - Progettato per NBD ProBook 440 G11 Notebook, 445 G11 Notebook, 465 G11 Notebook
U85ZGE;HP Care Pack Premium+ Onsite 4YW;Contratto di assistenza esteso parti e manodopera Support with Telemetry 4 anni on-site 9x5 tempo di risposta: NBD per ProBook 445 G11 Notebook, 460 G11 Notebook, 465 G11 Notebook
U85YFE;HP Care Pack Premium+ Onsite Support 3Y Onsite;Contratto di assistenza esteso parti e manodopera 3 anni on-site 9x5 tempo di risposta: NBD per EliteBook 630 G11, 640 G11, 645 G11, 660 G11, 665 G11 - Support with Telemetry and Travel Coverage
U85Y2E;HP Care Pack Premium Onsite Support 4Y;"Contratto di assistenza esteso parti e manodopera 4 anni on-site Support with Telemetry 9x5 tempo di risposta: NBD
per EliteBook 630 G11, 645 G11, 660 G11, 665 G11; EliteBook 6 G1i Notebook AI"
U85XDE;HP Care Pack Premium On Site Support 5Y;"Contratto di assistenza esteso parti e manodopera 5 anni on-site 9x5 tempo di risposta: NBD
per Elite x360; EliteBook 83X G11, 84X G11, 86X G11; EliteBook 8; 8 Flip"
U85XCE;Hp Carepack 4 Anni Onsite NBD + Active Care;Estensione di garanzia per Elitebook serie 800 con garanzia 2 anni
U85WWE;HP Care Pack Premium+ Onsite Support 4Y;"Contratto di assistenza esteso parti e manodopera (per postazione di lavoro mobile) 4 anni on-site 9x5 tempo di risposta: NBD per Elite x360; EliteBook 830 G11, 835 G11, 840 G11, 845 G11, 860 G11, 865 G11"
U85WNE;HP Care Pack Premium+ Onsite Support;"Contratto di assistenza esteso parti e manodopera (per postazione di lavoro mobile) 4 anni on-site 9x5 tempo di risposta: NBD per Elite x360; EliteBook 830 G11, 835 G11, 840 G11, 845 G11, 860 G11, 865 G11"
U85WME;HP Care Pack Premium+ Onsite Support 3YW;"Contratto di assistenza esteso parti e manodopera 3 anni on-site 9x5 tempo di risposta: NBD per Elite x360; EliteBook 830 G11, 835 G11, 845 G11, 860 G11, 865 G11; EliteBook 8; 8 Flip"
U85RZE;HP Care Pack Premium Onsite Support 3Y;"Contratto di assistenza esteso parti e manodopera (per postazione di lavoro mobile) 3 anni on-site 9x5 tempo di risposta: NBD per ZBook 16 G11, Power G11, Studio G11; ZBook Firefly 14 G11, 16 G11; ZBook Fury 16 G11"
U85Q7PE;HP 1Y PW On Site NBD Care Pack Premium Support;
U85NCE;HP Care Pack Onsite Support 3YW OnSite;"Contratto di assistenza esteso parti e manodopera (per notebook) 3 anni on-site 9x5 tempo di risposta: NBD
per ProBook 440 G11 Notebook, 445 G11 Notebook, 460 G11 Notebook, 465 G11 Notebook; ProBook 4"
U85N1E;HP CarePack 5Yr NBD OnSite Notebook;Contratto di assistenza esteso parti e manodopera 5 anni on-site tempo di risposta: NBD
U85N0E;HP Care Pack Premium+ Onsite 4YW;"Contratto di assistenza esteso parti e manodopera Support with Telemetry 4 anni on-site 9x5 tempo di risposta: NBD per EliteBook 660 G11 Notebook; ProBook 440 G11 Notebook, 445 G11 Notebook, 465 G11 Notebook"
U85MZE;Hp Estensione Garanzia 3Y Premium Onsite Nb;Contratto di assistenza esteso parti e manodopera 3 anni on-site 9x5 tempo di risposta: NBD - Per ProBook 440 G11 Notebook, 445 G11 Notebook, 460 G11 Notebook, 465 G11 Notebook
U85BSE;HP Care Pack Onsite Support NBD 5YW;"Contratto di assistenza esteso parti e manodopera 5 anni on-site 9x5 tempo di risposta: NextBusinessDay 
per Elite x360; EliteBook 83X G11, 84X G11, 86X G11; EliteBook 8; 8 Flip"
U85BRE;HP Care Pack Premium Onsite Support 4Y;"Contratto di assistenza esteso parti e manodopera 4 anni on-site 9x5 tempo di risposta: NBD
per Elite x360; EliteBook 830 G11, 835 G11, 860 G11, 865 G11"
U84YZE;HP Care Pack Onsite Support NBD 4YW;
U80N1E;HP 3Y Premium Onsite w/TRV Notebook;3 anni di garanzia HP Premium Onsite con notebook TRV
U7-OUTDOOR;Ubiquiti Access Point U7-Outdoor 1x 1/2.5Gbps RJ45;"Wi-Fi 7 4 flussi spaziali
Copertura di 465 m² (5.000 piedi²) copertura di spazi aperti con la super antenna direzionale integrata
MIMO: 2.4 GHz (2x2), 5 GHz (2x2)
Guadagno Antenna: 2.4 GHz (Direzionale interno: 8 dBi / Omni esterno: 3 dBi), 5 GHz (Direzionale interno: 12,5 dBi / Omni esterno: 4 dBi)
Throughput rate: 2.4 GHz (688 Mbps), 5 GHz (4324 Mbps)
Oltre 200 dispositivi connessi
Alimentato tramite PoE+ Collegamento a 2,5 GbE
Montaggio versatile a parete e su palo
Larghezza di fascio dell'antenna regolabile via software per una copertura bilanciata con le antenne omnidirezionali in dotazione
IPX6 - Resistente alle intemperie (esposto all'esterno)
Alimentatore non incluso"
U7-LR;Ubiquiti Access Point Tri-Band Wi-Fi 7;1x 2.5Gbps RJ45 port, 688 Mbps at 2.4GHz (2x2) + 4300 Mbps at 5GHz (3x3)
U7BF5E;HP 3Y NBD ML350 GEN9 FC SERVICE PROLIANT ML350;
U7BC7E;HP 5y Nbd DL160 Gen9 FC Service;
U7AH5E;HP 5y Nbd DL380 Gen9 FC Service;
U7AD9E;HP 3Yr NBD DL380 GEN9 FC 9X5 HW SUPPORT NBD OnSite;
U7935E;HP 5y NextBusDay Standard Monitor HWSupp;
U7934E;TFT 17POLL-19POLL - 4 ANNI  ON-SITE  ENTRO IL GIOR;
U7925E;HP Estensione di Garanzia 5 Anni DX2300 Presso la;
U7923E;HP Est Garanzia 4y OnSite NBD per DX2300;
U7899E;HP Estensione di Garanzia a 5 anni On-Site NBD;
U7897E;HP 4Yr On-Site NBD PC only HW Supp;
U7861E;HP Estensione di Garanzia 5 Anni Notebook 2510p Pr;
U7860E;HP Estensione di Garanzia a 4 anni On-Site NBD;
U7859E-R;NC24XX/NC4XXX/NC6XXX/NC8XXX/NW8XXX/NW9XXX/6910P/69;
U6W63E;HP 4Y NBD + DMR CLR LSRJT M775 MFP;
U6VK6PE;HP 1y PW Nbd DMR ML350p Gen8 w/IC FC SVC;
U6VF0PE;HPE 1y PW Nbd ML350p Gen8 FC SVC;
U6-LR;Ubiquiti Access Point Dual-Band Wi-Fi 6;"Processore dual-core da 1,3 GHz (ora aggiornato per supportare prestazioni TCP/IP full-duplex da 1 Gbps)
Tecnologia Wi-Fi 6 a quattro flussi ad alta efficienza
Banda da 5 GHz 4x4 MU-MIMO e OFDMA con velocità radio di 2,4 Gbps
Banda da 2,4 GHz 4x4 MIMO con velocità radio di 600 Mbps
MIMO: 2.4 GHz (4x4), 5 GHz (4x4)
Guadagno Antenna: 2.4 GHz (4 dBi), 5 GHz (5.5 dBi)
Throughput rate: 2.4 GHz (600 Mbps), 5 GHz (2400Mbps)
Copertura di 185 m² (2.000 piedi²).
Oltre 350 dispositivi connessi
Alimentato con 802.3at PoE (iniettore PoE non incluso)
Gestito da UniFi Network Application versione: 6.0.34 o superiore"
U67VNPE;HP Care Pack Active Care Post Warranty 1Y;"Estensione di garanzia Post Warranty Next Business Day on-site 9x5 - per HP 470 G10; Pro 400 G9; Pro x360; ProBook 4410, 445 G10, 44X G9, 45X G9, 470 G10"
U6578E;HP Estensione Garanzia 3y OnSite NBD per DX2300;
U6578A;HP 3Y NEXTBUSDAY ONSITE DT ONLY HW SUPP;
U5864PE;HPPostWarrnty1YrOnSiteNBDDX2250/DX2300/DX5XXX;
U56RCE;HP Care Pack Next Business Day Hardware Support;5 anni on-site DesignJet T850
U52V5E;HP CarePack 4y Active Care NBD Onsite NB Sol Supp;
U4925PE;HP 1Y PW NEXTBUSDAY STANDARD MON HW SUPP;
U4867PE;HP Est.garanzia 1Y PW ON Site NBD per Workstation;
U4848PE;HP Post Warranty 1Yr NBD TSeries Advanced Exchange;
U45QVE;HP Care Pack NBD 9x5 Hardware Support;"Contratto di assistenza esteso parti e manodopera 3 anni on-site 9x5 tempo di risposta: NBD
per Color LaserJet Enterprise MFP X57945; LaserJet Enterprise Flow MFP X57945, MFP X58045"
U4545E-R;HPCarePack3YrDL380OnSite in 4H/24H 7gg su 7gg;
U4544E-R;HP Estensione Garanzia 3y 4h 13x5 ProLiant DL38x H;
U4529E-R;HP Est Garanzia Server ML370 3 Anni OnSite 4h 24x7;
U4528E; ML370 -  3 anni On-Site, 4 ore, 13x5;
U4433E;HP EST GARANZIA PROLIANT ML110 G2 3ANNI ONSITE NBD;
U4416PE;HP Care Pack 1Yr Post Warranty  On-Site  NBD SVC;"Contratto di assistenza esteso parti e manodopera (per solo CPU) 1 anno on-site tempo di risposta: 1 giorno
per Elite x360; EliteBook 83X G10, 84X G10, 860 G11, 86X G10; EliteBook x360; ZBook 17 G4"
U4414E;HP 3y NextBusDayOnsite Notebook Only SVC;
U4386E;HP Estensione Garanzia 3 anni, On-Site, NBD;
U3WN8E;HP 3Y NBD HP 19XX SWITCH PRODUCTS;
U3METALGLAN;I-Tec Adattatore USB-A 3.0 (M) a RJ45 (F) ETHERNET;Adattatore 1.000 Mbit/s (Gigabit) Autoalimentato tramite USB
U3HUBMETALMINI4;i-tech HUB USB A a 4 porte USB A;Standard USB: 1x USB 3.2 Gen 1 SuperSpeed (5 Gbps) Type-A + 3x USB 2.0 High Speed (480 Mbps) Type-A
U3-EXTW-WKG;Est.garanzia a 3y STANDARD per scanner Fujitsu;"On-Site
Liv. di servizio STANDARD: Sostituzione Anticipata - Entro 1-2 giorni
Durata 36 months
Tempo intervento 48 h
Dettaglio servizio
Per scanner Gruppi di Lavoro. Estende la Garanzia Standard di 1 anno a 3 anni. Include la sostituzione del prodotto difettoso e i costi di spedizione ""Consegna/Prelievo""."
U3B14E-R;HP CarePack 3Y 4H 24x7 BL4XXC Procare Sevice;
U3629A;ENERGY CARD 5000 ESTENSIONE DI GARANZIA;
U2MR0PE;HP FC 1Y PW 6h CTR 24x7 MSA2000 G3 HW Support;
U2JQ3PE;HPE 1Y PW NBD DL360 G7 FC SVC;
U22KCE;HP 5 year Active Care Next Business Day Response;"Contratto di assistenza esteso parti e manodopera (per stazione di lavoro) 5 anni on-site 9x5 tempo di risposta: NBD per HP Z1 G8, Z1 G9; Workstation Z1 G5, Z1 G6, Z2, Z2 G4, Z2 G5, Z2 G8, Z4 G5; ZCentral 4R"
U22KBE;HP CarePack 4Y Active Care NBD Response OnSite WS;
U1W34PE;HP 1YEAR PWNBD DESIGNJET T120-24INHW;
U1V95E;HP Carepack 3 anni On-Site NBD per DESIGNJET T120;
U1G59E;HP 3Y Next Business Day Onsite Optional CSR WS;
U1G39E;HP 5Y Next Business Day On Site WS only HW Supp.;
U1G24PE;HP 1Y PW On Site NBD per workstation Z440 hw supp.;
U18KVE;HP 4Y NBD On Site with Active Care;Electronic HP Care Pack Next Business Day Active Care Service - contratto di assistenza esteso - 4 anni - on-site
U18KTE;HP 3Y NBD OnSite with Active Care;
U18HXE;HP Care Pack 4y NBD Onsite + Active Care 7x24;"Estensione garanzia 4 anni on-site 9x5 tempo di risposta NextBusinessDay - per HP 285; Pro 280 G9; ProDesk 400 G7, 405 G8, 40X G6; ProOne 240 G9, 400 G5, 400 G6, 440 G9"
U18HSE;HP 3year Active Care NBD Onsite w/Defective Media;HP 3 year Active Care Next Business Day Onsite w/Defective Media Retention DT HW Supp
U18HQE;HP Care Pack NBD Active Care Service 4Y;"Electronic HP Care Pack Next Business Day Active Care Service - contratto di assistenza esteso - 4 anni - on-site 9x5
tempo di risposta NBD per Pro 400 G9; ProDesk 400 G7, 405 G8, 40X G4, 40X G6; ProOne 400 G5, 400 G6, 440 G5, 440 G9"
U18HNE;HP Care Pack Active Care NBD 3YW Hardware Support;"Contratto di assistenza esteso con Telemetria parti e manodopera 3 anni on-site 9x5 tempo di risposta NextBusinessDay - per HP 20X G8, 295 G8, 34; Pro 260 G9, 290 G9; ProDesk 405 G8; ProOne 240 G9, 245 G10"
U18HDE;HP CAREPACK 4Y NBD ONSITE + DMR + ACTIVE CARE;
U18H9E;HP 4Y NBD ONSITE + ACTIVE CARE 7x24;Contratto di assistenza esteso parti e manodopera 4 anni on-site 9x5 tempo di risposta NBD - Per Elite 805 G8, 80X G9
U17YHE;HP Carepack 4 Anni Onsite NBD + Active Car;Carepack 4 Anni Onsite NBD + Active Care (per Elitebook 800 con gar. 3 anni)
U17XSE;HP Garanzia 4Y NBD OnSite with Active Care;4 anni di supporto hardware HP Active Care On-site il Giorno lavorativo successivo per notebook
U17XRE;HP Active Care 36 mesi on site NBD;
U17WZE;HP 4 year Active Care Next Business Day;
U10NFE;HP 5Y NEXTBUSDAY ONSITE DT ONLY HW SUPP;HP estensione garanzia 5 anni
U10NDE;HP 4 year Next Business Day Onsite Hardware Suppor;
U10N7E;HP Care Pack 5Y NBD 9X5 on-site;
U10N3E;HP 3Y NEXTBUSDAY ONSITE DT ONLY HW SUPP;
U10N2PE;HP Post Warranty 1 anno On Site NBD per PC 400;
U0VM5E;HP Carepack 3y NBD Onsite Display HW Supp;
U0SJ6E;HP 4y 24x7 OneView w/ iLo ProCare SVC;
U0SJ5E-R;HP 3Y 24X7 ONE VIEW W ILO PROCARE SVC;
U0J13E;HP Carepack 5Y NBD business monitor da 23' a 29';
U06CQE;HP Electronic Care Pack NBD Hardware 3YW;"Contratto di assistenza esteso parti e manodopera 3 anni on-site 9x5 tempo di risposta: NBD
per DesignJet T250"
U03HHE;Hp CarePack 5Y ON SITE NBD;Contratto di assistenza esteso parti e manodopera 5 anni on-site 9x5 tempo di risposta: NBD per Color LaserJet Managed MFP E877dn, MFP E877z
TZ0-003(UK2);TriLink Adattatore da USB Tipo C a Jack;
TWB09;Sistemi Whistleblowing da 101 a 250 dipendenti;
TWB05;Sistemi Whistleblowing fino a 100 dipendenti;
TVC0020-REN;TeamViewer TV Corporate 30 LU 10 MTG 500 MD-1Y;
TVC0020-NEW-PROMO;TeamViewer Corporate 30 LU 10 MTG 500 MD-1Y promo;Black Friday
TVC0020-3Y-NEW;TeamViewer TV Corporate 30 LU 10 MTG 500 MD-3Y;
TVAD008-REN;TeamViewer 500 Managed Devices Addon-1Y;
TVAD003-REN;TeamViewer Mobile Device Support-1Y;
TVAD002-REN;TeamViewer Corporate Plus Addon Package;1 channel + 3 Managed User - 1Y
TVAD002-NEW;TeamViewer Corporate Plus Addon Package;(1 channel + 3 Managed User)-1Y
TVAD001-REN;TeamViewer Addon Channels-1Y;
TVAD001-NEW;TeamViewer Addon Channels-1;
TVAD001-3Y-NEW;TeamViewer Addon Channels-3Y;
TS-H987XU-RP-E2334-16G;Qnap NAS 9-Bay 1U RM NAS Xeon E-2334 16GB RAM;"Server NAS 9 alloggiamenti Montabile in rack 1 Unità - Processore Intel Xeon E-2334 3.4 GHz (Quad-Core) - 	
RAID 0, RAID 1, RAID 5, RAID 6, RAID 10, RAID 50, RAID TM, RAID 60, RAID TP"
TS-855X-8G;Qnap NAS 8-Bay NAS Intel Atom C5125 8GB RAM 3YW;Server NAS 8 alloggiamenti SATA 6Gb/s 1 x Intel Atom C5125 2.8 GHz (8 processori) RAM 8GB - 3 anni di garanzia
TS-832PXU-4G;QNAP NAS 8 BAIE AL-324 1.7GHZ QC 4GB DDR4;
TS-473A-8G;QNAP NAS 4 BAIE AMD V1500B QC 2.2GHZ 8GB DDR4;
TS-453D-4G;QNAP TS-453D-4G NAS 4 BAIE J4125;
TS-453A-4G;QNAP 4-BAY NAS  IntelCeleron Braswell N3150 Quad;
TS-433-4G;QNAP NAS 4-Bay ARM 4C 2.0GHz 4GB RAM;"Server NAS 4 alloggiamenti SATA 6Gb/s RAM 4GB Processore	1 x ARM A55 2 GHz (Quad-Core)- Connettività Gigabit Ethernet / 2.5 Gigabit Ethernet - 5 anni di garanzia"
TS-432PXU-RP-2G;QNAP NAS 4Bay Rack 1U Ram 2GB;Server NAS 4 alloggiamenti Montabile in rack 1 Unità - Processore Annapurna Labs Alpine AL-324 1.7 GHz (Quad-Core) - RAID RAID 0, 1, 5, 6, 10, JBOD
TS-432PXU-2G;QNAP NAS 4 BAY SATA AL-324 1.7GHZ QC 2GB DDR4;
TS2551-BLK-FBA;ONKRON Carrello TV schermi da 32 55 27kg max;
TS-253E-8G;QNAP 2-Bay Tower Nas Intel CeleronJ6412 4c 2.0GHz;
TS-233;"QNAP TS-233 2 Bay 2 X Sata 3.5""/2.5"" 2GB Ram";
TS1881;ONKRON Carrello TV schermi da 55-80 90.9kg max;
TS-1273AU-RP-8G;QNAP NAS 12 BAIE AMD RYZEN V1500B 4C 8GB DDR4;
TRKF.PB.001;Trako Farma Plus 1 Ditta;Classe fino a 50
TRISP1A;PCSISTEMI Terminale Tris® prossimità 1A;
TRB140003000;Teltonika TRB140 Industrial LTE Cat 4 Gateway;Gateway/controller 10, 100, 1000 Mbit/s - slot per schede MiniSIM - Colore Grigio
TR100405M01;HCL Domino Complete Collaboration;External User, 1 Month Term License & S&S, User (1 Year)
TN101570Y01;HCL BigFix Workspace, Term License S&S, Device, 1Y;
TL-WR902AC;TP-Link AC750 Dual Band Wireless mini pocket route;AC750 Dual Band (2.4GHz/5GHz) Wireless Mini Pocket Router Wi-Fi 5 (802.11ac)
TL-SG108;TP-LINK 8-PORT GIGABIT DESKTOP SWITCH;
TL-SG105;TP-LINK 5-PORT METAL GIGABIT SWITCH;10/100/1000M RJ45 - supports GMP Snooping IEEE 802.1p QoS Plug and Play metal case
TLC-300-S;TELYCAM 3G-SDI HD PTZ Video Camera;
TINP;TIN® prossimità;
THINKCELL-25;Think-cell software - fascia 25 utenti;
THINKCELL-15;Think-cell software - fascia 15 utenti;Rif. codice di licenza think-cell: Y5BRZ-ZLPF2-AN7MU-WWZ26-9BB4A
TERM-MONTHS;Term in months;
TE200;Yeastar TE200 Gateway 2 PRI E1/T1;"Porte E1/T1/J1 configurabili tramite software
GUI di facile navigazione
Instradamento delle chiamate a costi ridotti
Installazione e gestioni semplici
Interoperabilità con Skype for Business
Compatibile con vari ISDN PBX, IP PBX e softswitch"
TD1170-BK-65;Datalogic Lettore Barcode Touch TD1100 65 Lite;Scanner per codici a barre - palmare - emulazione tastiera, RS-232 - con decodifica - 5 anni di garanzia
TD1130-BK-65;DATALOGIC TOUCH TD1100 65-PRO CCD;Scanner di codici a barre portatile - Garanzia limitata - 5 anni
TCG670GL;"Targus Zaino CityGear 17.3"" Laptop Backpack Black";Zaino porta computer - Dimensioni esterne 32,5x21x49 cm
TCG661GL;"Targus CityGear 15.6"" Convertible Multi Fit";"Zaino porta computer da 14"" a 15.6"" nero - Dimensioni (LxPxH) 32cm x 11cm x 46.5cm"
TC911.10;TeamViewer AddOn Channel;
TC484AAE;HP SV VSA 2014 4TB 3PK 3YR E-LTU;
TBB943GL;"TARGUS Classic zaino porta computer 15""/16""";
TAR300;TARGUS Classic Clamshell Borsa per notebook 15,6;Borsa trasporto notebook Colore Nero - Tracolla regolabile/rimovibile, maniglia di traino superiore
TAPP_LOGO;Tappetino Mouse personalizzato con stampa logo;Pvc antigraffio e antiriflesso più mousse da 3mm
TAG125PCH;Tag Portachiavi 125khz;
TAE5008WT/00;Philips Cuffie in ear cablate USB-C Bianco;Cuffie Auricolari con microfono Controllo chiamate e volume/musica
TAE1105WT/00;Philips Cuffie in ear cablate 1x Jack 3,5mm;Cuffie Auricolari con microfono Controllo chiamate e volume/musica
T6T83AA#ABZ;HP Slim Set mouse e tastiera;
T4R68EA;HP Prodesk 400 G3SFF I5 500GB 4GB W10/W7P;
T4H18ET;HP Elitebook 850 I7-5500U 8GB 500GB;
T4A-PV;DAHUA Telecamera T4A-PV;"Telecamera di rete a torretta Wi-Fi a focale fissa da 4MP - Tecnologia IP - Luogo utilizzo prevalente Interno/Esterno -
Day&Night Sì - Movimento Sì"
T2752MSC-B1AG;"iiyama ProLite monitor a LED 27"" Full HD";"Monitor a LED 27"" touchscreen 1920 x 1080 Full HD (1080p) @ 60 Hz IPS 400 cd/m² 1000:1 5 ms HDMI, DisplayPort con altoparlanti nero"
T2454MSC-B1AG;"iiyama ProLite Monitor a LED 23.8"" touchscreen";"Monitor LCD con retroilluminazione a LED - 23.8"" - touchscreen Full HD (1080p) 1920x1080 - Tempo di risposta 5 ms - 
Connettività VGA, HDMI, 2 x downstream USB 3.0 (tipo A), Upstream USB 3.0 (tipo B), Ingresso audio (mini-jack), Cuffie (mini-jack)"
T2452MSC-B1;"iiyama ProLite Monitor a LED 23.8"" touchscreen";"Monitor a LED 24"" (23.8"" visualizzabile) touchscreen 1920 x 1080 Full HD (1080p) IPS 400 cd/m² 1000:1 14 ms HDMI, DisplayPort, 2xUSB-C altoparlanti nero opaco"
T2252MSC-W2;"iiyama ProLite Monitor a LED 21,5"" touchscreen";"Monitor LCD con retroilluminazione a LED T2252MSC-W2 - 21.5"" - touchscreen Full HD (1080p) 1920x1080 - Tempo di risposta 5 ms - Connettività HDMI, DisplayPort"
T2252MSC-B2;"iiyama ProLite Monitor a LED 22"" touchscreen";"Monitor LCD con retroilluminazione a LED - 22"" - touchscreen Full HD (1080p) 1920x1080 - Tempo di risposta 5 ms - 
Connettività HDMI, DisplayPort"
T1931SR-B1S;"iiyama ProLite Monitor a LED 19"" touchscreen";"Monitor LCD con retroilluminazione a LED - 19"" - touchscreen Full HD 1280 x 1024 - Tempo di risposta 5 ms - 
Connettività VGA, HDMI, 2 x downstream USB 3.0 (tipo A), Upstream USB 3.0 (tipo B), Ingresso audio (mini-jack), Cuffie (mini-jack)"
T0K29AA-R;HP USB-C TRAVEL DOCK;
T0E52AT;HP 16GB (1x16GB) DDR4-2133 nECC RAM;
T0E51AT;PROMO HP 8GB (1x8GB) DDR4-2133 nECC RAM;
SYS-E300-9D-4CN8TP;SUPERMICRO SuperServer E300 Intel D-2123IT;configurato con 64gb di RAM e 1 disco SSD da 2TB
SYNCO MC4;SYNCO MC4 Audio Mixer Bluetooth USB Consolle Mixer;
SXS2000/4000G;KINGSTON XS2000 SSD esterno 4TB USB-C;"Disco SSD portatile USB 3.2 Gen 2x2 (USB-C connettore)- Velocità di trasferimento dati	20 Gbps - Custodia rimovibile rinforzata per la protezione dalle cadute e di un grado di protezione IP55 - 5 anni di garanzia"
SX05TECPR;SIR/Tec PROFIS - Incremento 5 Pdl;
SX01TECPR;PROFIS SIR/TEC 1pdl agg.;
SX01TECJB;SIR/Tec JOB - INCREMENTO 1 PdL;
SX01TECES;SIR/Tec eSOLVER - incremento 2 Pdl;
SW-NCI-E-STR-PR;Nutanix Subscription Nutanix Cloud Infrastructure;"Subscription, Nutanix Cloud Infrastructure (NCI) Starter
Software License for Edge sites & Production Software
Support Service for 1 VM"
SWL4;MikroTik WISP AP (level 4) license;
SVL-BPL-SDX-PRO-M2-2Y;EssentialCare (2-Year) for Balance SDX Pro;
SVL-BPL-SDX-PRO-M2-1Y;EssentialCare (1-Year) for Balance SDX Pro;
SVL-732;PepLink 1-Year Extended Warranty for Balance 305;
SVL-706;PepLink 1-Year Extended Warranty for Balance 210;
SVL-507;PepLink EssentialCare (1-Year) for FlexModule Plus;
SVL-419;Peplink 1-Year Extd Warranty for MAX BR1 MINI LTE;
SVL-321;PepLink EssentialCare (1-Year) for Balance 310X;
SV.WPAAP.A03;ACER 4Y CARRY IN ALL IN ONE VIRTUAL BOOKLET;
SV.WNBAP.A12;ACER CARE PLUS 3 anni ON SITE;Estensione di garanzia a 3Y ON SITE (nbd) - Virtual Booklet - ACER Notebook Travelmate
SUPPORT-TERM;Nutanix Support Term in Months;
STU-520;WACOM Tavoletta Grafica STU-520;
STU-430;"WACOM Tavoletta Grafica sign pad 4,5""";VERSIONE SOLO HARDWARE - Compatibile con i software di firma/firma elettronica Windows, Wacom sign pro PDF e il plug-in sign pro PDF per Adobe Acrobat
STS-VSTA100-3Y;Sangfor software upgrade 24X7 technical support;
STS-VCC-100-3Y;Sangfor Cyber Command software upgrade 24X7 tech;
STS-1050A-3Y;Sangfor NSF-1050A-I Software Upgrade;24*7 Technical Support Services, 3 Years
STREAMING;End-to-End Video Delivery & Monetization Platform;
STORAGE-SRV;Hetzner Dedicated Server Storage;
STFR4000800;LaCie Rugged USB-C HDD 4TB USB 3.1 Gen 1;HDD 4TB esterno (portatile) USB 3.1 Gen 1 (USB-C connettore) arancione
STECX1DC;SIR/Tec Documenti - 1 GB aggiuntivo;
STECAST05.23;Sir/Tec STUDIO Replica Dati su Azure Utente;fino a 50 GB/Mese
STECAST.15;SIR/Tec STUDIO-Intervento Migraz. da Locale a SIR;
STECASP.15;SIR/Tec SPRING SQL Interv. Migraz. da locale a SIR;
STECAPRPX01.21;S/Tec PRF-REPLICA DATI SU AZURE SISTEMI INCR.1 PDL;
STECAPRP20.21;S/Tec PRF-REPLICA DATI SU AZURE SISTEMI 20 PDL;
STECAPRP03.21;S/Tec PRF-REPLICA DATI SU AZURE SISTEMI 3 PDL;
STECAPR09.10;PROFIS estensione spazio allocato (GDOC);1 GB/mese
STECAPR05.10;SIR/TEC PROFIS estensione spazio allocato (GDOC);Estensione 250 MB/mese
STECAPR01.21;SIR/Tec PROFIS-REPLICA DATI SU AZURE SISTEMI;
STECAPR.15;SIR/Tec PROFIS-INTERVENTO MIGRAZ. DA LOCALE A SIR;
STECAJB15.2;Estensione accessibilità del servizio 15 pdl;
STECAJB.15;SIR/Tec JOB-INTERVENTO MIGRAZ. DA LOCALE A SIR;
STECAESP10.21;SIR/Tec eSOLVER-REPLICA DATI SU AZURE SISTEMI 10PD;
STECAESP05.21;SIR/TecESOLVER-REPLICA DATI SU AZURE SISTEMI 5PDL;
STECAESP03.21;SIR/TecESOLVER-REPLICA DATI SU AZURE SISTEMI 3PDL;
STECAES.15;SIR/Tec eSOLVER-INTERVENTO MIGRAZ. DA LOCALE A SIR;
STECAES.13;SIR/Tec eSOLVER attivazione servizio SIR;ESPORTAZ.UNA TANTUM DATI INSTALLAZIONE
STEC1DC;SIR/Tec Documenti 1Gb;
STEC01DC;SIR/Tec Documenti - 1 GB;
STAFFAVESA;Staffa VESA universale per montaggio a parete;con alloggiamento alimentatore
STA-100;SANGFOR CyberCommand Platform Hardware;CPU 2 Core, 4G MEM, HDD SSD 64G - Including Security Detection
ST8000VN004;"Seagate IronWolf ST8000VN004 8TB SATA3 3.5"" 7200";"Seagate IronWolf ST8000VN004 SATA 6Gb/s. Dimensione hard disk: 3.5"", Capacità hard disk: 8000 GB, Velocitc di rotazione hard disk: 7200 Giri/min - 3 anni di garanzia"
ST600MM0099;"Seagate 600GB 512e/4Kn 2.5"" SAS 12Gb/s 10000rpm";
ST600MM0026-RFB;"Seagate Savvio 10K.6 600GB 2.5"" 6G SAS 64MB cache";
ST380011A;SEAGATEBARRAC.7200.780GBATA1003.5LP8.5MS7200RPM2MB;
ST32000542AS-RFB;"Seagate 2000GB 3.5"" SATA II 5900rpm 32 MB";Usato/refurbished 3 mesi garanzia
ST2GPEX;StarTech.com Scheda di rete PCIe 2.5GBASE-T;Adattatore di rete PCIe x4 profilo basso Gigabit Ethernet 10M/100M/1G/2,5 x 1
ST2000DM001-RFB;"Seagate 2TB SATA 6Gbps 512E 3.5"" 7200RPM 64MB";
ST122HD4KU;StarTech.com Sdoppiatore Splitter Video HDMI 4k;1 ingresso 2 uscite 1x2 Alimentato via adattatore o USB
ST1000SPEXI;Startech.com Scheda di Rete Ethernet 1 port;"Tipo Interfaccia LAN: Ethernet - Connettore porta LAN: RJ45 -
Velocità LAN: 1.000 Mbit/s - PCI-Express"
ST10000NT001;"Seagate Ironwolf Pro 10TB SATA 6Gb/s 3.5"" 7200rpm";
SRT3000RMXLI-NC;APC Smart-UPS SRT 3000VA RM 230V 2U;"UPS (installabile in rack / esterno) 220/230/240 V c.a. V
2700 Watt 3000 VA Piombo RS-232, USB connettori di uscita 10
2U nero con Scheda di gestione di rete APC UPS AP9641"
SRT3000RMXLI;APC Smart-UPS SRT 3000VA RM;SMART UPS-SRT 3000VA RM 230V
SRT2200RMXLI;SMART UPS-SRT 2200VA RM 230V;
SRT1500XLI;APC Smart-UPS SRT 1500VA SRT1500XLI;1500 Watt, 1500 VA, USB, serial, convertibile rack/tower, 230V, 6x C13 prese IEC, senza rail kit
SPCS35.16;Sportello Documenti condivisi 5Gb;
SPCS27.16;Sportello Documenti condivisi 3Gb;
SPCS21.16;Sportello Documenti condivisi 1,5 GB;
SPCS15.16;Sportello Documenti condivisi 600 MB;
SPCS13.16;Sportello Documenti condivisi 400 MB;
SPCS11.16;Sportello Documenti condivisi 200MB;
SPCS09.16;SPORTELLO Documenti condivisi 100 MB;
SPCF14.16;Sportello Documenti condivisi 500 MB;franchigia
SPCF13.16;Sportello Documenti condivisi-Franchigia 200 MB;
SPCF11.03;Sportello Fatture-Franchigia 150 doc/mese;
SPCF07.03;Sportello Fatture e Corrisp-Franchigia 75 doc/mese;
SPCF05.01;Sportello QUADRA Fattura-Franchigia 50 doc/mese;
SPCF03.01;Sportello QUADRA Fattura-Franchigia 25 doc/mese;
SPC49.03;PROFIS Sportello Fatture 5000 Doc. /mese;
SPC47.31;PROFIS Sportello Conservazione digitale 15Gb/anno;
SPC41.03;Sportello Fatture 2.000 documenti/mese;
SPC39.21;FattureWeb 1.500 doc/mese;
SPC39.13;Sportello Documenti condivisi/dipendenti 1500d/m;
SPC39.03;PROFIS Sportello Fatture 1.500 doc/mese;
SPC37.05;Profis Sportello Incassi e pagamenti 1000/doc mese;
SPC37.03;Sportello Fatture 1.000 doc. /mese;
SPC35.31;Sportello Conservazione digitale 5 GB/anno;
SPC35.05;Sportello Incassi e pagamenti 900 doc/mese;
SPC35.03;Sportello Fatture 900 doc/mese;
SPC35.01;Sportello QUADRA Fattura;900 documenti/mese
SPC33.31;Sportello Conservazione digitale;
SPC31.21;Fatture WEB 750 documenti mese;
SPC31.03;Sportello Fatture 750 doc/mese;
SPC29.21;PROFIS FattureWeb 700 doc./mese;
SPC29.03;Sportello Fatture 700 documenti/mese;
SPC27.31;PROFIS Sportello Conservazione digitale 3 GB/anno;
SPC25.31;Sportello Conservazione digitale 2,5 GB/Anno;
SPC25.21;FattureWeb 500 doc./mese;
SPC25.05;Sportello Incassi e pagamenti 500 doc/mese;
SPC25.03;Sportello Fatture 500 doc/mese;
SPC23.31;Sportello Conservazione Digitale 2GB/anno;
SPC23.21;STUDIO FattureWeb 450 doc/mese;
SPC23.07;Sportello Interrogazione conti bancari 100 ditte;
SPC23.03;Sportello Fatture 450 doc/mese;
SPC23.01;Sportello QUADRA Fattura 450 doc/mese;
SPC21.31;Sportello Conservazione digitale;1,5 GB/anno
SPC21.07;Sportello Interrogazione conti bancari;fino a 75 ditte
SPC21.05;Sportello Incassi e pagamenti 400 doc/mese;
SPC21.03;Sportello Fatture 400 doc/mese;
SPC19.31;PROFIS Sportello Conservazione digitale 1GB/anno;
SPC19.21;PROFIS FattureWeb 350 doc/mese;
SPC19.03;PROFIS Sportello Fatture 350 doc/mese;
SPC17.79.;Sportello STUDIO-Integr.Outlook da mobile-30op;
SPC17.79;Attivazione - Integr. MOBILE Outlook add-in 30 PdL;
SPC17.77;Attivazione - Integrazione Outlook add-in 30 PdL;
SPC17.71;Sportello STUDIO 30 Operatori;
SPC17.31;Sportello Conservazione digitale 800 MB/anno;
SPC17.21;FattureWeb 300 doc. mese;
SPC17.07;Sportello Interrogazione conti bancari 40 ditte;
SPC17.03;PROFIS Sportello fatture 300/doc mese;
SPC15.79;Attivazione - Integr. MOBILE Outlook add-in 25 PdL;
SPC15.77;Attivazione - Integrazione Outlook add-in 25 PdL;
SPC15.31;PROFIS Sportello Conservazione digitale 600MB/anno;
SPC15.21;FattureWeb 250 doc/mese;
SPC15.07;Sportello Interrogazione conti bancari 30 ditte;
SPC15.03;PROFIS Sportello Fatture fino a 250 doc/mese;
SPC13.79;Attivazione - Integr. MOBILE Outlook add-in 20 PdL;
SPC13.77;Attivazione - Integrazione Outlook add-in 20 PdL;
SPC13.31;PROFIS Sportello Conservazione digitale 400MB/anno;
SPC13.21;FattureWeb;
SPC13.07;Sportello Interrog. conti bancari Fino a 25 ditte;
SPC13.03;PROFIS Sportello Fatture 200 doc/mese;
SPC11.79;Attivazione - Integr. MOBILE Outlook add-in 15 PdL;
SPC11.77;Attivazione - Integrazione Outlook add-in 15 PdL;
SPC11.31;Sportello Conservazione digitale 200 MB/Anno;
SPC11.21;FattureWeb 150 doc./mese;
SPC11.11;Sportello Documenti condivisi/ditta 150 doc/mese;
SPC11.03;PROFIS Sportello Fatture fino a 150 doc/mese;
SPC11.01;Sportello QUADRA Fattura 150 documenti mese;
SPC1.41;Profis Sportello Archivio Storico - 1 GB;
SPC09.79;Attivazione - Integr. MOBILE Outlook add-in 10 PdL;
SPC09.77;Attivazione - Integrazione Outlook add-in 10 PdL;
SPC09.71;Sportello STUDIO;fino a 10 operatori
SPC09.31;PROFIS Sportello Conservazione digitale 100MB/anno;
SPC09.21;PROFIS FattureWeb 100 doc/mese;
SPC09.18;Sportello Doc. condivisi - Firma e validazione;100 transazioni/mese
SPC09.07;Sportello Interrogazione conti bancari 15 ditte;
SPC09.05;Profis Sportello Incassi e pagamenti 100 doc/mese;
SPC09.03;Sportello Fatture 100 doc/mese;
SPC09.01;Sportello QUADRA Fattura 100 doc./mese;
SPC07.79.;Sportello Studio Integr.Outlook da mobile 5 oper.;
SPC07.79;Attivazione - Integr. MOBILE Outlook add-in 05 PdL;
SPC07.77.;Sportello Studio Integr.Outlook add-in 5 oper.;
SPC07.77;Attivazione - Integrazione Outlook add-in 05 PdL;
SPC07.31;Profis Sportello Conservazione digitale 50 MB/anno;
SPC07.21;FattureWeb 75 doc/mese;
SPC05.79;Attivazione - Integr. MOBILE Outlook add-in 03 PdL;
SPC05.77;Attivazione - Integrazione Outlook add-in 03 PdL;
SPC05.21;PROFIS Fatture web 50 doc/mese;
SPC05.18;Sportello Firma e validazione 50 trans/mese;
SPC05.15;PROFIS Sportello Docum.-Validazione dichiarativi;50 doc. mese
SPC05.13;Sportello Documenti condivisi / dipendenti;
SPC05.07;Sportello Interrogazione conti bancari 5 ditte;
SPC05.05;PROFIS Sportello Incassi e Pagamenti;
SPC05.03;PROFIS Sportello fatture fino a 50 doc/mese;
SPC05.01;Sportello QUADRA Fattura 50 doc/mese;
SPC03.21;PROFIS FattureWeb 25 doc. mese;
SPC03.07;Sportello Interrogazione conti bancari 3 ditte;
SPC03.01;Sportello QUADRA Fattura fino a 25 doc./mese;
SPC01.18;SPORTELLO Doc.condiv-Firma/validaz.10 trans/mese;
SPC01.01;Sportello QUADRA Fattura fino a 10 doc./mese;
SPC0.71;Sportello STUDIO;
SPB01.05;PROFIS - Analisi contabili e bilanci CANONE MENSIL;
SPB01.00;Condivizione Analisi - 1 Account Nomiale - CANONE;
SP-4BAY-PSU;POWER SUPPLY UNIT  FOR 4 BAY NAS;
SP-2BAY-ADAPTOR-90W;QNAP PowerSupply For 2UBay NAS-Server;
SP256GBSS3A55S25;Silicon Power HD SSD A55 256Gb;
SP13;LINK Alcool Ispropilico Conf. 1lt;
SP008GBLTU160N0;SILICON POWER 8GB DDR3-1600 CL11;
SP00110584;Trend Micro ServerProtect Multip. Serv. 101-250 1Y;T(LL & WIN/NW): English License Renew Normal 101-250 user license 12 months
SP00110283;SERVERPROTECT MULTIPLE SERVER (LL & WIN/NW);ENGLISH LICENCE ADD.SEATS NORMAL 101-250 USER LICENSE 12 MONTHS
SOP23166;Sopar Plano Protrait 70-406 staffa a muro;
SOC-XHTSLU8;Servizi Manutenzione IBM su apparati DataDomain;Copertura dal 01/01/2021 al 31/12/2021
SOC-W1EUNUB;Servizi Manutenzione IBM su apparati Enclosure HPE;Copertura dal 01/01/2021 al 31/12/2021
SOC-TD6RXS9;Servizi di manutenzione IBM apparati Server HPE;Copertura dal 01/01/2021 al 31/12/2021
SOC-JGGZXAD;Servizi Manutenzione IBM su apparati Cisco;Copertura dal 01/01/2021 al 31/12/2021
SOC-JD2TUQL;Servizi di manutenzione IBM apparati Centera;Copertura dal 01/01/2021 al 31/12/2021
SOC-FT2N1MR;Servizi di manutenzione IBM apparati Dell;"Copertura dal 01/04/2021 al 31/12/2021
Servizio 9x5xNBD"
SNV3S/500G;Kingston NV3 SSD 500G M2 2280 NVME PCIe 4.0 x4 3Y;Unità di memoria a stato solido - interno
SNV3S/1000G;Kingston NV3 SSD 1TB PCIe 4.0 x4 (NVMe);Disco SSD M.2 2280 capacità di 1 TB con tecnologia 3D NAND PCI Express 4.0 x4 (NVMe) - 5 anni di garanzia
SNV3510-800G;Synology HDD SSD M.2 22110 NVMe PCIe 3.0 800Gb;Hard Disk per NAS SSD M.2 PCIe NVMe Capacità 800Gb
SNV3410-800G;Synology SNV3410 SSD M.2 2280 NVME PCIE 3.0 800GB;Unità di memoria a stato solido interno - Garanzia limitata - 5 anni
SNV2S/500G;Kingston NV2 SSD 500GB M.2 2280 NVME PCIe4.0 x4 3Y;
SNV2S/250G;Kingston NV2 SSD 250GB M.2 2280;
SNV2S/1000G;Kingston NV2 SSD 1TB M.2 2280 NVME PCIe 4.0 x4 3Y;
SNPVDFYDC/16G;Dell Memoria 16GB DDR4 2666 MHz ECC 1.2 V;
SNPPKCG9C/8G;Dell 8GB DDR3L SDRAM 1600MHz ECC DIMM 240-pin;
SN4131/4BIS8VHP/EUI;Patton SN4131/4BIS8VHP/EUI;SmartNode ISDN BRI VoIP Gateway,4BRI TE/NT,8 voice/fax calls,1GEthe,Optional TLS-SRTP,Hpclock
SN4131/4BIS8 VHP/EUI;Patton SmartNode ISDN BRI VoIP Gateway;4BRI TE/NT,8 voice calls,1GEthe,HPcloc
SM-X110NZAAEUE;Samsung Tablet GALAXY TAB A9 WIFI 4+64GB;"Tablet Android 64 GB 8.7"" TFT (1340 x 800) multi touch slot microSD grafite - 2 anni di garanzia"
SMV1500CAI;APC Easy UPS SMV 1500VA 230V 10Ah;UPS esterno - Connettori di uscita 6 x alimentazione - 2 anni di garanzia
SMT3000RMI2UNC;APC SMART-UPS 3000VA LCD RM NETWORK CARD;
SMT2200IC;APC Smart-UPS SMT2200IC LCD 230V with SmartConnect;
SMT1500RMI2UNC;APC Smart-UPS 1500VA LCD RM;"SMT1500RMI2UNC
APC Smart-UPS 1500VA LCD RM - UPS (montabile in rack) - 230 V c.a. V - 1 kW - 1500 VA - Ethernet, RS-232, USB - connettori di uscita 4 - 2U - nero - con APC UPS Network Management Card"
SMT1500RMI1U;SMART-UPS 1500VA LCD RM 1U 230V;
SM-N975F/DS;Samsung Smartphone Note 10+ 256GB 4GB AuraGlow;
SMLCSCSX-3M;FS Cavo Fibra 3M LC UPC Duplex OS2 Monomodale;
SMLCSCDX#96102;FS 5m (16ft) LC UPC a SC APC Duplex OS2 Monomodale;PVC (OFNR) 2.0mm Cavo Patch in Fibra Ottica
SMLCSCDX#62925;FS 2m (7ft) LC UPC a SC APC Duplex OS2 Monomodale;Riser (OFNR) 2.0mm Cavo Patch in Fibra Ottica
SMLCSCDX#62923;FS 3m (10ft) LC UPC a SC APC Duplex OS2 Monomodale;PVC (OFNR) 2.0mm Cavo Patch in Fibra Ottica
SMLCSCDX#41162;FS 2m (7ft) LC APC to SC APC Duplex OS2 Single Mod;Riser (OFNR) 2.0mm Tight-Buffered Fiber Optic Patch Cable
SMLCSCDX#40221;FS Cavo Fibra Ottica Momomod. 2m LC UPC a SC UPC;Duplex OS2 Monomodale PVC (OFNR) 2.0mm
SMLCDX-5M;FS Cavo Fibra 5M LC UPC Duplex OS2 Monomodale;
SMLCDX-2M;FS Cavo Fibra 2M LC UPC Duplex OS2 Monomodale;
SMLCDX-1M;FS Cavo Fibra 1M LC UPC Duplex OS2 Monomodale;
SMLCDX-10PK#194019;FS Cavo Patch di Fibra 3m (10ft);LC UPC a LC UPC, Duplex, 2 Fibre, Monomodale(OS2), Riser (OFNR), 2.0mm, a Tampone Stretto, Giallo 10 pezzi/confezione
SMLCDX-10PK#194018;FS Cavo Patch di Fibra 2m (7ft);LC UPC a LC UPC, Duplex, 2 Fibre, Single Mode (OS2), Riser (OFNR), 2.0mm, a Tampone Stretto, Giallo
SMLCDX-10PK#194017;FS Cavo Patch di Fibra 1m (3ft);LC UPC a LC UPC, Duplex, 2 Fibre, Monomodale(OS2), Riser (OFNR), 2.0mm, a Tampone Stretto, Giallo 10 pezzi/confezione
SMLCDX#40203;FS 10m (33ft) Cavo Patch in Fibra, LC UPC a LC UPC;Duplex, 2 Fibre, Monomodale (OS2), Riser (OFNR), 2.0mm, Tampone Stretto, Giallo
SMLCDX#40200;FS 5m (16ft) Cavo Patch in Fibra, LC UPC a LC UPC;Duplex, 2 Fibre, Monomodale (OS2), Riser (OFNR), 2.0mm, Tampone Stretto, Giallo
SMLCDX#40192;FS 2m (7ft) LC UPC to LC UPC Duplex OS2 Single Mod;Riser (OFNR) 2.0mm Tight-Buffered Fiber Optic Patch Cable
SMLCDX#40191;FS 1m (3ft) LC UPC to LC UPC Duplex OS2 Single Mod;(OFNR) 2.0mm Tight-Buffered Fiber Optic Patch Cable
SMG-SUB;Broadcom Messaging Gateway Subscription License;with Support
SM-A510FZKAITV-R;SAMSUNG GALAXY A5 BLACK;
SM-A310FZKAITV-R;GALAXY A3 2016 BLACK;
SM-A310FZKAITV;GALAXY A3 2016 BLACK;
SM920N;SCHERMO LCD 19 POL DOT PITCH 0,294 LUMIN 250 CD/M2;
SM2E1BMU31C;StarTech.com Enclosure USB-C a M.2 NVMe o M.2 SATA;"Case esterno portatile M.2 PCIe/SATA NGFF SSD in alluminio
Box per SDD Cavi host USB Type-C e USB-A - Supporta 2230/2242/2260/2280 (SM2E1BMU31C) - Box esterno M.2 M.2 Card USB 3.2 (Gen 2)nero Compatibile TAA"
SKC3000S/512G;Kingston KC3000 SSD 512GB M.2 2280 PCIe 4.0 (NVMe);Unità di memoria a stato solido 512GB M.2 2280 PCIe 4.0 (NVMe) 5 anni di garanzia
SIM WIND_WTC;Wind SIM ad uso interno WTC;
SIC47.11;Sportello per l'Az. Conservaz.digitale 15 GB/Anno;
SIC35.11;Sportello per l'Az. Conservaz.digitale 5 GB/Anno;
SIC27.11;Sportello per l'Az. Conservaz.digitale 3 GB/Anno;
SIC23.11;Sportello per l'Az. Conservaz.digitale 2 GB/Anno;
SIC21.11;Sportello per l'Az. Conservaz.digitale 1,5 GB/Anno;
SIC19.11;Sportello per l'Az. Conservaz.digitale 1 GB/Anno;
SIC17.11;Sportello per l'Az. Conservaz.digitale 800 MB/Anno;
SIC15.11;Sportello per l'Az. Conservaz.digitale 600 MB/Anno;
SIC13.11;Sportello per l'Az. Conservaz.digitale 400 MB/Anno;
SIC11.11;Sportello per l'Az. Conservaz.digitale 200 MB/Anno;
SIC09.11;Sportello per l'Az. Conservaz.digitale 100 MB/Anno;
SIC07.11;Sportello per l'Az. Conservaz.digitale 50 MB/Anno;
SIC01.09;Sportello Azienda Interrogaz.Conti Bancari 1 ditta;
S-HW-PRD;Nutanix 24/7 PRODUCTION LEVEL HW SUPPORT;
SHSS37A/480G;480G SSD HYPERX SAVAGE;
SG-TC2L-BOOT-01;ZEBRA Cover Protettiva per Zebra TC22 / TC27;Custodia protettiva robusta Zebra, compatibile con i modelli Zebra TC22 e Zebra TC27. Aumenta la resistenza alle cadute del dispositivo fino a 1,5 m e la resistenza alle cadute su cemento. Compatibile con dispositivi che utilizzano batterie a capacità standard o estesa. Compatibile con il cinturino da polso.
SFTP7015Y;MicroConnect Cavo di rete CAT7 S/FTP 1,5M Giallo;
SFTP7015S;MicroConnect Cavo di rete CAT7 S/FTP 1,5M Nero;
SFTP7015R;MicroConnect Cavo di rete CAT7 S/FTP 1,5M Rosso;
SFTP7015O;MicroConnect Cavo di rete CAT7 S/FTP 1,5M Arancio;
SFTP7015G;MicroConnect Cavo di rete CAT7 S/FTP 1,5M Verde;
SFTP7015B;MicroConnect Cavo di rete CAT7 S/FTP 1,5M Blue;
SFPP-PC07;FS.COM Cavo Twinax 7m H3C LSTM1STK Compat 10G SFP+;
SFPP-PC05;FS.COM Cavo Twinax 5m H3C LSTM1STK Compat 10G SFP+;
SFPP-PC03;FS Cavo Twinax Passivo Rame 3m (10ft) 10G SFP+;Diretto Collegamento per Switch
SFPP-PC01#49054;FS Cavo Twinax Passivo Rame H3C 1m (3ft) 10G SFP+;Diretto Collegamento per Switch
SFPP-PC01;FS Cavo Twinax Passivo Rame H3C 1m (3ft) 10G SFP+;Diretto Collegamento per Switch
SFPP-PC005;FS Cavo H3C Twinax Passivo Rame 0.5m (2ft)10G SFP+;#49053
SFP-GE-BX#32653;FS HPE ProCurve Compatibile 1000BASE-BX-D BiDi;SFP 1490nm-TX/1310nm-RX 10km DOM LC SMF Modulo Ottico Transceiver per Serie HPE Aruba Switch
SFP-GE-BX#32650;FS HPE ProCurve Compatibile 1000BASE-BX-U BiDi;SFP 1310nm-TX/1490nm-RX 10km DOM LC SMF Modulo Ottico Transceiver per Serie HPE Aruba Switch
SFP-GE-BX#15524;FS HW BiDi SFP-GE-LX-SM1310-BIDI Compatibile 1000B;1000BASE-BX-U BiDi SFP 1310nm-TX/1490nm-RX 10km DOM LC SMF Modulo Ottico Transceiver
SFP-GE-BX#15521;FS SFP-GE-LX-SM1490-BIDI Compatibile 1000BASE-BX-D;1490nm-TX/1310nm-RX 10km DOM LC SMF Modulo Ottico Transceiver
SFP-GE-BX;FS HW BiDi SFP-GE-LX-SM1310-BIDI Compatibile 1000B;1000BASE-BX-U BiDi SFP 1310nm-TX/1490nm-RX 10km DOM LC SMF Modulo Ottico Transceiver
SFP1G-SX-85-15423;FS JD118B HPE H3C 1000BASE-SX SFP 850nm 550m LCMMF;
SFP1G-SX-85#92107;FS Transceiver HPE Aruba J4859D Compatibile;1000BASE-LX SFP 1310nm 10km DOM Duplex LC/UPC SMF Modulo Transceiver Ottico
SFP1G-SX-85#92106;FS Transceiver HPE Aruba J4858D Compatibile;1000BASE-SX SFP 850nm 550m DOM Duplex LC/UPC MMF Modulo Transceiver Ottico
SFP1G-SX-85#32140;FS Transceiver 1000BASE-SX SFP 850nm 550m LC MMF;Modulo Ottico Transceiver per HPE Aruba per Serie FlexFabric Switch
SFP1G-SX-85#29838;FS Transceiver 1000BASE-SX SFP 850nm 550m LC MMF;Modulo SFP - Transceiver per Switch LC Duplex
SFP1G-SX-85#15426;FS Transceiver 1000BASE-SX SFP 850nm 550m LC MMF;Modulo Ottico Transceiver SFP-1.25G-SX
SFP1G-SX-85#15424;FS Transceiver 1000BASE-SX SFP 850nm 550m LC/UPC M;
SFP1G-SX-85#15423;FS Transceiver HPE H3C JD118B Compatibile;1000BASE-SX SFP 850nm 550m DOM Duplex LC/UPC MMF Modulo Transceiver Ottico
SFP1G-SX-85#15014;FS Transceiver 1000BASE-SX SFP 850nm 550m LC MMF;Modulo Ottico Transceiver per Alcatel-Lucent
SFP1G-SX-85#112163;FS Transceiver 1000BASE-SX SFP 850nm 550mDOM LC MM;Modulo Ottico Transceiver (MMF, 850nm, 550m, LC)
SFP1G-SX-85;FS Transceiver 1000BASE-SX SFP 850nm 550m LC MMF;Modulo SFP - Transceiver per Switch
SFP-1G-SX;CAMBIUM SFP MMF SX TRANSCEIVER 850NM;
SFP1G-LX-31-15458;FS JD119B HPE H3C 1000BASE-LX SFP 1310nm10kmLC MMF;
SFP1G-LX-31#15458;FS JD119B HPE H3C 1000BASE-LX SFP 1310nm10kmLC MMF;Compatibile 1000BASE-LX SFP 1310nm 10km DOM Duplex LC MMF/SMF Modulo Ottico Transceiver per Serie HPE FlexNetwork e FlexFabric Switch
SFP-1G-COPPER;CAMBIUM 1000BASE-T RJ45 SFP TRANSCEIVER;
SFP-10GSR-85-14904;FS.COM H3C 10GBASE-SR SFP+ 300m (HPE JD092B);Compatibile SFP+ 10GBASE-SR 850nm 300m Duplex LC/UPC MMF DOM Modulo Transceiver Ottico
SFP-10GSR-85#92098;FS.COM Transceiver HPE Aruba J9150D Compatibile;10GBASE-SR SFP+ 850nm 300m DOM Duplex LC/UPC MMF Modulo Transceiver Ottico per HPE Aruba e OfficeConnect Switch Serie
SFP-10GSR-85#31575;FS.COM Transceiver 455883-B21 HPE BladeSystem c-Cl;455883-B21 HPE BladeSystem c-Class Compatibile 10GBASE-SR SFP+ 850nm 300m DOM Duplex LC/UPC MMF Modulo Transceiver Ottico Hot
SFP-10GSR-85#14904;FS.COM H3C 10GBASE-SR SFP+ 300m (HPE JD092B);Compatibile SFP+ 10GBASE-SR 850nm 300m Duplex LC/UPC MMF DOM Modulo Transceiver Ottico
SFP-10GSR-85#11564;FS.COM Transceiver JD092B HPE H3C Compatibile 10GB;+ 850nm 300m DOM Duplex LC/UPC MMF Modulo Transceiver Ottico
SFP-10GSR-85;H3C 10GBASE-SR SFP+ 300m (HPE JD092B);
SFP-10G-SR;Cambium Transceiver, 850NM. -40C TO 85C;
SFP-10G-PC07#49062;FS.COM 7m (23ft) H3C LSTM2STK Compatibile 10G SFP;
SFP-10G-PC05#49060;FS.COM Cavo 5m H3C LSTM1STK Compatibile 10G SFP+;Cavo Twinax Passivo in Rame a Collegamento Diretto
SFP-10G-PC03#49058;FS.COM Cavo Twinax H3C LSWM3STK SFP+ a SFP+ 3M;Compatibile 10G SFP+ Cavo Twinax Passivo in Rame ad Attacco Diretto
SFP-10G-PC03#36788;3m (10ft) JD097C HPE H3C Compatibile 10G SFP+ Cavo;3m (10ft) JD097C HPE H3C Compatibile 10G SFP+ Cavo Twinax Passivo in Rame ad Attacco Diretto per le Serie Switch HPE FlexNetwork, FlexFabric e Altoline
SFP-10G-PC01#49054;FS.COM 1M H3C LSWM2STK Compatibile 10G SFP+;Cavo Twinax Passivo in Rame ad Attacco Diretto
SFP-10G-PC005#49053;FS.COM Cavo Twinax H3C LSWM3STK SFP+ a SFP+ 0.5M;Compatibile 10G SFP+ Cavo Twinax Passivo in Rame ad Attacco Diretto
SFP-10GLR-31-48828;FS Transceiver JD094B H3C Compatibile SFP+ 10GB;10GBASE-LR 1310nm 10km Duplex LC/UPC SMF DOM Modulo  Transceiver Ottico per Serie di Switch HPE OfficeConnect FlexNetwork FlexFabric e Altoline
SFP-10GLR-31#48828;FS Transceiver JD094B H3C Compatibile SFP+ 10GB;10GBASE-LR 1310nm 10km Duplex LC/UPC SMF DOM Modulo  Transceiver Ottico per Serie di Switch HPE OfficeConnect FlexNetwork FlexFabric e Altoline
SFP-10GLR-31#108381;FS Transceiver Customized 10GBASE-LR SFP+ 1310nm;"10km Duplex LC SMF DOM Optical Transceiver Module
Hardware Part No.:HPE J9151E Compatible Brands:Aruba
Operating Temperature:0 to 70°C(32 to 158°F)"
SFP-10GLR-31;FS Transceiver 10GBASE-LR SFP+ 1310nm 10km;DOM LC SMF
SFP-10G23-BX10#115657;FS Modulo Transceiver Ottico 10GBASE-BX H3C;Transceiver Ottico Personalizzato HPE JG219B 5820AF-24XG 1270nm-TX/1330nm-RX 10km DOM Simplex LC SMF
SFP-100FX-31-32760;HPE H3C JD102B OC-3/STM-1 SR-1 SFP 1310nm2km LCMMF;
SFFL2ZM/A;Apple AppleCare Protection Plan for MacBook Air M2;
SFE-DUO-LTEA-B-PRM;Peplink Pepwave SpeedFusion Engine;
SFA-MBR-RN;Peplink 1Y SpeedFusion Alliance Membership Renewal;
SFA-MBR;Peplink SpeedFusion Alliance Membership, 1-Year;
SES-SUB-500-PLUS;Broadcom Endpoint Security Enterprise +500 1Y;Hybrid Subscription License with Support
SES-SUB-1-99;Broadcom Endpoint Security Enterprise,;Hybrid Subscription License with Support, 1-99 Devices, 1Y
SES-SUB-100-499;Broadcom Endpoint Security Enterprise 100-499 Dev;Hybrid Subscription License with Support
SEP-SUB-1-99;SYMANTEC Endpoint Protection Sub Lic 1-99Dev;
SEP-NEW-S-1K-2500-1Y;ENDPOINT PROTECTION LICENSE w SUPPORT 1 YR;
SEP-EXT-S-1K-2500-1Y;Symantec ENDPOINT PROTECTION Renewal 1000-2499;
SDU-VSTA100-3Y;Sangfor security database update 3 years;
SDU-VCC-100-3Y;Sangfor Cyber Command security database update;
SDSSDXPM2-500G-G25;SanDisk Extreme PRO SSD 500Gb M.2 2280;
SDSSDH3500GG25;"SANDISK HDD SSD Ultra 3d 500Gb 2.5"" Sata 6Gb/s";
SDSSDH31T00G25;SSD ULTRA  3D 2.5 INCH 1TB;
SDSSDA-1T00-G27;"SANDISK SSD PLUS 1TB 2.5"" SATA 6Gb/s 3YW";Velocità di trasferimento dati interno 535MBps (lettura)/350 MBps (scrittura)
SDSQXA1-128G-GN6MA;Sandisk 128GB EXTREME MICROSDXC;
SDSQUAB-128G-GN6MA;SanDisk Ultra microSD 128GB microSDXC;Scheda di memoria flash A1 / UHS Class 1 / Class10 velocità di trasferimento fino a 140 MB/s - con adattatore SD
SDSQUAB-064G-GN;SanDisk Ultra microSD 64GB microSDXC;Scheda di memoria flash A1 / UHS Class 1 / Class10 velocità di trasferimento fino a 140 MB/s - con adattatore SD
SDSDXXD-128G-G;Sandisk Micro SD EXTREME PRO SDXC CARD 128GB;
SDSDXVT-064G-GN;Sandisk Micro SD EXTREME ULTRA CARD 64GB;Memory Card SD Velocita di lettura max 150 MB/s - Velocita di scrittura max 150 MB/s
SDSDXVT-032G-GNCI2;SanDisk Extreme Memoria flash SDHC Classe 10 32GB;Velocità di scrittura fino a 60 MBs, velocità di trasferimento fino a 100 MBs
SDCZ73-032G-G46;CHIAVETTA USB ULTRA FLAIR 3.0 32GB;
SDCZ73-016G-G46;CHIAVETTA USB ULTRA FLAIR 3.0 16GB;
SDCS2/128GB;Kingston Canvas Select Plus SD 128GB;"Scheda di memoria flash (adattatore da microSDXC a SD in dotazione) 128 GB A1 / Video Class V10 / UHS Class 1 / Class10
UHS-I microSDXC"
SDCG3/128GBSP;Kingston microSDXC CanvasGoPlus 128GB 170R/90W V30;
SDCG3/128GB;Kingston microSDXC CanvasGoPlus 128GB 170R/90W V30;
SCHERMOPROT.VETRO M2;Schermo protettivo in vetro per HUAWEI Media pad M;
SATAEXT30CM;StarTech.com Cavo di estensione SATA di 0,3 m;Cavo di estensione SATA di 0,3 m - Prolunga SATA - Serial ATA 150/300/600 - SATA (P) a SATA (R) - 30 cm - rosso
SAC-TC2L-4SCHG-01;ZEBRA 4-Slot Battery Charger for Zebra TC22/TC27;Caricabatterie a 4 slot per fino a quattro batterie di ricambio per dispositivi Zebra TC22 e Zebra TC27. Le batterie a capacità standard si caricano dallo 0 al 90% in meno di 3 ore. Le batterie a capacità estesa si caricano dallo 0 al 90% in meno di 4 ore
SAC-MC93-4SCHG-01;Zebra Battery charging station (4 slot);(alimentatore e cavo AC non inclusi)
SAC-MC33-4SCHG-01;Zebra MC32/MC33 4SLOT SPARE BATTERY CHARGER;REQUIRES: LEVEL VI POWER SUPPLY PWR-BGA12V50W0WW, DC LINE CORD CBL-DC-388A1-01 AND COUNTRY SPECIFIC 3 WIRE AC LINE CORD.
SA400S37/480G;"KINGSTON Hard Disk SSD da 480 GB 2.5""";"Disco SSD Interno A400 480Gb Sata3 2.5"" - Velocità Scrittura 450 MB/s Velocità Lettura 500 MB/s"
SA400S37/240G;KINGSTON 240GB A400 SATA3 2.5 SSD (7MM HEIGHT);"Disco SSD Interno A400 240gb Sata3 2.5"""
S4RA202.8;STUDIO 4 - Antiriciclaggio (SIR);2 soggetti IVA fatturanti
S4R3A212.14;STUDIO 4-Commercialisti Base (SIR);2 soggetti IVA fatturanti
S4R3A112.14;ST4-Commercialisti Base(SIR)-START1Pdl-1SoggF;
S4R303.14V;STUDIO 4 - Commercialisti Base a Volumi (SIR);
S4R303.10V;ST4-Commerc.Estesa Volumi (SIR) 3 Sogg.IVA.Fatt.;
S4R302.10V;ST4-Commerc.Estesa Volumi (SIR) 2 Sogg.IVA.Fatt.;
S4R301.14V;STUDIO Commercialisti - Base a Volumi SIR 1sogg;
S4R301.10V;ST4-Commerc.Estesa Volumi (SIR) 1 Sogg.IVA.Fatt.;
S4FX03.1;STUDIO 4 - Tabelle Commercialisti;
S4FX02.53;ST4 Simpresa BI-Gest.Studio Incr.1 Pdl Cl.F;
S4FX02.51;ST4 Simpresa BI-Integraz.MS Power BI Incr.1 Cl.F;
S4FX02.29;STUDIO 4 - Mediazione civile;
S4FX02.18;STUDIO 4 - Avanzamento Adempimenti;
S4FX02.14;Pianificazione e Controllo;
S4FX02.12;STUDIO 4 - Gestione Mandati Professionali;
S4FX0.36;ST4 Archiviaz.integr.posta elettro. Incr.1Pdl Cl.F;
S4FX0.34;STUDIO 4 Gestione Fascicoli;
S4FX0.32;STUDIO 4 - Conservazione Digitale;
S4FX0.30;Invio massivo documenti email;
S4F03.1;STUDIO 4 - Tabelle Commercialisti;
S4F02.8;STUDIO 4 Antiriciclag.-Estesa-Cl. 20Pdl e 20 sogg;
S4F02.7;STUDIO 4 Politiche sconti;
S4F02.6;STUDIO 4 Gestione Docum. di incasso-Estesa-Cl. 20;
S4F02.53;STUDIO 4 Simpresa BI - Gestione dello Studio;
S4F02.51;STUDIO 4 Simpresa BI - Integrazione MS Power BI;
S4F02.5;STUDIO 4 Gestione Anticipazioni e Fondi;
S4F02.40;STUDIO 4 - Contabilità Analitica;
S4F02.4;STUDIO 4 Fatturaz. servizi a misura-Estesa-Cl. 20;
S4F02.39;STUDIO 4 Reporter Disegnatore-Estesa-Classe 20 pdl;
S4F02.33;STUDIO 4 Analisi dati gestionali-Estesa-Cl. 20 pdl;
S4F02.31;STUDIO 4 Analisi dati econom. finanz.-Estesa-CL.20;
S4F02.29;STUDIO 4 - Mediazione civile;Classe F
S4F02.22;STUDIO 4 - Redattore Atti Giudiziari;Classe F
S4F02.21;STUDIO 4 - Integrazione con PolisWeb;Classe F
S4F02.20;STUDIO 4 - Pratiche Giudiziarie;Classe F
S4F02.18;STUDIO 4 - Avanzamento Adempimenti;Classe F
S4F02.14;Pianificazione e Controllo - Estesa - Classe 20 pd;
S4F02.12;STUDIO 4 - Gestione Mandati Professionali;Classe F
S4F0.36;ST4 Archiviazione integrata posta elettron. 20 Pdl;
S4F0.34;STUDIO 4 Gestione Fascicoli Estesa-Classe 20 pdl;
S4F0.32;STUDIO 4 - Conservazione Digitale;classe B
S4F0.30;Invio massivo documenti e-mail - Estesa - Classe 2;
S4E02.8;STUDIO 4 Antiriciclaggio -Cl.E;
S4E02.6;STUDIO 4 Gest.Doc.incasso-Cl.E;
S4E02.4;STUDIO 4 Fatt.Servizi misura-Cl.E;
S4E02.19;ST4-Integrazione con centralino digitale-Cl.E;
S4E02.13;STUDIO 4 Rilevazioni Prestaz.-Cl.E;
S4D092.71;STUDIO4 Gest.integ.FTE/corrispett. 150 doc/mese;
S4D037.03;STUDIO 4/Privacy GDPR-Analisi d'impatto B;
S4D037.01;STUDIO 4/GDPR Gest.Trattamenti/Valutaz.rischi B;
S4D02.8;STUDIO 4 - Antiriciclaggio -Cl.D;
S4D02.7;STUDIO 4 Politiche sconti-Cl.D 10 Pdl;
S4D02.6;STUDIO 4 Gest. Doc. Incasso Cl.D;
S4D02.5;STUDIO 4 Gest.Anticip.e fondi -Cl.D 10 Pdl;
S4D02.40;STUDIO 4 - Contabilità Analitica;
S4D02.4;STUDIO 4 Fatt. Servizi misura Cl.D;
S4D02.39;STUDIO 4-Reporter Disegnatore-Cl.D 10 Pdl;
S4D02.33;STUDIO 4-Analisi dati gestionali;
S4D02.31;STUDIO 4-Analisi dati economici e finanziari;
S4D02.29;STUDIO 4- Mediazione civile Cl.D 10 pdl;
S4D02.13;STUDIO 4-Rilevazioni Prestaz.Cl.D;
S4D0.30;STUDIO 4 - Invio massivo documenti email D;
S4CX05.1;STUDIO 4 - Tabelle Avvocati;
S4CX03.1;STUDIO 4 - Tabelle Commercialisti;
S4CX02.7;STUDIO4 Politiche sconti incr.1 pdl;
S4CX02.6;STUDIO 4 Gest.Doc.incasso-Multistudio PDL AGG.;
S4CX02.4;STUDIO 4 Fatt.Servizi misura-Multistudio PDL AGG.;
S4CX02.29;STUDIO 4 - Mediazione civile;
S4CX02.18;STUDIO 4 - Avanzamento Adempimenti;
S4CX02.14;STUDIO 4 - Pianificazione e Controllo;
S4CX02.13;STUDIO 4-Rilevazioni Prestaz.-Multistudio PDL AGG.;
S4CX02.12;STUDIO 4 - Gestione Mandati Professionali;
S4CA102.8;STUDIO 4 - Antiriciclaggio Classe A1;
S4C3A112.14;STUDIO 4 Commercialisti Base A1;1 Soggetto IVA Fatturante
S4C05.1;STUDIO 4 - Tabelle Avvocati;
S4C03.1;STUDIO 4 - Tabelle Commercialisti;
S4C02.8;STUDIO 4 - Antiriciclaggio - Multistudio;
S4C02.7;STUDIO4 Politiche sconti 5pdl;
S4C02.6;STUDIO 4 Gest.Doc.incasso-Multistudio;
S4C02.5;STUDIO 4 Gestione Anticipazioni e Fondi;
S4C02.40;STUDIO 4 - Contabilità Analitica Cl.C 5 Pdl;
S4C02.4;STUDIO 4 Fatt.Servizi misura-Multistudio;
S4C02.39;STUDIO 4-Reporter Disegnatore-Cl.C 5 Pdl;
S4C02.33;STUDIO 4-Analisi dati gestionali-Cl. C 5 Pdl;
S4C02.31;STUDIO 4 Analisi dati econom.e finanz.-Cl.C 5 pdl;
S4C02.29;STUDIO 4 - Mediazione civile;
S4C02.18;STUDIO 4 - Avanzamento Adempimenti;
S4C02.14;STUDIO 4 - Pianificazione e Controllo;
S4C02.13;STUDIO 4-Rilevazioni Prestaz.-Multistudio;
S4C02.12;Gestione Mandati Professionali;
S4C02.11;STUDIO 4 Gest.solleciti di pagamento-Cl.C 5 Pdl;
S4C0.30;STUDIO 4 - Invio massivo docum. email Cl.C 5 Pdl;
S4B09.11;STUDIO 4 - Processo Tributario Telematico;
S4B04.1;Tabelle Consulenti del Lavoro;
S4B02.9;STUDIO 4 - Contabilità Professionisti;classe B
S4B02.8;STUDIO 4 - Antiriciclaggio - Cl.B;
S4B02.7;STUDIO 4 Politiche sconti;classe B
S4B02.6;STUDIO 4 Gestione Doc. Incasso B;
S4B02.53;ST4 Simpresa BI-Gestione dello Studio Cl.B 3 Pdl;
S4B02.51;ST4 Simpresa BI-Integraz.MS Power BI Cl.B 3 pdl;
S4B02.5;STUDIO 4 Gestione Anticipazioni e Fondi;classe B
S4B02.40;STUDIO 4 - Contabilità Analitica;classe B
S4B02.4;Fatturazione Servizi a misura;
S4B02.39;Reporter Disegnatore;
S4B02.33;STUDIO 4-Analisi dati gestionali;
S4B02.31;Studio 4 Analisi dati economici e finanziari 3PDL;
S4B02.14;STUDIO 4 Pianificazione e Controllo Classe 3 pdl;
S4B02.13;Rilevazione Prestazioni;
S4B02.10;STUDIO 4 Trasmissione spese per 730 precompilato;classe B
S4B02.0;STUDIO 4 Modulo Base;
S4B02;ST4-Configuraz.Base-Altre Prof.-Cl.B 3Pdl 3 Sogg.;classe B
S4B0.32;STUDIO 4 - Conserv.Digitale - Cl.B;
S4B0.30;STUDIO 4 - Invio massivo documenti e-mail;
S4A202.8;STUDIO 4 - Antiriciclaggio fino a 2;
S4A202.76;STUDIO 4 Hub Sistemi;START A2 - 2 pdl/750 documenti mese
S4A202.71;STUDIO 4 Gestione integrata fattura elettronica;start a2
S4A202.33;Studio 4 Analisi dati gestionali 3PDL;
S4A103.1;STUDIO 4 Tabelle Commercial.START 1Pdl-300Pr;
S4A102.8;STUDIO 4 Antiriciclagg-START-1 Pdl-300Pr.;
S4A102.5;ST4 Gest.Anticip.Fond-START-1 Pdl;
S4A102.15;STUDIO 4 - Gestione Calendari - 1pdl;
S4A102.13;STUDIO 4 - Rilevazione Prestazioni - 1pdl;
S4A102;ST4-Configur.Base-Altre Prof.-ST 1Pdl-1Sogg;
S4A10.30;STUDIO 4 - Invio massivo docum. email START 1 Pdl;
S45FX12.26;STUDIO 4 - Avvocati - Organizzazione Studio;
S45FX12.20;STUDIO 4 - Avvocati - Gestione del Sistema;
S45F12.26;STUDIO 4 - Avvocati - Organizzazione Studio;Classe F
S45F12.23;STUDIO 4 - Avvocati-Amministrazione dello Studio;
S45F12.20;STUDIO 4 - Avvocati - Gestione del Sistema;
S45D12.23;ST4-Avvocati Ammin.Studio 10pdl-sogg/4000 doc mese;
S45CX12.26;STUDIO 4 - Avvocati - Organizzazione Studio;
S45CX12.20;STUDIO 4 - Avvocati - Gestione del Sistema;
S45CX12.16;STUDIO 4 - Avvocati Legale PCT;
S45C12.26;STUDIO 4 - Avvocati - Organizzazione Studio;
S45C12.20;STUDIO 4 - Avvocati - Gestione del Sistema;
S45C12.16;STUDIO 4 - Avvocati Legale PCT;
S45B12.23;STUDIO 4 - Avvocati-Amministrazione dello Studio;
S44A212.14;STUDIO 4 Consulenti - Base start A2;
S43FX12.26;- Commercialisti-Organizzazione Studio;
S43FX12.20;Commercialisti Gestione del Sistema;
S43F12.26;STUDIO 4 Commercialisti - Organizzazione Studio -;
S43F12.22;STUDIO 4 Commercialisti - Amministrazione dello St;
S43F12.20;STUDIO 4 Commercialisti - Gestione del Sistema  -;
S43E12.26;STUDIO4 Commercialisti Organizzazione Studio 15pdl;
S43E12.20;STUDIO 4 - Commercialisti Gestione del Sistema;
S43D12.26;STUDIO4 Commercialisti Organizzazione Studio 10pdl;
S43D12.22;STUDIO 4-Commercialisti Amministrazione Studio;
S43D12.20;STUDIO 4 - Gestione del Sistema 10pdl;
S43D12.10;STUDIO Comm.- Estesa Cl.10 - 10 Sogg. Fatt.;
S43D12;STUDIO 4 - Commercialisti Estesa Cl.D;
S43C12.22;STUDIO 4 - Commercialisti Amministrazione Studio;
S43C12.10;STUDIO 4 Commercialisti - Estesa;5 PDL
S43C12;Commercialisti Estesa-Cl.C 5 Sogg.Fatturanti;
S43B12.22;Studio 4 Amm. dello studio 3 PDL;
S43B12.20;STUDIO 4 Commercialisti Gestione del Sistema 3pdl;
S43B12.14;STUDIO 4 Commercialisti - Base 3 Pdl;
S43B12.10;STUDIO 4 - Commercialisti Estesa;
S43A212.14;STUDIO 4 Commercialisti Base fino a 2;
S43A212.10;STUDIO 4 Commercialisti - Estesa;
S43A112.14;STUDIO 4 - Commercialisti Base;
S43A112.10;STUDIO 4 Commercialisti - Estesa;
S4032.8V;ST4 Volumi-Antiriciclaggio-3 Sogg.IVA Fatturanti;
S4032.4V;ST4 Volumi-Fatt.Servizi misura-3 Sogg.IVA Fatt.;
S4032.33V;ST4 Volumi-Analisi dati gestionali-3 Sogg.IVA Fatt;
S4032.31V;ST 4 Volumi-Analisi dati econom/finanz-3 Sogg.Fatt;
S4022.8V;ST4 Volumi-Antiriciclaggio-2 Sogg.IVA Fatturanti;
S4022.6V;ST4 Volumi Gest.Doc.incasso-2 Sogg.IVA Fatturanti;
S4022.4V;ST4 Volumi-Fatt.Servizi misura-2 Sogg.IVA Fatt.;
S4012.8V;ST4 Volumi-Antiriciclaggio-1 Sogg.IVA Fatturante;
S4012.4V;ST4 Volumi-Fatt.Servizi misura-1 Sogg.IVA Fatt.;
S4012.33V;ST4 Volumi-Analisi dati gestionali-1 Sogg.IVA Fatt;
S4012.31V;ST 4 Volumi-Analisi dati econom/finanz-1 Sogg.Fatt;
S4012.15V;ST4 Volumi- Agenda -1 Sogg.IVA Fatturante;
S4012.14V;ST4 Volumi-Pianif.e Controllo-1 Sogg.IVA Fatt.;
S4012.13V;ST4 Volumi-Rilevazione Prestaz.-1 Sogg.IVA Fatt.;
S3R55AAE;SuSE Linux Enterprise Server 3Y;Abbonamento licenza duso (3 anni) + 3 Years 24x7 Software Support - 1-2 socket - ESD
S3C3.03;SPRING SQL Emissione Doc. Elettronici Cl.C;
S3C2.05;SPRING SQL Listini per Cliente e Fornitore;
S3C10E;SPRING SQL Configurazione Estesa Multiditta Cl.C;
S3B10E;SPRING SQL Configurazione ESTESA;
S3260-8T2FP;FS Switch 8P Gigabit L2+ PoE+ uplink SFP+ 1Gb;
S30852H2727K101;Siemes Gigaset C530 A GO con segreteria;
S30852H2506K101;SIEMENS GIGASET C 530 IP;
S30852-H2305-B101;Siemens Gigaset C610;
S2E41B-0475;HPE MSA 2060 16Gb FC SFF 46TB Flash Bdl;"Configurazione 139230475:
Quantità 1 C8R24B HPE MSA 16Gb SW FC SFP 4pk XCVR 
Quantità 4 QK733A HPE Premier Flex LC/LC OM4 2f 2m Cbl 2L 
Quantità 1 HU4B2A5 HPE 5Y Tech Care Basic SVC 72 
Quantità 1 HU4B2A5#ZQA HPE MSA 2060 Support R8"
S2805S-8TF;FS.COM Switch Gigabit Ethernet L2 a 8P 8xGb RJ45;8 x Gigabit RJ45, con 2 x 1Gb SFP Uplink, Senza Ventola
S25TECPR;SIR/Tec PROFIS;
S2510BPU33;"StarTech.com Box esterno HD SSD2.5"" SATAIII USB3.0";con UASP da 7mm
S2510BMU33;"StarTech.com Box esterno HD SSD2.5"" SATAIII USB3.0";Box esterno con controller host UASP (USB Attached SCSI Protocol), in alluminio con cavo incorporato
S20TECST;SIR/Tec STUDIO 4- 20 PdL;
S20TECPR;SIR/Tec PROFIS;
S1-LG8UWF3;Servizi Manutenzione IBM su apparati DataDomain;Copertura dal 01/01/2020 al 31/12/2020
S15TECPR;SIR/Tec PROFIS - 15 Pdl;
S12001;Clevertouch Estensione Garanzia a 4 Anni (3+1);
S1110;Qlik Sense Enterprise Client-Managed Analyzer;"comprensivo di Qlik Sense Enterprise SaaS with User
Sync to ClientManaged"
S1109;Qlik Sense Enterprise Client-Managed;"comprensivo di Qlik Sense Enterprise SaaS with User
Sync to ClientManaged"
S10TECPR;PROFIS SIR/Tec 10 PDL;
S10TECJB;SIR/Tec JOB - 10 PdL;
S10TECES;SIR/Tec eSOLVER - 10 PdL;
S0T04A;HPE 5xxxHI 4P 1/10G SFP+ Mod;
S0946310;Etichettatrice DYMO LM160P;
S0784430A;Etichettatrice da scrivania Dymo LM 210 D;
S0722520A;Etichette per LabelWriter - Dymo -25x54mm bianco p;
S05TECPR;SIR/Tec PROFIS - 5 PdL;
S05TECJB;SIR/TEC JOB - 5 Pdl;
S05TECES;SIR/Tec eSOLVER -  5 PdL;
S03TECSP;SIR/Tec Spring SQL - 3 PdL;SIR/Tec Spring SQL - 3 PdL
S03TECPR;PROFIS SIR/TEC;
S03TECJB;SIR/TEC JOB - 3 Pdl;
S03TECES;ESOLVER Componente SIR/TEC 3 Pdl;
S02TECSP;SPRING/SQL SIR/Tec 2pdl;
S02TECES;SIR/Tec eSOLVER - 2 Pdl;
S01TECST;SIR/Tec STUDIO 4 - 1 PdL;
S01TECSP;SIR/Tec SPRING SQL - 1 Pdl;
S01TECJB;SIR/TEC Job - 1 PDL;
S0001;Qlik Sense Enterprise SaaS with User;
S+RJ10;MikroTik S+RJ10 RJ45 SFP+ copper module;Modulo di Trasmettitore di Rete 10/100/1000M/2.5G/5G/10G
S+DA0003;MikroTik SFP+ direct attach cable, 3m;
S+DA0001;MikroTik SFP+ direct attach cable, 1m;
S+31DLC10D;MikroTik-- SFP+ module 10G SM 10km 1310nm;
RUTM51;Teltonika - RUTM51 Router Industriale 5G;
RUT271000000;Teltonika RUT271 router 5G REDCAP;
RUT241210000;Teltonika- RUT241 eSIMT INDUSTRIAL 4G eSIMT ROUTER;"LTE Cat 4 fino a 150 Mbps
Supporta fino a 7 profili eSIMT con gestione via WebUI e RMS
Modulo TPM per una sicurezza avanzata (TPM 2.0)
Failover automatico WAN per connettività ininterrotta
Due porte Ethernet RJ45
Compatibile con RMS per la gestione remota"
RTX4060-V2X-O8G;MSI Scheda Grafica RTX 4060 VENTUS 2X BLACK OC;NVidia GeForce RTX 4060 8GB GDDR6 PCIExpress x16 - Risoluzione massima 7680x4320px - Alimentatore minimo 550 W - Schermi supportati 4 HDMI e Display Port - Garanzia 24 mesi
R-SW-ROBO-1VM-PRO-PRD;Nutanix Subscription Renewal Acropolis (AOS) ROBO;Pro Software License for ROBO Solutions for 1 VM & Production Software Support Service for 1 VM
R-SW-AOS-ULT-PRD;Nutanix Subscription Acropolis (AOS);Ultimate Software License & Production Software Support Service
RS-PB-EDG-PE-PP;Rubrik Edge for Remote and Branch Office for MSP;"Rubrik Edge for Remote and Branch Office for MSP; per PB; Premium support; prepay term: 36 months"
RSL2.2R100-S2;"FS Borchie rack 100pz Rackstuds per 2.2mm/0.086""";
RS-HW-SVC-R7K-PE-S3;Rubrik Support for R7000-3 hardware prepay Premium;"Support for R7000-3 hardware prepay Premium support; term 36 months"
RS-HW-SVC-R7K-PE-S2;Rubrik Support for R7000-2 hardware prepay Premium;"Support for R7000-2 hardware prepay Premium support; term 24 months"
RS-HW-SVC-PE-S3;"Rubrik Support for R6000S-3 hardware;Premium supp.";"Support for R6000S-3 hardware, prepay; Premium support; term 36 months"
RS-HW-SVC-PE-S2;Support for R6000S Tier 2 hardware, prepay;"Support for R6000S Tier 2 hardware, prepay; Premium support
 term: 36 months"
RS-FT-NCD-PE-PP;Rubrik NAS Cloud Direct per FETB;"Rubrik NAS Cloud Direct per FETB; Premium support prepay; term 36 months"
RS-BT-FE-PE-PP;Rubrik Foundation Edition per usable BETB;"Rubrik Foundation Edition per usable BETB; Premium support prepay term: 36 months"
RS-BT-CVA-PE-PP;"Rubrik Cloud Vault in Azure - Archive; per BETB";"Rubrik Cloud Vault in Azure - Archive Tier Single Zone per BETB; Premium support; prepay term 36 months"
RS-BT-BE-PE-PP;"Rubrik Business Edition; per usable BETB";"Rubrik Business Edition; per usable BETB; Premium support; prepay term: 36 months"
RS815P-R;SYNOLOGY NAS RACKSTATION RS815 PLUS;
RS3621XS+;Synology NAS RS 12-Bay 2U Xs+ Xeon D-1541 5Y;RackStation a 12 vani SATA Xeon D-1541 8core 2.1Ghz 8GB DDR4 - 6 porte LAN - 2 porte USB - LIVELLI RAID: RAID 1 (Mirroring), Raid 5, Raid 6, Jbod, RAID 0 (Striping) - Garanzia 60 mesi
RS3621RPXS;Synology NAS RS 12-Bay 2U Xs Xeon D-1531 5Y;RackStation a 12 vani SATA Xeon D-1531 6core 2.2Ghz 8GB DDR4 ecc - 4 porte LAN - 2 porte USB - LIVELLI RAID: RAID 1 (Mirroring), Raid 5, Raid 6, Jbod, RAID 0 (Striping) - Garanzia 60 mesi
RS2423RP+;Synology RackStation RS2423RP+ 12BAY 3Y;Server NAS 12 alloggiamenti montabile in rack SATA 6Gb/s RAID RAID 0, 1, 5, 6, 10, JBOD RAM 8 GB Gigabit Ethernet / 10 Gigabit Ethernet iSCSI supporto 2U - 3 anni di garanzia
RS1221RP+;Synology RackStation 8-Bay AMD Ryzen V1500B;Qc 2.2ghz 4GB Ddr4 2xpsu
RS1221+;Synology RackStation 8-Bay Ryzen Embedded V1500B;Server NAS Montabile in rack 2U - RAID SATA 6Gb/s RAID RAID 0, 1, 5, 6, 10, JBOD - Garanzia 36 Mesi
RS043;Convertitore porte seriali 4xRS232 su 1xRJ45;
RPS-PWR-2300;Cisco Redundant Power System 2300;
RP001230635;HPE SFF Gen8 Hard Drive Blank Kit;
RP001227764;HPE Power Supply 460W Hotplug RFB;
RP000115699;"HPE 450GB 15000RPM SAS HDD 3.5"" Black refurbished";454274-001 NAS HPE P4000 series
RP_KIT_VIL;Vilros Raspberry Pi 3;
RNTXDP3YR;Subscr HYCU DP for VM 3y;
RMSMP0300000;Teltonika RMS MANAGEMENT PACK 3Years;Pacchetto 3 anni di servizi continui per la gestione remota dei dispositivi
R-L-FLASHTIB-ULT-PRD;Nutanix Subscription Acropolis (AOS) 1 TiB of flas;Ultimate Software License & Production Software Support Service for 1 TiB of flash
R-L-CORES-ULT-PRD;Nutanix Subscription Acropolis (AOS) 1 CPU;Ultimate Software License & Production Software Support Service for 1 CPU core
RKS-02;Synology Rail Kit Rks-02 (Rail Kit Sliding);Kit di guide per rack
RINN_DOM_;Rinnovo Dominio;
RIBBON;Ribbon 156x450;
RHA-7416-01;Rubrik R7416 Appliance 4-node 192TB raw HDD;R7416 Appliance 4-node 192TB raw HDD 30,7TB NvMe SFP+ NIC Brik Assembly
RHA-7404-01;Rubrik R7404 Appliance 4-node 48TB raw HDD;Rubrik R7404 Appliance 4-node 48TB raw HDD, 30.7TB NvME, SFP+ NIC
RHA-6408S-01;Rubrik r6408s Appliance 4-node 96TB raw HDD;r6408s Appliance, 4-node, 96TB raw HDD, 1.6TB SSD, SFP+ NIC, Unit TB: 60 - Associated SW Support: RS-HW-SVC-PE-S2
RH00004-R;Red Hat Enterprise Linux Server Standard;Physical or Virtual Nodes
RH00004;Red Hat Enterprise Linux Server Standard;Physical or Virtual Nodes
RCA-SFP-TSR-01;10G/1G Dual Rate SFP+ Transceiver, pack of 4;
RCA-F3M-CBL-01;Fiber Optic OM3 LC/LC Cable, 3M, pack of 4;
RBWAPGR-5HACD2HND&R11E-LT;Router LTEwAP ac LTE Kit with four core 710MHz CPU;Mikrotik router ART-127703
RBP-QMBT2X-BK;Datalogic Battery Pack Removable RBP-2X00;Compatibilità QBT2400, QM2400 - Garanzia 3 mesi
RBLHGG-60ADKIT;Mikrotik RouterBoard Wireless Wire Dish;
RBD53G-5HACD2HND-TC&RG502;MikroTik Chateau 5G high-speed dual-band LTE/5G;
RBD53G-5HACD2HND-TC&EG12-;Mikrotik Chateau LTE12 high speed, dual, band;home access point with CAT12 LTE
RBCBX1600-BD1;Battery-Direct Batteria per APC Back UPS BX 1600;
RBC7;APC Replacement Battery Cartridge #7;Batteria UPS 1 batteria x Piombo nero per P/N: SMT1500C, SMT1500I-AR, SMT1500IC, SMT1500NC, SMT1500TW, SUA1500ICH-45, SUA1500-TW
RBC6;APC BATTERIA PER UPS 6;
RBC55;APC BATTERIA RBC55;
RBC43;APC Batterie per SUA2200RMI2U SUA3000RMI2U;
RB941-2ND;Mikrotik hAP Lite 4X 10/100 Ethernet;
RB912R-2ND-LTM&R11E-LTE;Mikrotik router LTE LtAP mini LTE kit;Router LTE con modulo Wi-Fi 2.4 GHz integrato - LTE with 650MHz CPU, 64MB RAM, 1xLAN, built, in 2.4Ghz 802.11b/g/n Dual Chain wireless with integrated antenna, LTE modem (for International bands 1/2/3/5/7/8/20/38/40) with internal LTE antenna, GPS, Dual, SIM
RB760IGS;MikroTik hEX S with Dual Core 880MHz;
RB750UPR2;MikroTik RouterBOARD hEX POE Lite 5x GB Ethernet;
RB750GR3;MikroTik RouterBOARD hEX 5x GB Ethernet;
RB5009UPR+S+IN;MikroTik RouterBORD RB5009UPr Marvell Armada ARMv8;ART-179037
RB3011UIAS-RM;MikroTik RouterBOARD 3011UiAS;
RB2011UIAS-RM;MikroTik RouterBOARD 2011UiAS;
RB2011UIASRM;MikroTik RouterBoard 2011UiAS;1xSFP port, 5xLAN, 5xGbit LAN,
RA-PS-CON_RMOT;Rubrik Prof. Services,Remote Consulting services p;Rubrik Professional Services, Remote Consulting services per day, must be used within 6 months of purchase, prepay
RAIL-B02;QNAP Rack Slide Rail Kit for TVS-471U Other 2U;
R9L61A;HPE Switch FlexNetwork 5140 24G 4SFP+ 1-slot HI;"Switch 1 slot L3 gestito 24 x 10/100/1000 + 8 x combo Gigabit SFP + 4 x 10 Gigabit Ethernet / 1 Gigabit Ethernet SFP+
flusso di aria da laterale a posteriore montabile su rack"
R9861611EUB1;Barco ClickShare C-10 Gen2 video 4K;Sistema di presentazione wireless di nuova generazione per sale riunioni di medie e grandi dimensioni
R8N89A;HPE Aruba Switch 6000 12G Class4 PoE 2G/2SFP;Aruba 6000 12G Class4 PoE 2G/2SFP 139W Switch
R8N86A;HPE Aruba 6000 48G 4SFP Switch;
R8M28-61001;HPE SWITCH 5520 24G POE+ 4SFP+ HI;
R7A12AAE;HPE GreenLake COM En 5y Up ProLiant aaS;Estensione garanzia 5 anni
R6T15A;NUTANIX AOS LTS FIO SW FOR HPE;
R650XS;Dell PowerEdge R650xs;480GB SSD SATA - Intel Xeon Gold 5315Y 3.2G - Dell EMC ME5012 Storage Array - PowerProtect 3300 Appliance
R4W02A;HPE Instant On AP22 RW Access Point PoE;"Wireless access point - Bluetooth, 
Wi-Fi 6"
R2X16A;HPE Aruba Access Point Instant ON AP11D (RW);"Wireless access point - Bluetooth,
Wi-Fi 5 - 2.4 GHz, 5 GHz"
R2X01A;HPE AP12 (RW) 2x2 11ac Wave2 Indoor Access Point;
R18-06470;MS Windows Server CAL 2022 Italian 1pk DSP OEI 5;Microsoft Windows Server CAL 2022 Italian 1pk DSP OEI 5 Clt User CAL
R18-06416;Microsof Win Svr CAL 2022 ITA 1pk 1 Clt Device CAL;
R18-05123;WinSvrCAL 2016 SNGL OLP NL UsrCAL;
R18-03687-R;MS WinServerCAL 2012 IT 1pk DSP OEI 5 Clt Device;
R18-02420;Win Server CAL SA OLV D 1Y Aq Y1 AP UCAL;Win Server CAL SA OLV D 1Y Aq Y1 AP UCAL
R18-01855;MICROSOF Windows ServerCALSingle License/Software;
R0Q84B-7226;HPE MSA 2062 12Gb SAS SFF Storage;"così configurato:
n. 1 R0Q84B HPE MSA 2062 12Gb SAS SFF Storage
n. 2 R0Q67A HPE MSA 14.4T SAS 10K SFF M2 6pk HDD Bdl
n. 1 875519-B21 HPE Bezel Lock Kit
n. 1 AG466A  HPE Door/dock Small Delivery SVC
n. 4 716197-B21 HPE Ext 2.0m MiniSAS HD-MiniSAS HD Cbl
n. 1 HU4B2A5 ZQB HPE 5Y Tech Care Basic SVC  HPE MSA 2062 Support"
R0Q78B;HPE MSA 2060 12Gb SAS SFF Storage;
R0Q57A;"HPE HDD MSA 2.4GB SAS 12G 2.5"" SFF 10K rpm 3YW";
R0Q47A;HPE MSA 1.92TB SAS RI SFF M2 SSD;
QY778AT-R;HP USB 1000DPI LASER MOUSE;
QY778AT;HP USB 1000DPI LASER MOUSE;
QY777AA;HP USB Optical mouse;
QXG-10G2T;QNAP Dual-Port Baset 10Gbe Network Expansion Card;PCI Express, Interfaccia Ethernet - Velocità massima di trasferimento dati 10000 Mbit/s
QW2120-BKK1S;Lettore Codici a Barre QUICKSCAN QW2120 1D;Cavo USB e stand incluso
QUADRA_QCOM_SRV;Licenza Quadra QCOM Server (1 Server, 2 macchine);Software QCOM con protocollo OPC-UA
QUADRA_QCOM_AGG;Licenza Quadra QCOM Macchina aggiuntiva;
QUADRA_MES_WEB;Applicazione web utilizzabile da dispositivi vari;pc, tablet - senza nessuna limitazione su numero utenti e numero dashboard/report (ILLIMITATE)
QUADRA_MES_UTE;Licenze MES (postazione operatore);4 rep. stampaggio, 19 rep. confez., 1 rep. confez. Manuale
QUADRA_MES_SRV;Licenza MES modulo integrazione produzione;postazione ufficio
QUADRA_MES_COR;Licenza MES coordinatore;consul. stato macchina, timeline e timesheet - 1 per rep. stampaggio, 1 per rep. confezionamento
QUADRA_MES_BI;Licenza Business intelligence Dirigo QDS;Quadrivium Dashboard System: Applicazione web utilizzabile da dispositivi vari (pc, tablet) comprensiva di ambiente di sviluppo (report e dashboard designer) (ILLIMITATE)
QSFP-SFP10G-CVR#193608;FS HPE Aruba Compatibile QSFP+ 40G a SFP+ 10G;Modulo Adattatore Convertitore con DDMI
QSFP-PC01-36838;FS.COM HPE H3C JG326A Compatibile 40G QSFP+ Cavo1M;
QSFP-40G-PC01#36838;FS 1m (3ft) HPE H3C JG326A Compatibile 40G QSFP+;Cavo di Rame Passivo ad Attacco Diretto
QSFP-40G-4SPC03;3m (10ft) H3C LSWM1QSTK4 Compatibile 40G;QSFP+ a 4x10G SFP+ Cavo Breakout Passivo in Rame a Diretto Collegamento
QSFP-100G-PC005;FS 0.5m (2ft) H3C Compatibile 100G QSFP28;Cavo Twinax Passivo in Rame ad Attacco Diretto
QSCP99999999-1AREICL;ARROW 8x5 Premium Support (SW);
QSCP9999999;ARROW 8x5 Premium Support f. Check Point (no CES);
QSCP9999998;ARROW 8x5 Premium Support f. Check Point 1Y;
QR477A;"HPE HDD M6625 300GB 6G SAS 15K rpm SFF 2,5"" DP";Hard Drive EVA P6350
QK764A;"HPE HDD M6625 TB 6G SAS 7.2K rpm SFF 2,5""DPMidline";Hard Drive StoreOnce 4700
QK734A;HP PREMIER FLEX LC/LC MULTI-MODE OM4 5FIBER 5M CBL;
QK733A;PREMIER FLEX LC/LC OM4 2F 2M CBL;
QK555AA;HP 1TB 7200RPM SATA 6GBPS HARD DRIV;
QHCP99999999-1CREIEU;ARROW 8x5 Premium Support & 8x5xSDS AR;
QHCP9999999;ARROW 8x5 Premium Support & 8x5xSDS AR (CP);
QE85QN70FAUXZT;"Samsung TV 85"" 4K QLED serie QN70 UHD 4K";"Smart TV 85"" UHD 4K (3840x2160) HDR+ 10 Bit"
QE50LS03DAUXZT;"SAMSUNG TV LCD LS03D 50"" The Frame 4K";"Smart TV 50"" Processore Quantum 4K Edge LED - QLED 4K (3840x2160) Wi-Fi DVB-T2"
QE43LS05TAUXZT;SAMSUNG TV LCD43 SERO43LS05 QLED UHD 4K 3HDMI;
QE43LS03DAUXZT;"SAMSUNG TV LCD LS03D 43"" The Frame 4K";"Smart TV 43"" Processore Quantum 4K Edge LED - QLED 4K (3840x2160) Wi-Fi DVB-T2"
QD15AZ;QUADRA - 2.400 doc/anno;
QD13AZ;QUADRA -1.800 doc/anno;
QD11AZ;QUADRA 1.200 documenti/anno;
QD03AZ;QUADRA 120 documenti/anno;
QBT2131-BK-BTK1;Datalogic QuickScan QBT2131 1d Bluetooth;Kit Scanner Manuale Stazione Base e Cavo Usb 90A052258 Inclusi - Garanzia 60 mesi
QBT2101-BK-BTK+;Datalogic QuickScan Scanner Manuale Bluetooth;Kit include Imager and USB Micro Cable
Q9Y59AAE;Aruba Central AP Foundation 3 year Sub E-STU;
Q9Y58AAE;Aruba Central AP Fnd 1yr Sub E-STU;
Q713354;Jabra Cuffie Evolve2 40 USB-C Over-the-head Stereo;
Q3938-67969;HP Kit ADF;
Q3931-67938;HP Inc. Tray 2 Pickup Feed Roller KIT;
Q32P2;"AOC Monitor Led 31.5"" 2560x1440 QHD 3YW";"Monitor LCD con retroilluminazione a LED 31.5"" Altoparlanti integrati - Risoluzione QHD 2560x1440 a 75Hz Tempo di risposta 4 ms - Connettori di ingresso 2xHDMI, DisplayPort - 3 anni di garanzia"
Q2017A;HPE Etichette con codici a barre (LTO-9);100 etichette dati, 10 etichette di pulizia
Q1J31A;HPE MSA 2052 SAS Dual Controller SFF Storage;
PYO2SATA;StarTech.com Cavo di alimentazione SATA;"Cavo di alimentazione SATA - 	Alimentazione Serial ATA a 15 pin - maschio - 2 x Alimentazione Serial ATA a 15 pin - femmina"
PX105.23;PROFIS Revisione - Incr.1 ditta/anno Cl.10;
PWR-IE50W-AC-IEC=;Cisco 50W AC to DC Power Supply with IEC connector;
PUNTPRES;Puntatore per Presentazioni;
PTWCE35UTM1;Contratto Manutenzione per n.1 licenza PowerTerm;WebConnect Enterprise per 35 utenti per 1 anno
PSM-CW6AP;FS.COM Power Injector POE 30W Gigabit;Singola porta 10/100/1000M Gigabit PoE Iniettore, Porta PoE @ 30W
PS3B12;PROFIS STUDIO ESTESA CLASSE B;
PS3B02.25;PROFIS/Studio Antiriciclaggio Multistudio Cl.B;
PS121-200ISS;PRINT SERVER 1 PORTA USB + 1 PORTA 10/100BASE-TX;
PRTG XL1/UNLIMITED;Manutenzione 12 mesi Unlimited;
PROXMOX-1CPU;Proxmox VE Community Subscription 1 CPU/year;
PROV-GEST;Modulo gestione provvigioni;
PROV-CALC;Modulo Calcolo provvigioni;
PROV;OPW - Modulo gestione provvigioni;
PROTOCOLLO OPC-UA;Modulo Traduzione Plc Per 1 Macchina;Software QCOM con protocollo OPC-UA
PROMO-SW-NCI-STR-PR;Nutanix Cloud Infrastructure (NCI);"Subscription, Nutanix Cloud Infrastructure (NCI) Starter
Software License & Production Software Support Service
for 1 CPU Core; One-time Nutanix Launchpad promotional
offer for new customers only; Renewals at nonpromotional
price"""
PRM-BPL-021X-LTE-1Y;PepLink PrimeCare (1-Year) for Balance 20X;
PRM-B-2Y;Peplink PrimeCare B (2-Year);MAX BR1 Pro LTEA - UBR - UBR Plus
PRM-B-1Y;Peplink PrimeCare B (1-Year);MAX BR1 Pro LTEA - UBR - UBR Plus
PRM-A-2Y;PepLink PrimeCare A (2-Year) Balance 20X;MAX BR1 Mini MAX Transit Mini
PRM-A-1Y;PepLink PrimeCare A (1-Year) Balance 20X;MAX BR1 Mini MAX Transit Mini
PRK4050-6;COMPUPRINT Nastro nero (conf. 6 pezzi);
PREX2VS;PROFIS/Servizi ESTESA(SIR) Incr.200 doc mese;
PREX2V;PROFIS/Servizi ESTESA(SIR) Incr.200 doc mese;
PRE15V;PROFIS/Servizi Estesa (SIR) 280punti/2800doc.mese;
PRE11V;PROFIS/Servizi ESTESA(SIR) 200 Punti/2000 doc mese;
PRE09V;PROFIS/Servizi ESTESA(SIR) 160 Punti/1600 doc mese;
PRE07VS;PROFIS/Servizi ESTESA A VOLUMI (SIR) 120 punti;1200 doc/mese
PRE06VS;PROFIS/Servizi ESTESA(SIR) 100 Punti/1000 doc mese;
PRE05VS;PROFIS/Servizi Estesa a Volumi SIR;
PRE03VS;PROFIS/Servizi Estesa a Volumi SIR;
PRE01VS;PROFIS/Servizi Estesa (SIR) 20 punti/160 doc.mese;
PRA2B;PROFIS/SERVIZI BASE (SIR) A2;
PRA1E;PROFIS SQL/Servizi - ESTESA - SIR-Start A/1;
PRA11E1;PROFIS/Contabile ESTESA (SIR) Start A/1;
PRA11E;PROFIS/Contabile Estesa (SIR)-Cl.Start A/1;
PRA11B1;PROFIS/Contabile BASE (SIR) Start A1;
PR6010.31;PROFIS Archiviazione SIR 600 doc/mese;120 MB/mese
PR4010.41;PROFIS Invio massivo doc.email (SIR) 400 doc/mese;
PR4010.31;PROFIS Archiviazione (SIR);Fino a 400 documenti/mese - 80 MB/mese
PR1010.51;PROFIS Conservazione Digitale;Fino a 100 documenti/mese - 20 MB/mese
PR1010.31;PROFIS Archiviazione in SIR 20 MB/mese;
PPLS17T1;PPL CdL Configurazione Time-200 Ris/Mese;
PPLS03T1;PPL CdL Configurazione Time-25 Ris/Mese;
PPLS0007.20;PPL CdL Docks - Archiviazione Estesa 1 GB;
PPL33E;PEOPLELINK ESTESA - 500 Risorse/Mese;
PPL3307.30;PEOPLELINK Integr.terminali pres.-500 Ris/Mese;
PPL3305.30;PEOPLELINK Timbrat.cloud Widget-500 Ris/Mese;
PPL3305.20;PEOPLELINK Time Map App geolocalizz.-500 Ris./Mese;
PPL0503.30;PEOPLELINK EXPENSES - 50 Note spese/Mese;
PPL03T1;PPL Configurazione Time-25 Ris/Mese;
PPL0305.30;PEOPLELINK Timbrat.cloud Widget-25 Ris/Mese;
PPL0301.43;PEOPLELINK Task - Timesheet fino a 25 anagr.;
PPL0301.41;PEOPLELINK Task - Gestione commesse fino a 25 anag;
PPL0107.25;PEOPLELINK Integrazione con JOB/JOB4;
PPL0105.10;PEOPLELINK InfoTab - App timbrature 1 dispositivo;
PP-9732W;"PANEL PC PP-9732W 21.5"" Celeron J6412";"PANEL PC touchscreen all-in-one con display da 21,5"""
POSITIVESSL;Certificato SSL 1 host;
POLONA04B;Conceptronics Cuffie Stereo Bluetooth 5.3;Cuffie biaurali (On-Ear Headphones) Microfono con tasto Mute, Noise Cancelling - GAranzia 36 mesi
POES-13W;FS Cavo Splitter PoE a Porta Singola 10/100M;con Uscita DC 12V 13W
POEINJ-15W;MicroConnect 15.4W, 802.3af, PoE, Injector;
PM-1050A-3Y;Sangfor NSF-1050A-I Premium Bundle SSL VPN 3Y;Site-to-Site IPsec VPN, Stateful Firewall, Bandwidth Management, URL Filtering, Application Control, IPS, Botnet Prevention,
PLGNPRO;Plug-in GIPONEXT - PROFIS classe xx;
PL-E700X00A-EU;Cambium cnPilot e700 Outdoor (EU) 802.11ac wave 2;2x2/4x4, AP
PL-E600X00A-EU;Cambium Networks cnPilot E600 3850 MBIT/S;
PL-E425H00A-EU;Cambium  cnPilot e425H Indoor (EU) 802.11ac wave;2 Wall plate WLAN AP w/ single-gang wall bracket
PL-E410X00B-EU;Cambium AP cnPilot E410 Indoor (EU) 802.11ac wave2;2x2,AP
PL-E410PEUA-EU;CAMBIUM cnPILOT e410 WITH POE INJECTOR;
PLATFORM INTEGRATION;Nutanix Platform Integration Fee;
PL-502S000A-EU;Cambium E502S (EU) Outdoor 30 deg sector 802.11ac;
PL-501S000A-EU;Cambium E501S (EU) Outdoor 2x2 Integrated Gigabit;11ac access point with tilt brackets
PIR035;PROFIS Azienda/Societa e Bil.(SIR)-3 pdl/3 ditte;
PIR015;PROFIS/SocietÓ e Bilanci 1 ditta/3 Pdl;
PID0312.01;Privacy 3 Ditte;
PI-4GB-STARTERKIT;Raspberry Starter kit Pi 4B 4GB LPDDR4 di SDRAM;alimentatore, 2 cavi micro HDMI per display doppio, un lettore di schede SD e una scheda micro SD da 32 GB con sistema operativo NOOBS precaricato
PI-4-8GB-STARTERKIT;Raspberry Starter kit Pi 4 8gb 8 GB;
PI1Z5;PROFIS Azienda/Società e Bilanci Incr.1ditta;
PI036.03;PROFIS Azienda/Bilancio Consolidato-3 pdl/3 ditte;
PI035.13;PROFIS Azienda/Analisi Crisi di Impresa;
PI035.11;PROFIS Azienda/Analisi Bilancio;e Comparaz. Settore
PI035.07;PROFIS per l'Azienda/Gestione Beni in Leasing;
PI035;PROFIS per l'Azienda/Societa' e Bilanci;
PI025.14;PROFIS Azienda/Budget e Business Plan 2 Ditte;
PI025.11;PROFIS Azienda/Analisi Bil.e Comparaz.Sett-2 ditte;
PI025;PROFIS Azienda/Societa' e Bilanci-3 pdl/2 ditte;
PI017;PROFIS per l'Azienda/Pratiche-3 Pdl/1 ditta;
PI015.14;PROFIS Azienda/Budget e Business Plan 1 Ditta;
PI015.13;PROFIS Azienda/Analisi crisi di impresa 1 Ditta;
PI015.11;PROFIS Azienda/Analisi Bil.e Comparaz.Sett-1 ditta;
PI015.07;PROFIS Azienda Gestione Beni in Leasing 1ditta3pdl;
PI015;PROFIS Azienda SocietÓ e Bilanci 1 Ditta3pdl;
PI013.02;PROFIS per l'Azienda/Mod.redditi/IRAP Pers.Fisiche;
PI01;PROFIS per l'Azienda/Fiscale-Società e Bilanci;
PH-GTX1050TI-4G;Asus GeForce GTX 1050TI Scheda Grafica 4GB DDR5;
PFX5E;PROFIS SQL/Societa' e Bilanci - ESTESA;
PFX3E;PROFIS SQL/Fiscale - ESTESA;
PFX1E1;PROFIS/Contabile-ESTESA Incr.1 pdl Cl.F;
PFX10.00;PROFIS Archiviazione + Conservazione documenti;
PFX0.00;PROFIS SQL Modulo Base Incr. 1 pdl cl.F;
PF7.06;PROFIS Contratti di locazione immobiliare-Cl.F;
PF6.03;PROFIS BILANCIO CONSOLIDATO CLASSE F;
PF6.02;PROFIS Consolidato Fiscale;
PF5E;PROFIS SQL/Societa' e Bilanci - ESTESA;
PF5.13;Profis Analisi Crisi d'Impresa F - 20 pdl;
PF5.07;Gestione Beni in Leasing;
PF3E;PROFIS SQL/Fiscale - ESTESA;
PF1E1;PROFIS SQL/Contabile - ESTESA;
PF12.01;PROFIS/GDPR Gest.Trattamenti/Valutazione rischi F;
PF10.00;PROFIS Archiviazione + Conservazione documenti;
PF1.31;PROFIS Gestione integrata FTE e corrispettivi cl.F;
PF1.30;PROFIS Gestione Integrata Fattura Elettronica F;
PF1.14;Trasmissione dati per 730 precompilato 20pdl;
PEX3E;PROFIS/Fiscale Incremento 1 PdL;
PEX2S953;StarTech.com adattatore seriale PCI Express RS232;Scheda controller host seriale PCIe RS232 - PCIe a doppia scheda seriale DB9 - 16950 UART - Scheda di espansione - Windows e Linux (PEX2S953) - scheda seriale - PCIe - RS-232 x 2
PEX2S553;StarTech Scheda seriale PCI Express 2 porte RS-232;Scheda seriale con 16550 UART - PCIe profilo basso - 2 anni di garanzia
PEX1E1;PROFIS SQL/Contabile - ESTESA 1pdl agg.;
PEX1E;PROFIS SQL Contabile - Posto Aggiuntivo;
PEX1394B3;StarTech Scheda Firewire 1394 PCI-e 3 porte;adattatore PCI Express a 3 porte FireWire due porte IEEE1394b (FireWire 800 - 9 poli) e una porta IEEE1394a (FireWire 400 - 6 poli)
PEX11.36;PROFIS HUB Sistemi - Incr.1 pdl Cl.E;
PEX1.31;PROFIS Gestione integrata FTE e corrispettivi;Incremento 1 posto classe E
P-ESSVUL-0I-SU3AR-00;Veeam Backup Essentials Universal Subscrip. Lic.;"Includes Enterprise Plus Edition features. 3 Year Subscription Upfront Billing & Production (24/7) Support. Public Sector.
36 MESI"
PEE1;PROFIS SQL/Servizi - ESTESA;
PEE-0758;Supporto snodabile in acciaio per Videoproiettore;
PE7.06;SISTEMI Contratti di locazione immobiliare-Cl.E;
PE6.03;SISTEMI PROFIS Bilancio consolidato Cl.E 15 posti;
PE6.02;Consolidato Fiscale 15 pdl;
PE5.17;Analisi PROFIS per consul.impresa-E 15 Pdl;
PE5.11;SISTEMI PROFIS Analisi di bilancio Cl.E 15 posti;
PE5.07;SISTEMI PROFIS Gestione beni in leasing Cl.E 15 po;
PE11.36;PROFIS HUB Sistemi 15 pdl;
PE10.00;PROFIS Archiviazione e Conservazione documenti;
PE1.36;PROFIS HUB Sistemi 15pdl 6000 doc/mese;
PE1.31;PROFIS Gestione integr. fattura elettr. classe F;
PE040618;MicroConnect Power Cord C13-C14 1.8m Black;
PE040610;MicroConnect Power Cord C13-C14 1m Black;
PE011420;MicroConnect cavo Extension Cord C14 - C15, 2m;
PE010818S;MicroConnect Cavo di alimentazione Schuko C5 1,8m;
PE010818A;MicroConnect Power Cord Schuko 7/7 C5 1.8m;Power Cord Schuko Angled
PDXE1;PROFIS/SERVIZI - ESTESA Classe D 1 pdl agg.;
PDX1E1;PROFIS SQL/Contabile - ESTESA Incr 1 pdl;
PDX1E;PROFIS/Contabile;Incremento 1 PDL
PDX1B1;PROFIS SQL/Contabile BASE Incr.1 pdl Cl.D;
PDX151.36;PROFIS HUB Sistemi;Increm. 250 Doc./mese solo per PDL
PDX151.30;PROFIS Incremento 250 Doc mese;
PDX031.42;PROFIS Sportello Fatture Increm. 250 doc/mese;
PDX031.31;PROFIS Gest.integr.fatt.elettr. incr. 250/doc mese;
PDFEDPSLMPML01;FOXIT PDF EDITOR +Subscription Annual 1-9 Users;
PDE1;PROFIS SQL/Servizi ESTESA Cl.D 10 pdl;
PDE;PROFIS SERVIZI ESTESO CLASSE D;
PD9.01;Assistente PROFIS;
PD7E;PROFIS SQL/Pratiche;
PD7.06;PROFIS Modulo Contratti di Locazione Immobiliare;
PD6.03;PROFIS Bilancio Consolidato Classe D;
PD6.02;CONSOLIDATO FISCALE CLASSE D;
PD5.14U;PROFIS BudgetBusinessPlan(Ute Crisi impresa)10pdl;
PD5.14;PROFIS Budget e Business Plan - 10 PdL;
PD5.13;Analisi crisi di impresa-D 10 Pdl;
PD5.11;PROFIS Analisi di Bilancio 10pdl;
PD5.07;PROFIS Gestione Beni in Leasing Classe D 1;
PD3E;PROFIS SQL Fiscale Estesa;
PD-3501G-AC;ARUBA Alimentatore PoE;
PD311.42;PROFIS Sportello Fatture 7500 doc/mese;
PD271.42;PROFIS Sportello Fatture 4000 doc/mese;
PD251.31;PROFIS Gestione integrata FE e corrisp. 3000 doc/m;
PD251.30;PROFIS Gestione Integrata Fattura Elettronica;3.000 doc/mese
PD231.42;PROFIS Sportello Fatture 2.000 doc./mese;
PD231.30;PROFIS Gest.Integr.Fatt.Elettr. 2000 doc/mese;
PD211.42;PROFIS Sportello Fatture 1000 Doc/mese;
PD211.31;PROFIS Gest. integrata fatt. elettr. 1000 doc/mese;
PD211.30;PROFIS Gest Integr Fattura Elettr 1000 Doc/mese;
PD205.15;Gestione ETS - Enti Terzo Settore-20 Ditte;
PD191.42;PROFIS Sportello Fatture 750 Doc/mese;
PD191.31;PROFIS Gest.Fatt.Integr. Elettr. 750 doc/mese;
PD191.30;PROFIS Gestione integrata Fattura elettronica;750 doc. mese
PD171.42;PROFIS Sportello Fatture fino a 500 doc/mese;
PD171.31;PROFIS Gest. integr. fattura elettr. 500 doc/mese;
PD155.15;Profis Gestione ETS - Enti Terzo Settore;
PD151.42;PROFIS Sportello Fatture 400 doc. mese;
PD151.30;PROFIS Gestione integrata Fattura Elettronica;400 doc. mese
PD131.42;PROFIS Sportello fatture 300 doc/mese;
PD131.36;PROFIS HUB 300 doc mese;
PD131.31;PROFIS Gest. integr. fattura elettr. 300 doc/mese;
PD131.30;PROFIS Gestione Integrata Fatt. Elettr. 300 doc.m;
PD12.03;PROFIS Privacy GDPR - analisi d'impatto;
PD111.42;PROFIS Sportello Fatture fino a 200 doc/mese;
PD111.36;PROFIS HUB 200 Doc;
PD111.30;PROFIS Gestione Integr. Fattura Elettron. 200 Doc;
PD11.36;PROFIS HUB Sistemi - 10 pdl;
PD10.41;PROFIS Invio massivo documenti email;
PD10.31;PROFIS Archiviazione 10 PDL;
PD10.00;PROFIS GDOC Archiviazione + Conservaz.Cl.D 10 pdl;
PD1.36;PROFIS HUB Sistemi;Classe D
PD1.31;PROFIS Gestione Integrata Fattura Elettr. D;
PD1.30;PROFIS Gestione Integrata Fattura Elettronica D;
PD1.20;PROFIS Analisi Dati contabili e gestionali 10pdl;
PD1.17;PROFIS/Gestione Vendite cl.D 10 Pdl;
PD099.11;PROFIS Processo Tributar. Telemat. 10 PdL 50 ditte;
PD091.42;PROFIS Sportello Fatture 150 Doc/Mese;
PD091.31;PROFIS Gestione int. fattura elettr. 150 doc/mese;
PD091.30;PROFIS Gest.Integr.Fatt.Elettr. 150 Doc/mese;
PD071.42;PROFIS Sportello Fatture 100 Doc/Mese;
PD071.31;PROFIS Gest. integr. fatt. elettr. 100 doc. mese;
PD071.30;PROFIS Gestione Integrata Fattura Elettronica;
PD055.15;Gestione ETS - Enti Terzo Settore fino a 5  ditte;
PD051.42;PROFIS Sportello Fatture 75 doc. mese;
PD051.36;PROFIS HUB 75 Doc;
PD051.30;PROFIS Gestione Integrata Fattura Elettr. 75 doc;
PD035.15;Gestione ETS - Enti Terzo Sett. non comm. 3 ditte;
PD0312.03;PROFIS Analisi d'impatto;
PD0312.01;PROFIS/GDPR Gest.Trattamenti/Valutazione rischi;
PD031.42;PROFIS Sportello Fatture 50 doc./mese;
PD031.36;PROFIS Hub Sistemi / Fatture 50 doc./mese;
PD031.30;Gestione Integrata Fattura Elettronica 50 Doc Mese;
PCXE1;PROFIS SQL/Servizi - ESTESA Incr. 1 pdl Cl.C;
PCX6.02;Consolidato Fiscale pdl agg;
PCX5E;Profis Bilancio utente aggiuntivo;
PCX5.13;PROFIS Analisi crisi di impresa-Incr.1 Pdl Cl.C;
PCX5.07;PROFIS Gestione Beni in Leasing;incr. 1 pdl classe C
PCX3E;Profis Fiscale utente aggiuntivo;
PCX1E1;PROFIS SQL/Contabile - ESTESA 1pdl agg.;
PCX1E;Profis Classe C Posto lavoro agg. ContabilitÓ;
PCX11.36;PROFIS HUB Sistemi incr.1 pdl cl.C;
PCX10.41;PROFIS Invio massivo documenti email;incr. 1 pdl classe C
PCX10.31;PROFIS Archiviazione Incr.1 pdl Cl.C;
PCX10.00;Profis Archiviazione+Conservazione documenti;
PCX1.17;PROFIS/Gestione Vendite-Incr.1 pdl cl.C;
PCX0.07;PRF SQL/Reporter Disegnatore Incr.1 pdl Cl.C;
PCIT31ZBD000;"HP Unità DEMO x360 830 13"" eMMC 32GB SSD M2 256GB";
PCIEX68ADAP;StarTech.com Cavo alimentazione Scheda video PCIE;StarTech.com Cavo alimentazione Scheda video PCI Express - cavo Adattatore ATI e NVidia PCIe da 6 pin a 8 pin - Cavo alim. PCI 6 piedini (F) a potenza PCIe 8 piedini (M)
PCE1;PROFIS SQL/Servizi - ESTESA C;
PCE;PROFIS SERVIZI ESTESA;
PCDX1B1;PROFIS SQL Contabile Bsse SC Incr. 1pdl D;
PCD12.03;PROFIS Analisi d'impatto;
PCCXE1;PROFIS/Servizi - ESTESA 1 PDL agg. Classe C;
PCCX1B1;PROFIS SQL/Contabile BASE SC Incr.1 pdl Cl.C;
PCBX3B;PROFIS Fiscale Base S.C. Incr. 1 pdl B;
PCBX1B1;PROFIS/Contabile 1PDL cl. B;
PCB7.06;PROFIS Contratti di locazione immobiliare cl.B;
PCB1.05;REGIMI SPECIALE - ADEMPIMENTI IVA;
PCACCESSI;PCAccessi® Software completo di Controllo accessi;
PCA21.36;PROFIS HUB SISTEMI Start2 750 doc/mese;
PCA21.30;PROFIS Gestione Integrata Fattura Elettronica;Profis A2
PC7E;PROFIS SQL Pratiche;
PC7.06;PROFIS Contratti di locazione immobiliare;
PC6.03;PROFIS BILANCIO CONSOLIDATO CLASSE C;
PC6.02;PROFIS CONSOLIDATO FISCALE CLASSE C;
PC5E;PROFIS SQL/Societa' e Bilanci - ESTESA;
PC5.16;PROFIS Analisi e Consul. di Impresa C 5pdl;
PC5.14;PROFIS Budget e Business Plan-C 5 Pdl;
PC5.13;PROFIS Analisi crisi di impresa;
PC5.11;Analisi di Bilancio e Comparazione di Settore;
PC5.10;Valutazione Crediti e Debiti al Costo Ammortizzato;
PC5.07;PROFIS Beni in Leasing Classe C 5pdl;
PC5.03;PROFIS SQL Libro Inventari Cl. C;
PC3E;PROFIS SQL Fiscale Esteso classe C fino a 5pdl;
PC3.11;SISTEMI Profis Migrazione Pianificazione fiscale c;
PC3.07;Modello 770 Classe C;
PC14C15-15ARE;FS Cavo Aliment. 3M IEC320/C14-IEC320/C15 15A RED;
PC14C15-15ABLU;FS Cavo Aliment. 3M IEC320/C14-IEC320/C15 15A BLU;
PC14C15-15A2RE;FS Cavo Aliment.1.8M IEC320/C14-IEC320/C15 15A RED;
PC14C15-15A2BLU;FS Cavo Aliment.1.8M IEC320/C14-IEC320/C15 15A BLU;
PC14C15-15A0.9RED;FS Cavo Aliment.0.9M IEC320/C14-IEC320/C15 15A RED;
PC14C15-15A0.9BLU;FS Cavo Aliment.0.9M IEC320/C14-IEC320/C15 15A BLU;Prolunga alimentazione
PC14C15-15A#142021;FS Cavo Aliment.1.8M IEC320/C14-IEC320/C15 15A RED;
PC14C15-15A#142019;FS Cavo Aliment.1.8M IEC320/C14-IEC320/C15 15A BLU;
PC14C15-15A;FS Cavo di Alimentazione 1.8m C14 to C15 Black;
PC14C13-6ARE;FS Cavo Prolunga 1.8M C14-C13 18AWG 250V/10A ROSSO;
PC14C13-6ABL;FS Cavo Prolunga 1.8M C14-C13 18AWG 250V/10A BLU;
PC14C13-15A3RE;FS Cavo Prolunga 3M C14-C13 18AWG 250V/15A ROSSO;
PC14C13-15A18RE;FS Cavo Prolunga 1.8M C14-C13 18AWG 250V/15A ROSSO;
PC14C13-15#69138;FS Cavo Prolunga 1.5M C14-C13 18AWG 250V/15A Blu;IEC60320 C14 to IEC60320 C13 14AWG
PC14C13-15#69137;FS Cavo Prolunga 1.2M C14-C13 18AWG 250V/15A Blu;IEC60320 C14 to IEC60320 C13 14AWG
PC14C13-15#69136;FS Cavo Prolunga 0.6M C14-C13 18AWG 250V/15A Blu;IEC60320 C14 to IEC60320 C13 14AWG
PC14C13-15#69133;FS Cavo Prolunga 1.5M C14-C13 18AWG 250V/15A ROSSO;IEC60320 C14 to IEC60320 C13 14AWG
PC14C13-15#69132;FS Cavo Prolunga 1.2M C14-C13 18AWG 250V/15A ROSSO;IEC60320 C14 to IEC60320 C13 14AWG
PC14C13-15#69131;FS Cavo Prolunga 0.6M C14-C13 18AWG 250V/15A ROSSO;IEC60320 C14 to IEC60320 C13 14AWG
PC14C13-15#36026;FS Cavo Prolunga 0.9M C14-C13 18AWG 250V/15A ROSSO;IEC60320 C14 to IEC60320 C13 14AWG
PC14C13-15#36024;FS Cavo Prolunga 0.9M C14-C13 18AWG 250V/15A ROSSO;IEC60320 C14 to IEC60320 C13 14AWG
PC14C13-15#36022;FS Cavo Prolunga 1.8M C14-C13 18AWG 250V/15A BLU;IEC60320 C14 to IEC60320 C13 14AWG
PC14C13-15#36021;FS Cavo Prolunga 0.9M C14-C13 18AWG 250V/15A BLU;IEC60320 C14 to IEC60320 C13 14AWG
PC14C13-10ARE;FS Cavo Prolunga 3M C14-C13 18AWG 250V/10A ROSSO;
PC14C13-10ABL;FS Cavo Prolunga 3M C14-C13 18AWG 250V/10A BLU;
PC14C13-10A18BL;FS Cavo Prolunga 1,8M C14-C13 18AWG 250V/10A BLU;
PC14C13-10A09BL;FS Cavo Prolunga 0,9M C14-C13 18AWG 250V/10A BLU;
PC14C13-10#72302;FS Cavo Prolunga 1,8M C14-C13 18AWG 250V/10A Rosso;IEC60320 C14 to IEC60320 C13
PC14C13-10#72299;FS Cavo Prolunga 1,8M C14-C13 18AWG 250V/10A BLU;IEC60320 C14 to IEC60320 C13
PC12.03;PROFIS GDPR/Analisi d'impatto;5 pdl
PC12.01;PROFIS GDPR Gest. trattamenti e valutazione rischi;5 pdl
PC11.36;PROFIS HUB Sistemi 5 pdl;
PC10.51;PROFIS Conservazione Digitale classe C;
PC10.41;PROFIS Invio massivo documenti email;
PC10.31;PROFIS Archiviazione 5 PDL;
PC10.00;PROFIS Archiviazione e Conservazione documenti;
PC1.36;PROFIS HUB Sistemi 2000 doc/mese;
PC1.31;PROFIS Gestione Integrata Fattura Elettronica C;
PC1.30;PROFIS Gestione Integrata Fattura Elettronica;Classe C
PC1.17;PROFIS Gestione Vendite cl .5;
PC1.14;PROFIS Trasmissione spese per 730 precompilato;
PC0.07;PROFIS SQL/Reporter Disegnatore Cl.C;
PBXEXE2;PATCHBOX Supporto di montaggio su rack Setup.exe;"Supporta fino a 15 kg - Colore Nero - Materiale della scocca Alluminio, Stainless steel - Dimensione: 48,3cm (19""), Larghezza: 55mm, Profondità: 460mm - Garanzia del produttore a vita"
PBXE1;PROFIS SQL/Servizi ESTESA Incr.1 pdl Cl.B;
PBXE;SISTEMI Profis/Servizi Posto Aggiuntivo;
PBXB1;PROFIS SQL/Servizi BASE Incr.1 pdl Cl.B;
PBX5.11;Analisi di Bil.e Comparaz.di Sett.-Incr.1 Pdl Cl.B;
PBX3E;PROFIS SQL/Fiscale - ESTESA Incr.1PDL Cl B;
PBX1E1;PROFIS Contabile Estesa incr. 1 pdl B;
PBE1;PROFIS SQL/Servizi ESTESA Cl.B 3 pdl;
PBE;SISTEMI PROFIS SQL Servizi estesa classe B 3 posti;
PB9.06;PROFIS Integrazione GESCOM Classe B;
PB7E;PROFIS SQL Pratiche B;
PB7.06;PROFIS Contratti Locazione Immobiliare;
PB6.03;BILANCIO CONSOLIDATO;
PB6.02;PROFIS CONSOLIDATO FISCALE CLASSE B;
PB6.01;PROFIS Gestione IVA di Gruppo Classe B;
PB5E;PROFIS SQL/Societa' e Bilanci - ESTESA;
PB5B;PROFIS SQL/Societa' e Bilanci Base Cl. B fino a 3;
PB5.13;PROFIS Analisi crisi di impresa Classe B 3PdL;
PB5.11;PROFIS ANALISI DI BILANCIO CLASSE B;
PB5.07;PROFIS GESTIONE BENI IN LEASING CLASSE B;
PB5.03;PROFIS Libro Inventari;
PB3B;PROFIS SQL/Fiscale Cl. B fino a 3;
PB3.13;PROFIS HUB Sistemi/Adempimenti antielusione Cl.B;
PB3.12;PROFIS SQL Adempimenti Antielusione Classe B;
PB3.11;PROFIS Pianificazione Fiscale Classe B;
PB3.07;PROFIS Modello 770;
PB3.01;PROFIS Gest. Immobili/IMU Cl. B fino a 3pl;
PB12.03;PROFIS GDPR Valutazione rischi classe B;
PB12.01;PROFIS Gestione trattamenti e valutazione rischi;
PB11.36;PROFIS HUB Sistemi 3 pdl;
PB10.31;PROFIS Archiviazione 3 PDL;
PB10.00;PROFIS GDOC Archiviazione + Conservaz.Cl.B 3 pdl;
PB1.36;PROFIS HUB Sistemi/Adempimenti antielusione Cl.B;
PB1.31;PROFIS Gestione integrata fattura elettronica;classe B
PB1.30;PROFIS Gestione Integrata Fattura Elettronica B;
PB1.21;PROFIS Emiss.fatt.c/fornitori e autofatture Cl.B;
PB1.17;PROFIS Gestione Vendite;
PB1.11;Certificazione unica 3 PDL;
PB1.09;Profis Gestione Beni ammortizzabili;
PB1.08;SISTEMI Comunicazione Dati Dichiarazioni d'Intento;
PB1.06;PROFIS ELENCHI INTRASTAT CL.B;
PB1.05;PROFIS SQL Regimi speciali-Ademp. Iva Cl. B;
PB1.03;SISTEMI Contabilità Professionisti 3 pdl;
PB0.00;PROFIS SQL Modulo Base B;
PAR1-WEB-500-FL1Y;Webinar 500 Annual;
PAR1-BIZ-BASE-NH1Y;Zoom Workplace Business Annual;Subscription license (1 year) 1 host, 100 partecipanti
PAN-VM300- PERPBND2- BKLN;Palo Alto Networks Perpetual Bundle (BND2);
PAN-SVC-LAB-PRA-R;Panorama RNW Lab Lic First Year Premium Service;
PAN-SVC-BKLN-540-3YR;Palo Alto PA-540 Partner enabled premium supp 3Y;
PAN-SVC-BKLN-440-3YR;Palo Alto Partner enabled premium support 3Y;
PAN-SVC-BKLN-410;Palo Alto PA-410 Partner enabled prem. support 1Y;
PAN-PWR-CORD-EU;Power cord for Continental Europe;Power cord for Continental Europe with IEC-60320 C13 and CEE 7/7 SCHUKO cord ends,10A, 250V max, 6ft
PAN-PWR-50W-AC;50W AC power adapter for PA-440, PA-450 and PA-460;50W AC power adapter for PA-440, PA-450 and PA-460
PAN-PWR-450W-AC;PA-3400,PA-1400 450W spare power supply;
PAN-PWR-25W-AC;25W AC power adapter for PA-410;
PAN-PWR-150W-12V-AC-A;Palo Alto 150W AC Spare Power Adapter;150W AC Spare Power Adapter for PA-560, PA-550 (compatible with PA-540, PA-520)
PAN-PA-820-NFR;Palo Alto Networks PA-820 NFR Unit;
PAN-PA-820-BND-NFR4-R;Palo Alto PA-820 NFR Renewal Service Bundle;(Threat Prevention, DNS, Advanced URL Filtering, GlobalProtect, WildFire, SD-WAN, Standard Support)
PAN-PA-820-BND-NFR4;PA-820 NFR First Year Service Bundle;
PAN-PA-560-PAA-3YR;Palo Alto PA-560 Prisma Access Agent Subs 3Y;
PAN-PA-560-BND-CORESEC-3Y;Palo Alto Precision AI Network Security Subs3 Y;PA-560, Precision AI Network Security Subscription Bundle (Advanced Threat Prevention, Advanced URL Filtering, Advanced Wildfire, Ad vanced DNS Security and Advanced SD-WAN ), 3 years (36 months) term
PAN-PA-560;Palo Alto Networks PA-560;
PAN-PA-540-PAA-3YR;Palo Alto PA-540 Prisma Access Agent Subs 3Y;
PAN-PA-540-NFR;Palo Alto Networks PA-540 NFR Unit;
PAN-PA-540-BND-NFR4;Palo Alto PA-540 NFR Renewal Service Bundle;First Year Service Bundle (Advanced Threat Prevention, Advanced DNS, Advanced URL filtering, Prisma Access Agent, Advance d WildFire, Advanced SD-WAN, Standard support)
PAN-PA-540-BND-CORESEC-3Y;Palo Alto Precision AI Network Security Subs3 Y;PA-540, Precision AI Network Security Subscription Bundle (Advanced Threat Prevention, Advanced URL Filtering, Advanced Wildfire, Ad vanced DNS Security and Advanced SD-WAN ), 3 years (36 months) term
PAN-PA-540;Palo Alto Networks PA-540;Firewall Montabile su rack 1U
PAN-PA-510-PAA;Palo Alto PA-510 Prisma Access Agent Subs 1Y;
PAN-PA-510-BND-CORESEC;Palo Alto PA-510 Precision AI Network Security Sub;PA-510, Precision AI Network Security Subscription Bundle (Advanced Threat Prevention, Advanced URL Filtering, Advanced Wildfire, Ad vanced DNS Security and Advanced SD-WAN ), 1 years (12 months) term
PAN-PA-510;Palo Alto Firewall Networks PA-510;
PAN-PA-450-GP-HA2;Palo Alto PA-450 GlobalProtect subscription 1Y;for one (1) device in an HA pair, 1 Years (12 months), term
PAN-PA-450-GP-3YR-HA2;Palo Alto PA-450 GlobalProtect subscription 3Y;for one (1) device in an HA pair, 3 years (36 months), term
PAN-PA-450-BND-CORESEC-R;Palo Alto PA-450 Precision AI Network Security Sub;Subcription Renewal Bundle(Advanced Threat Prevention, Advanced URL Filtering, Advanced Wild fire, Advanced DNS Security and Advanced SD-WAN), 1 years (12 months) term
PAN-PA-450-BND-CORESEC-3Y;Palo Alto PA-450 Core Security Subscription BND 3Y;(Advanced Threat Prevention, Advanced URL Filtering, Advanced Wildfire, DNS Security and S D-WAN ), 3 years (36 months) term
PAN-PA-450;Palo Alto Networks PA-450;
PAN-PA-445-NFR;Palo Alto Networks PA-445 NFR Unit;
PAN-PA-445-BND-NFR4-R;Palo Alto NFR bundle subscription PA-445 1Y;Advanced Threat prevention, DNS, Advanced URL filtering, GlobalProtect, WildFire, SD-WAN, Standard support 1 year (12 months) term.
PAN-PA-440-PAA-R;PA-440, Prisma Access Agent subscription, 1 year;PA-440, Prisma Access Agent subscription, 1 year (12 months), term, renewal
PAN-PA-440-PAA-HA2-R;Palo Alto PA-440 Prisma Access Agent subscription;Subscription for one (1) device in an HA pair, 1 year (12 months), term, renewal.
PAN-PA-440-PAA-3YR;PALO ALTO PA-440 Prisma Access Agent Subs 3Y;
PAN-PA-440-PAA;Palo Alto PA-440 Prisma Access Agent Subs 1Y;
PAN-PA-440-NFR;Palo Alto Networks PA-440 NFR Unit;
PAN-PA-440-IOT-ENT-3YR;Palo Alto PA-440 Enterprise IoT subscription 3Y;
PAN-PA-440-IOT-DRDL-NFR;PA-440, IoT subscription, NFR subscription 1y;does not require Strata Logging Service, NFR subscription 1 year (12 months), term.
PAN-PA-440-GP-HA2;Palo Alto PA-440 GlobalProtect subscription 1Y;for one (1) device in an HA pair, 1 years (12 months), term
PAN-PA-440-GP-5YR-HA2;Palo Alto PA-440 GlobalProtect subscription 5Y;for one (1) device in an HA pair, 5 years (60 months), term
PAN-PA-440-GP-3YR-HA2;Palo Alto PA-440 GlobalProtect subscription 3Y;for one (1) device in an HA pair, 3 years (36 months), term
PAN-PA-440-GP-3YR;PaloAlto PA-440 Global Protect subscription 3Y;
PAN-PA-440-GP-1Y;PaloAlto PA-440 Global Protect subscription 1Y;
PAN-PA-440-GP;Palo Alto PA-440 GlobalProtect subscription 1Y;PA-440, GlobalProtect subscription, 1 year (12 months), term.
PAN-PA-440-BND-NFR4;PA-440,NFR bundle subscription;(Advanced Threat Prevention,Advance DNS,Advanced URL filtering,Prisma Access Agent,Advanced WildFire, Advanced SD-WAN,Standard support),1 year (12 months),term.
PAN-PA-440-BND-CORESEC-R;Palo Alto PA-440 Core Security Subscription Bundle;(Advanced Threat Prevention, Advanced URL Filtering, Advanced Wildfire, DNS Security and SD-WAN  ), 4 years (12 months) term
PAN-PA-440-BND-CORESEC-3Y;PaloAlto PA-440 Core Security Subscription Bundle;(Advanced Threat Prevention, Advanced URL Filtering, Advanced Wildfire, DNS Security and SD-WAN  ), 3 years (36 months) term
PAN-PA-440-BND-CORESEC;PA-440 Precision AI Network Security Subs;PALO ALTO PA-440, Precision AI Network Security Subscription Bundle (Advanced Threat Prevention, Advanced URL Filtering, Advanced Wildfire, Ad vanced DNS Security and Advanced SD-WAN ), 1 years (12 months) term
PAN-PA-440-BND-CORE-5Y;Palo Alto PA-440 Core Security Subscription Bundle;(Advanced Threat Prevention, Advanced URL Filtering, Advanced Wildfire, DNS Security and S D-WAN ), 5 years (60 months) term
PAN-PA-440;Palo Alto Firewall PA-440 NGFW;
PAN-PA-410-GP-3YR;Palo Alto PA-410 GlobalProtect subscription 3Y;GlobalProtect subscription 3 years (36 months) term.
PAN-PA-410-BND-PRO-3YR;PA-410, Professional Subscription Bundle;PA-410, Professional Subscription Bundle (Threat Prevention, Advanced URL Filtering, Wildfire, DNS Security), 3 years (36 months) te rm
PAN-PA-410-BND-PRO;Palo Alto PA-410, Professional Subscrip. Bundle 1Y;(Threat Prevention, Advanced URL Filtering, Wildfire, DNS Security)
PAN-PA-410-BND-NFR4-R;Palo Alto PA-410 NFR Bundle Subsciption;(Advanced Threat Prevention, DNS, Advanced URL filtering, GlobalProtect, WildFire, SD-WAN, Standard support), 1 year (12 months), term, renewal.
PAN-PA-410-BND-ENT-3YR;PA-410 Enterprise Subscription Bundle 3 Years;(Threat Prevention, Advanced URL Filtering, Wildfire, DNS Security, SD-WAN, IOT Security and SaaS Security Inline), 3 years (36 months) term
PAN-PA-410-BND-CORESEC-R;Palo Alto PA-410 Core Security Subscription Bundle;(Advanced Threat Prevention, Advanced URL Filtering, Advanced Wildfire, DNS Securi ty and SD-WAN), 1 years (12 months) term
PAN-PA-410-BND-CORESEC-3Y;Palo Alto PA-410 Core Security Subscription Bundle;(Advanced Threat Prevention, Advanced URL Filtering, Advanced Wildfire, DNS Security and SD-WAN  ), 3 years (36 months) term
PAN-PA-410-BND-CORESEC;Palo Alto PA-410 Precision AI Network Security Sub;PA-410, Precision AI Network Security Subscription Bundle (Advanced Threat Prevention, Advanced URL Filtering, Advanced Wildfire, Ad vanced DNS Security and Advanced SD-WAN ), 1 years (12 months) term
PAN-PA-410-ADVURL-R;Palo Alto PA-410, Advanced URL Filtering subscript;1 year (12 months) term renewal.
PAN-PA-410;Palo Alto Net Enterprise Firewall PA-410;
PAN-PA-400-RACKTRAY;Rack mountable tray for up to two PA-400s;Rack mountable tray for up to two PA-400s and 4 power adapters for a 4 post rack mount
PAN-PA-220-NFR;Palo Alto Networks PA-220 NFR Unit;
PAN-PA-220-BND-NFR4-R;Palo Alto PA-220 NFR Renewal Service Bundle;(Threat Prevention, DNS, Advanced URL Filtering, GlobalProtect, WildFire, SD-WAN, Standard Support)
PAN-PA-220-BND-NFR4;PA-220 NFR First Year Service Bundle;
PAN-PA-220-ATP-R;PALO ALTO Threat Prevention Subs Renew PA-220;
PAN-PA-220-ADVURL-R;PALO ALTO Sub Advanced URL Filtering 1Y RNW PA-220;
PAN-PA-1410-BND-CORESEC-3;PA-1410, Core Security Subscription Bundle;(Advanced Threat Prevention, Advanced URL Filtering, Advanced Wildfire, DNS Security and SD-WAN ), 3 years (36 months) term
PAN-PA-1410;Palo Alto Networks PA-1410;
PAN-IOT-ENT-PLUS;Enterprise IoT Security Plus product option;Enterprise IoT Security Plus product option. Should be purchased with IoT Security subscription.
PAN-1RU-4POST-RACK-11;Palo Alto 1RU 4-Post rack mount;1RU 4-Post rack mount for: one PA-560 and two power adapters, one PA-550 and two power adapters, two PA-540s and four power adapters , two PA-520s and four power adapters.
PA33E;PROFIS SQL/Fiscale - ESTESA START A/3;
PA319.06;Profis Integrazione GESCOM;
PA312.03;PROFIS GDPR  Analisi d'impatto;
PA312.01;PROFIS/Privacy GDPR - Gestione Trattamenti;
PA310.00;PROFIS Archiviazione e Conservazione documenti;Start/A3
PA31.31;PROFIS Gest.integr.FTE e corrispettivi START3;
PA31.30;PROFIS Gestione Integrata Fattura Elettronica;Start 3 fino a 1000 doc./mese
PA2E1;PROFIS SQL/Servizi - ESTESA Start A2;
PA2B;PROFIS SERVIZI BASE CLASSE A/2;
PA25B;PROFIS Società e Bilanci;
PA21.36;PROFIS Start2 HUB Sistemi 750 doc/mese;
PA21.31;PROFIS Gest.integr.FTE e corrispettivi START2;
PA21.30;PROFIS StartA2 Gestione Integr Fattura Elettronica;750 doc/mese
PA21.17;PROFIS Vendite Classe A2;
PA1E1;Profis SQL/Servizi - ESTESA START A/1;
PA1B1;PROFIS SQL/Servizi BASE Start A1;
PA17E;PROFIS/SQL Pratiche;
PA17.06;Contratti di locazione immobiliare cl. Start A1;
PA16.02;Consolidato Fiscale START 1;
PA15E;PROFIS SQL/Societa' e Bilanci - ESTESA;
PA15B;PROFIS SQL/Societa' e Bilanci Start A1;
PA15.07;PROFIS SQL Gestione Beni in leasing START A1;
PA15.03;Profis Libro Inventari Start 1;(Area Società e Bilanci)
PA13E;PROFIS FISCALE;
PA13B;PROFIS SQL Fiscale Start A/1;
PA13.12;PROFIS SQL Adempimenti Antielusione Start A/1;
PA11B1;PROFIS/Contabile - BASE - Classe A/1 -START 3 pdl;
PA112.01;PROFIS/GDPR Gest.Trattam/Val.Rischi START A/1;
PA111.36;PROFIS HUB Sistemi Start 1;
PA110.00;Archiviazione e Conservazione documenti;
PA11.36;PROFIS HUB Sistemi Profis Start A1;
PA11.31;PROFIS Gest. integr. fattura elettr. START A1 3PdL;
PA11.30;PROFIS Gestione integrata Fattura Elettronica;Start A1
PA11.17;PROFIS Gestione Vendite Start A/1;
PA11.14;PROFIS Trasmiss. spese per 730 precompil.-Start A1;
PA0E1;PROFIS SQL Servizi Estesa Start0;
PA03810-D201;Ricoh scanner post stampante;Scanner post stampante per fi-8150, 8170, 8190
PA03810-B051;Ricoh Scanner FI-8170 Duplex USB 3.2 Gen 1 Gigabit;"Scanner documenti CIS duale Duplex 216 x 355.6 mm 600 dpi x 600 dpi fino a 70 ppm (mono) / fino a 70 ppm colore)
ADF (Alimentatore automatico documenti) (100 fogli) fino a 10000 scansioni al giorno USB 3.2 Gen 1, Gigabit LAN"
PA011.36;PROFIS HUB Sistemi Start0;
PA N-PA-410-NFR;Palo Alto Networks PA-410 NFR Unit;
P9Q44A;HPE G2 Basic 7.3kVA_60309 3-wire 32A_230V Outlets;
P8B31A;HP OV W/O ILO 3YR 24X7 FIO PHYS 1 LTU;
P83119-425;HPE ProLiant DL360 Gen11 xeon Silver 4510 64GB;"Server ProLiant DL360 Gen11 montabile in rack - Processore 1 x Intel Xeon Silver 4510/2.4 GHz (fino a 4.1 GHz, 12-core) - Memoria 64GB (installati) / 8 TB (max) DDR5 SDRAM - Disco 2 x SSD 480 GB SATA 6Gb/s - Storage ontroller 	RAID (Serial ATA-600 / SAS 3.0 / PCI Express (NVMe)) OCP (HPE MR408i-o Gen11 SPDM) -"
P81784-425;HPE ProLiant DL380 Gen11 Xeon Gold 5416S;Server montabile in rack ProLiant DL380 Gen11 - Processore 1 x Intel Xeon Gold 5416S / 2 GHz (fino a 4 GHz, (16-core) - Memoria 64GB (installati) / 8 TB (max) DDR5 SDRAM - Disco 2 x SSD 480GB SATA 6Gb/s
P81776-425;HPE Server ProLiant ML350 Gen11 64GB/SSD 2x480 3YW;Server tower 4U a 2 vie 1 x Intel Xeon Silver 4514Y / 2 GHz (fino a 3.4 GHz, (16-core) - RAM 2 x 32 GB (installati)DDR5 SDRAM ECC avanzato - HDD 2 x SSD 480 GB - SATA 6Gb/s - garanzia 3 anni on site
P77233-425;HPE Server ProLiant ML350 Gen11 64GB/2.4TB 3YW;"Server tower 4U a 2 vie 1 x Intel Xeon Silver 4514Y/2GHz - RAM	64 GB (installati)DDR5 SDRAM ECC avanzato - HDD 2 x HDD 2.4 TB SAS 2.5"""
P77119-B21;Microsoft Windows Srv 2025 Remote Desktop Services;Microsoft Windows Server 2025 - Licenza duso - 1 licenza CAL terminale - Remote Desktop Services - Worldwide
P77114-B21;Microsoft Windows Server 2025 10 User CAL Worldwid;Licenza d'uso 10 licenze CAL utente
P77112-B21;Microsoft Windows Server 2025 5User CAL Worldwide;Microsoft Windows Server 2025 5 User CAL Worldwide LTU
P77104-B21;HPE Microsoft Windows Server 2025 Standard;Licenza aggiuntiva 16 core Worldwide
P77100-A21;HPE Microsoft Windows Server 2025 Standard;Licenza 16 core ROK Reseller Option Kit Multilingue
P72-04229;WinSvrEnt 2008R2 OLP NL Gov;
P72-04219-R;MICROSOFT Win SvrEnt 2008R2 SNGL OLP NL;
P71-09393;MS Windows Server Datacenter 2022 64Bit Italian;Microsoft Windows Svr Datacntr 2022 64Bit Italian 1pk DSP OEI DVD 16 Core
P67091-B21;HPE Processore Intel Xeon Silver 4510/2.4 GHz;2.4GHz - 12 core - 30MB cache
P67084-B21;HPE Intel Xeon-Gold 6544Y 3.6GHz 16-core 270W;
P64846-B21;"HPE Static v2 SSD Read Intensive 3.84TB 2.5""SFF";Unità di memoria a stato solido hot swap U.3 PCIe 4.0 (NVMe)
P64706-B21;HPE Memoria RAM SmartMemory DDR5 32GB DIMM 288;Modulo di memoria DIMM 288-PIN 5600 MHz / PC5-44800 CL46 1.1 V registrato ECC
P64705-B21;HPE Memory DDR5 16GB DIMM 288Pin 5600MHz PC5-44800;Modulo di memoria SmartMemory DDR5 16GB DIMM 288-PIN 5600 MHz/PC5-44800
P62798-B21;HPE DX360 Gen11 8SFF CTO Server;
P62797-B21;HPE DX320 Gen11 4LFF CTO Svr;
P62604-B21;HPE DX 64GB 2Rx4 PC5-4800B-R FIO Smt Kit;
P62406-B21;HPE INT Xeon-G 6426Y FIO CPU for HPE DX;
P62374-B21;HPE DX Gen11 Easy Install FIO Rail 3 Kit;
P62372-B21;HPE DX360 G11 High Perf HS FIO;
P62369-B21;HPE DX320 G11 High Perf HS FIO;
P60454-B21;HPE DX NS204i-u Gen11 FIO Ht Plg Bt Opt;
P60334-B21;HPE DX MR216i-o Gen11 12G FIO Contrl Kit;
P60221-B21;HPE DX3XX Gen11 EI FIO Rail 2 Kit;
P5S53EA;HP ProBook 440 G3 I5 4 Gb 500 Gb W10 Pro;
P5R34EA;HP Probook 440 Notebook 14  4GB  500GB;
P57759-B21;HPE DX 7.68TB NVMe RI SFF BC MV FIO SSD;
P56965-B21;HPE ProLiant DL380 Gen10 Xeon-G6226R 32GB 3Y NBD;"8x Hot Plug 2.5"" Small Form Factor SAS/SATA - No Optical PS 800W"
P56955-B21;HPE ProLiant DL360 Gen10 Xeon4208 1P 32G 8SFF Rack;
P56766-B21;HPE SSD DX 7.68TB SAS RI LFF LPC MV FIO;
P56763-B21;HPE DX 7.68TB SAS RI SFF BC MV FIO SSD;
P55954-421;HPE Tower ProLiant ML350 Gen11 Xeon Gold 5416S 3Y;"Server tower ProLiant ML350 Gen11 Performance 2 4U - Processore Xeon Gold 5416S 2 GHz - Memoria 32GB DDR5 SDRAM ECC avanzato - nessun HDD Hot-swap 2.5"" - Garanzia 3 anni on-site"
P55246-B21;HPE ProLiant DL380 Gen10+ Intel Xeon-S4310 32GB 3Y;
P54649-421;HPE ProLiant MicroServer Gen10 Plus Xeon E-2314;Server Tower ultra micro - Processore 1 x Intel Xeon E-2314 / 2.8 GHz - Memoria 16GB DDR4 SDRAM
P53862-B21;HPE DX BCM 57414 10/25GbE 2p SFP28 FIO Adptr;
P53567-421;HPE Tower ProLiant ML350 Gen11 XeonSilver 4410Y 3Y;Server tower ProLiant ML350 Gen11 4U - Processore Xeon Silver 4410Y/2GHz - Memoria 32GB DDR5 SDRAM ECC avanzato - nessun HDD - Garanzia 3 anni on-site
P52786-B21;HPE DL320 Gen11 NS204i-u NVMe Boot Kit;
P52561-421;HPE ProLiant DL380 Gen11  Xeon Gold 5416S 3Y;Server montabile in rack Gen11 2U - Processore Xeon Gold 5416S /fino a 4GHz - Memoria 32GB DDR5 SDRAM - nessun HDD - Storage controller RAID (SATA 6Gb/s / SAS 12Gb/s / PCIe) - PCIe 4.0 x8 (HPE Smart Array MR408i-o) - Garanzia 3 anni NBD
P52534-B21-9426;HPE Server DL380 Gen11 8SFF NC CTO;"Configurazione I146199426-01 :
P52534-B21 HPE DL380 Gen11 8SFF NC CTO Svr quantità 2
P67080-B21 INT Xeon-G 6526Y CPU for HPE quantità 4
P64706-B21 ""HPE 32GB 2Rx8 PC5-5600B-R Smart Kit"" quantità 32
P48813-B21 HPE DL380 Gen11 2U 8SFF x1 TM Kit	quantità 2
804398-B21 HPE Smart Array E208e-p SR Gen10 Ctrlr quantità 2
P26259-B21 ""BCM 57412 10GbE 2p SFP+ Adptr"" quantità 2
P51178-B21 ""BCM 5719 1Gb 4p BASE-T Adptr"" quantità 2
455883-B21 ""HPE BLc 10G SFP+ SR Transceiver"" quantità 4
P03178-B21 ""HPE 1000W FS Ti Ht Plg PS Kit"" quantità 4
BD505A HPE iLO Adv 1-svr Lic 3yr Support quantità 2
P77097-B21 MS WS25 16C DC FIO Npi WW SW quantità 2
P77107-B21 MS WS25 16C DC Add Lic WW SW quantità 2
S1A05A HPE Cmp Cloud Mgmt Srv FIO Enablement quantità 2
P51911-B21 ""HPE DL360 Gen11 CPU1/OCP2 x8 Enable Kit"" quantità 2
P48820-B21 ""HPE DL380/DL560 G11 2U High Perf Fan Kit"" quantità 2
P48183-B21 ""HPE NS204i-u Gen11 Ht Plg Boot Opt Dev"" quantità 2
P48818-B21 ""HPE DL380/DL560 G11 High Perf 2U HS Kit""	quantità 4
P52152-B21 ""HPE DL380 G11 NS204i-u Internal Cbl Kit"" quantità 2
P52341-B21 ""HPE DL3XX Gen11 Easy Install Rail 3 Kit"" quantità 2
R7A12AAE HPE COM Std 5yr Up ProLiant SaaS quantità 2
AC114A HPE Door/dock Medium Delivery SVC 2
HU4B2A5 HPE 5Y Tech Care Basic SVC quantità 1
HU4B2A5#R2M HPE iLO Advanced Non Blade Support quantità 2
HU4B2A500DK ""HPE DL380 Gen11 Support""	quantità 2"
P52534-B21-0474;HPE Server DL380 Gen11 8SFF NC CTO;"Configurazione I139230474-01 :
Quantità 2 P67092-B21 INT Xeon-S 4514Y CPU for HPE
Quantità 24 P64706-B21 HPE 32GB 2Rx8 PC5-5600B-R Smart Kit 
Quantità 2 P48813-B21 HPE DL380 Gen11 2U 8SFF x1TM Kit 
Quantità 2 R2J63A HPE SN1610E 32Gb 2p FC HBA S5
Quantità 2 P08443-B21 INT E810 10/25GbE 2p SFP28 Adptr 
Quantità 2 P51181-B21 BCM 5719 1Gb 4p BASE-T OCP Adptr 
Quantità 4 455883-B21 HPE BLc 10G SFP+ SR Transceiver 
Quantità 4 P03178-B21 HPE 1000W FS Ti Ht Plg PS Kit 
Quantità 2 BD505A HPE iLO Adv 1-svr Lic 3yr Support 4U
Quantità 2 S1A05A HPE Cmp Cloud Mgmt Srv FIO Enablement S3
Quantità 2 P51911-B21 HPE DL360 Gen11 CPU1/OCP2 x8 Enable Kit
Quantità 2 P48820-B21 HPE DL380/DL560 G11 2U High Perf Fan Kit
Quantità 2 P50400-B21 HPE DL3XX Gen11 2U Com Bezel Kit
Quantità 2 P48183-B21 HPE NS204i-u Gen11 Ht Plg Boot Opt Dev
Quantità 2 P49145-B21 HPE DL380 Gen11 Std Heat Sink Kit
Quantità 33 2 P52152-B21 HPE DL380 G11 NS204i-u Internal Cbl Kit
Quantità 35 2 P52341-B21 HPE DL3XX Gen11 Easy Install Rail 3 Kit
Quantità 37 2 R7A12AAE HPE GreenLake COM En 5y Up ProLiant aaS
Quantità 1 HU4B2A5 HPE 5Y Tech Care Basic SVC 72
Quantità 2 HU4B2A5#R2M HPE iLO Advanced Non Blade Support K3
Quantità 2 HU4B2A500DK HPE DL380 Gen11 Support 96"
P52534-B21-0102;HPE Server DL380 Gen11 8SFF NC CTO;"1	I141930102-01	Icon #1 - Wintech - Datacore

2	P52534-B21	HPE DL380 Gen11 8SFF NC CTO Svr
2	P52534- B21#B19	HPE DL380 Gen11 8SFF NC CTO Svr
4	P49598-B21	INT Xeon-G 6426Y CPU for HPE
4	P49598- B21#0D1	Factory Integrated
24	P43331-B21	HPE 64GB 2Rx4 PC5-4800B-R Smart Kit
24	P43331- B21#0D1	Factory Integrated
4	P48813-B21	HPE DL380 Gen11 2U 8SFF x1 TM Kit
4	P48813- B21#0D1	Factory integrated
12	P28352-B21	HPE 2.4TB SAS 10K SFF BC 512e MV HDD
12	P28352- B21#0D1	Factory Integrated
8	P65007-B21	HPE 1.6T NVMe MU SFF BC U.3ST V2 MV SSD
8	P65007- B21#0D1	Factory integrated
2	P08443-B21	INT E810 10/25GbE 2p SFP28 Adptr
2	P08443- B21#0D1	Factory Integrated
2	P01366-B21	HPE 96W Smart Stg Li-ion Batt 145mm Kit
2	P01366- B21#0D1	Factory Integrated
2	P48918-B21	HPE DL360 Gen11 Stg Cntrl Enable Cbl Kit
2	P48918- B21#0D1	Factory integrated
2	P47781-B21	HPE MR416i-o Gen11 SPDM Storage Cntlr
2	P47781- B21#0D1	Factory Integrated
2	P41614-B21	INT E810 10/25GbE 4p SFP28 OCP3 Adptr
2	P41614- B21#0D1	Factory Integrated
4	P03178-B21	HPE 1000W FS Ti Ht Plg PS Kit
4	P03178- B21#0D1	FACTORY INTEGRATED
2	BD505A	HPE iLO Adv 1-svr Lic 3yr Support
2	BD505A#0D1	Factory Integrated
2	S1A05A	HPE Cmp Cloud Mgmt Srv FIO Enablement
2	P51911-B21	HPE DL360 Gen11 CPU1/OCP2x8 Enable Kit
2	P51911- B21#0D1	Factory integrated
2	P48820-B21	HPE DL380/DL560 G11 2U HighPerf Fan Kit
2	P48820- B21#0D1	Factory integrated
2	P48183-B21	HPE NS204i-u Gen11 Ht Plg Boot Opt Dev
2	P48183- B21#0D1	Factory integrated
4	P48818-B21	HPE DL380/DL560 G11 High Perf 2U HS Kit
4	P48818- B21#0D1	Factory integrated
2	P52152-B21	HPE DL380 G11 NS204i-u Internal Cbl Kit
2	P52152- B21#0D1	Factory integrated
2	P52341-B21	HPE DL3XX Gen11 Easy Install Rail 3 Kit
2	P52341- B21#0D1	Factory integrated
2	R7A12AAE	HPE COM Enh 5yr Up ProLiant SaaS
2	AC114A	HPE Door/dock Medium Delivery SVC
1	HU4A7A5	HPE 5Y Tech Care Essential wDMR SVC
2	HU4A7A5#R2M	HPE iLO Advanced Non Blade Support
2	HU4A7A500DK	HPE DL380 Gen11 Support"
P51911-B21;HPE DL360 Gen11 CPU1/OCP2 x8 Enable Kit;
P51181-B21;HPE Broadcom BCM5719 Adattatore di rete OCP 3.0;Adattatore di rete OCP 3.0 Gigabit Ethernet x 4
P51178-B21;HPE Scheda Gigabit Ethernet Broadcom BCM5719;"Adattatore di rete Scheda plug-in PCIe 2.0 x4 - Gigabit Ethernet x 4 Progettato per: Apollo 4200 Gen10 Plus; ProLiant DL20 Gen10 Plus, DL325 Gen10 Plus, DL325 Gen10 Plus V2, DL360 Gen10 Plus, DL365 Gen10 Plus, DL380 Gen10 Plus, DL385 Gen10 Plus, ML30 Gen10 Plus"
P500;Pacchetto sms 500 - SMS Hosting;
P48920-B21;HPE DL360 Gen11 NS204i-u Front Cbl Kit;
P48908-B21;HPE High Performance Fan Kit di ventilazione;Kit di ventilazione sistema 1U
P48905-B21;HPE High Performance Heatsink Kit Dissipatore;Dissipatore per ProLiant DL360 Gen11 High Performance Heatsink Kit
P48403-B21;HPE ProLiant ML350 Gen11 NS204i-u Enablement Kit;Kit di abilitazione per ProLiant ML350 Gen11
P48183-B21;HPE Controller NS204i-u Gen11 NVMe PCIe 3.0;Controller memorizzazione dati (RAID) NVMe PCIe RAID 1 PCIe 3.0
P47902-B21;HPE Kit di ventilazione sistema per 2ª CPU;
P47811-B21;"HPE HDD SSD 960GB SATA 6G Read Intensive SFF 2.5""";Smart Carrier PM893 SSD
P47219-B21;HPE Kit ventole ridondante ML350 Gen11;
P46219-B21;HPE Microsoft Windows Server 2022 50 utenti CAL;
P46217-B21;HPE MS WS22 10USR CAL WW LTU;MS WS22 10USR CAL WW LTU
P46215-B21;Microsoft Windows Server 2022 5 User CAL;Worldwide LTU
P46195-B21;HPE Microsoft Windows Server 2022 16-core Std Add;
P46191-B21;Microsoft Windows Server 2022 1 User CAL;Worldwide LTU
P46171-A21;HPE MS WS22 16C STD ROK EU SW;MS WS22 16C STD ROK EU SW
P46123-A21;HPE Microsoft Windows Server 2022 16Core ROK DVD;
P45961-001;HPE Sps-HDD 1,8TB SAS SFF 10K SGT SKBS SS8K;
P44807-B21;HPE Power Supply DX 1000W FS Tita Ht Plg FIO;
P43328-B21;HPE SmartMemory DDR5 32GB DIMM 4800 MHz PC5-38400;Modulo di memoria Dual rank ECC 32GB DDR5 SDRAM DIMM 288-PIN CL40 (40-39-39)
P43272-B21;BCM 57416 10Gb 2p BASE-T OCP3 FIO Adp DX;
P43022-B21;HPE Modulo Memoria DDR4 32GB 3200MHz/PC4-25600;Numero parte equivalente costruttore OEM HPE P44878-001
P40507-B21;HPE SSD Read Intensive 1.92 TB hotswap 2.5 SFF SAS;HPE - SSD - Read Intensive - 1.92 TB - hot swap - 2.5 SFF - SAS 12Gb/s - Multi Vendor - con HPE Basic Carrier
P40502-B21;"HPE HDD SSD 480GB SFF 2.5"" SATA 6G";
P40498-B21;"HPE HDD SSD 960GB SATA 6G Read Intensive SFF 2.5""";
P40497-B21;"HPE HDD SSD 480GB SATA 6G Read Intensive SFF 2.5""";
P40496-B21;"HPE HDD SSD Read Intensive 240GB 2.5"" SF SATA";Unità di memoria a stato solido hot swap SATA 6Gb/s - 3 anni di garanzia
P38995-B21;HPE PowerSupply 800W Flex Slot Platinum Hot Plug;
P36999-B21;"HPE HDD SSD 1.92TB SAS 12G 2,5""";Read Intensive SFF Smart Carrier Value Multi Vendor SSD
P35515-B21;HPE SERVER DL160 GEN10 4210R 1P 16G 4LFF SVR;
P35152-B21;HPE HDD DX 16TB SAS 7.2K LFF LP 512e FIO;
P2V73A;HP 730 Cartuccia alta capacità nero per foto;300 ml alta capacità nero per foto originale DesignJet cartuccia d'inchiostro per DesignJet SD Pro MFP, T1600, T1600dr, T1700, T1700dr, T1708, T1708dr, T2600, T2600dr
P2V72A;HP 730 Cartuccia alta capacità grigio;300 ml alta capacità grigio originale DesignJet cartuccia d'inchiostro per DesignJet SD Pro MFP, T1600, T1600dr, T1700, T1700dr, T1708, T1708dr, T2600, T2600dr
P2V71A;HP 730 Cartuccia alta capacità nero opaco;300 ml alta capacità nero opaco originale DesignJet cartuccia d'inchiostro per DesignJet SD Pro MFP, T1600, T1600dr, T1700, T1700dr, T1708, T1708dr, T2600, T2600dr
P2V70A;HP 730 Cartuccia alta capacità giallo;300 ml alta capacità giallo originale DesignJet cartuccia d'inchiostro per DesignJet SD Pro MFP, T1600, T1600dr, T1700, T1700dr, T1708, T1708dr, T2600, T2600dr
P2V69A;HP 730 Cartuccia alta capacità magenta;300 ml alta capacità magenta originale DesignJet cartuccia d'inchiostro per DesignJet SD Pro MFP, T1600, T1600dr, T1700, T1700dr, T1708, T1708dr, T2600, T2600dr
P2V68A;HP 730 Cartuccia alta capacità ciano;300 ml alta capacità ciano originale DesignJet cartuccia d'inchiostro per DesignJet SD Pro MFP, T1600, T1600dr, T1700, T1700dr, T1708, T1708dr, T2600, T2600dr
P28948-B21-7225;HPE Server Cluster DL360 Gen10+ 8SFF NC CTO;"così configurato:
n. 2  P28948-B21 HPE DL360 Gen10+ 8SFF NC CTO Svr
n. 2  P36932-B21 INT Xeon-G 6326 CPU for HPE
n. 16 P06033-B21 HPE 32GB 2Rx4 PC4-3200AA-R Smart Kit
n. 2  804398-B21 HPE Smart Array E208e-p SR Gen10 Ctrlr
n. 2  P12965-B21 HPE NS204i-p Gen10+ Boot Ctrlr
n. 2  P51181-B21 BCM 5719 1Gb 4p BASE-T OCP Adptr
n. 2  P26477-B21 HPE DL36x Gen10+ High Perf Fan Kit
n. 4  865438-B21 HPE 800W FS Ti Ht Plg LH Pwr Sply Kit
n. 2  867998-B21 HPE 1U Gen10 Bezel Kit
n. 2  P26479-B21 HPE DL360 Gen10+ High Perf Heat Sink Kit
n. 2  P26485-B21 HPE DL300 G10+ 1U SFF Easy Inst Rail Kit
n. 2  P26489-B21 HPE DL300 Gen10+ 1U CMA for Rail Kit
n. 2  AC114A HPE Door/dock Medium Delivery SVC
n. 2 HU4B2A5 ZSA HPE 5Y Tech Care Basic SVC HPE Proliant DL360 Gen10+ Support"
P28586-B21;"HPE 1.2TB SAS 12G 2.5"" Mission Critical 10K SFF";Hard Disk Drive hot swap
P28352-B21;"HPE HDD 2.4TB SAS 12G Mission Critical 10K 2.5""SFF";
P24467-L21;HPE Cpu Kit Intel Xeon Gold 16 Core Processor;Processore Intel 6226r 2.90ghz 22mb Cache Tdp 150w per server DL380 G10
P22094-421;HPE ProLiant ML350 Gen10 Tower Intel Xeon-S 4208;1 x 16 GB DDR4-SDRAM 800 W
P21868-B21;HPE 32GB microSD RAID 1 USB Boot Drive;Supporti multimediali: HPE 32GB microSD RAID 1 USB Boot Drive
P21789-421;HPE ProLiant ML350 Gen10 Tower Xeon-S 4214R 32GB;
P21788-421;HPE Server ProLiant ML350 G10 TW Intel Xeon-S4210R;HPE ProLiant ML350 Gen10 Base - Tower - Xeon Silver 4210R 2.4 GHz - 16 GB
P21439-421;HPE ProLiant ML110 G10 Intel3206R 1x16GB Tower;
P20249-B21;HPE DL380 GEN10 5218 1P 32G 8SFF HP NOHDD P408I;
P20172-B21-BUNDLE;HPE Bundle Storeonce DL380 Gen10;"I126856199-01 Bundle Storeonce HPE DL380 composto
1	P20172-B21	HPE DL380 Gen10 4208 1P 32G NC 12LFF Svr
3	872485-B21	HPE 2TB SAS 7.2K LFF SC MV HDD
6	872491-B21	HPE 4TB SATA 7.2K LFF SC MV HDD
1	BD505A	HPE iLO Adv 1-svr Lic 3yr Support
7	P00924-B21	HPE 32GB 2Rx4 PC4-2933Y-R Smart Kit
1	P02491-B21	HPE DL380 Gen10 Xeon-S 4208 Kit
2	P47807-B21	HPE 480GB SATA RI LFF SCC MV SSD
1	727055-B21	HPE 10GbE 2p SFP+ X710 Adptr
1	HU4B2A5	HPE 5Y Tech Care Basic SVC
1	HU4B2A5#R2M	HPE iLO Advanced Non Blade Support
1	HU4B2A5#WAH	HPE DL38x Gen10 Support"
P201.15;PROFIS Sistemi AI - Contabilizz. ft 20 ditte;
P1V18A;HP Vassoio carta 3x550 fogli con supportoá;
P1N52AT;HP 8GB DDR4-2133 DIMM;
P1G16ET;800 G2 DM I5-6500 4G 500GB W10/7P;
P19720-B21-BUNDLE;HPE DL380 Gen10 8SFF NC CTO Server;"P19720-B21	2	HPE DL380 Gen10 8SFF NC CTO Svr
P02495-L21	2	HPE DL380 Gen10 Xeon-S 4216 FIO Kit
P00924-B21	16	HPE 32GB 2Rx4 PC4-2933Y-R Smart Kit
804398-B21	2	HPE Smart Array E208e-p SR Gen10 Ctrlr
P12965-B21	2	HPE NS204i-p Gen10+ Boot Ctrlr
665240-B21	2	HPE 1GbE 4p FLR-T I350 Adptr
865408-B21	4	HPE 500W FS Plat Ht Plg LH Pwr Sply Kit
BD505A	2	HPE iLO Adv 1-svr Lic 3yr Support
733664-B21	2	HPE 2U CMA for Easy Install Rail Kit
867809-B21	2	HPE Gen10 2U Bezel Kit
733660-B21	2	HPE 2U SFF Easy Install Rail Kit
AC114A	2	HPE Door/dock Medium Delivery SVC
HU4A6A3	1	HPE 3Y Tech Care Essential SVC
HU4A6A3	2	HPE DL38x Gen10 Support"
P19719-B21;HPE DL380 Gen10 24SFF NC CTO Svr;
P19718-B21;HPE DL380 Gen10 12LFF NC CTO Svr;
P18434-B21;HPE HDD 960GB SATA 6G Mixed Use SFF;
P18422-B21;"HPE HDD SSD SFF 480GB SATA 6G 2,5""";Read Intensive SFF Smart Carrier Multi Vendor SSD
P18420-B21;"HPE HDD SSD 240GB SATA 6G Read Intensive SFF 2.5""";HPE 240GB SATA 6G Read Intensive SFF (2.5in) Smart Carrier Multi Vendor SSD
P18223-B21;HPE DX 800W FS Plat Ht Plg LH FIO PS Kit;
P16005-421;HPE Proliant MicroSever Gen10+ G5420 1P 8G Ram TW;
P155.27;PROFIS/Gest.Fascicolo revisione/vigil.15 dit/anno;
P155.23;PROFIS/Revisione - 15 ditte/anno;
P151.15;Sistemi AI - Contabilizzazione Fatture / 15 Ditte;
P13788-B21;HPE iLO Enablement Kit per MicroSever Gen10+;
P117.06V;Contratti locaz/comod immob.200 Punti/2000doc mese;
P116.02V;Consolidato Fiscale 200 Punti/2000 doc mese;
P116.01V;Gestione IVA di Gruppo 120 Punti/2000 doc mese;
P1110.41V;PROFIS InvioMassivoDocum.email200Punti/2000doc/mes;
P111.17V;PROFIS/Gestione Vendite 200 Punti/2000 doc mese;
P11064-A21;MS Windows 19 (16-Core) Std Add Lic EMEA SW;"Microsoft Windows Server 2019 (16-Core) Standard Additional Licence EMEA Software
Sistema operativo"
P11058-061;Ms Windows 2019 Server Standard Edition ROK;
P11051-421;HPE ML350 Gen10 4210 1P 16G 8SFF Svr;
P10N5.20;PROFIS/Gestione fascicolo di revisione;
P10N5.19;PROFIS Revisione Cl.D;
P105.23;PROFIS Revisione 10 ditte/anno;
P097.06V;Contratti locaz/comod immob.160 Punti/1600doc mese;
P096.02V;Consolidato Fiscale 160 Punti/1600 doc mese;
P095.07V;PR Gest.Beni in Leasing 160 Punti/1600 doc mese;
P08443-B21;HPE Intel E810-XXVDA2 Ethernet 10/25Gb 2-port SFP2;
P08421-B21;HPE Ethernet 10Gb 2-port 537SFP+ Adapter;
P067.06V;Contratti locaz/comod immob.100 Punti/1000doc mese;
P065.07V;PR Gest.Beni in Leasing 100 Punti/1000 doc mese;
P06189-001;HPE SPS-DIMM 32GB PC4-2933YR 2GX4 KIT;
P06033-B21;HPE RAM 32GB (1x32GB) Dual Rank x4 DDR4-3200;
P057.06V;Profis Gestione Contratti di locazione immobiliare;
P056.02V;Consolidato Fiscale 80 Punti/800 doc mese;
P055.20;PROFIS/Gestione Fascicolo di Revisione D;
P055.07V;Profis Gestione Beni in Leasing;
P0512.03V;PR/GDPR-Analisi d'impatto 80 Punti/800 doc mese;
P0512.01V;PR/GDPR Gest.Tratt/Val.Rischi 80 Punti/800 doc mes;
P0510.41V;PR Invio massivo docum.email 80 Punti/800 doc mese;
P051.17V;PROFIS/Gestione Vendite 80 Punti/800 doc mese;
P051.15;PROFIS Sistemi AI Contabilizz. ft 5 ditte;
P04319-041;HP SPAREPARTS-TOP COVER W/KB BL GR;PArte di ricambio notebook
P037.06V;PROFIS Contratti locazione immobiliare 400doc/mese;a volumi 50 Punti
P036.02V;Consolidato Fiscale 50 Punti/400 doc mese;
P035.23;PROFIS/Revisione - 3 ditte/anno;
P035.20;PROFIS Gestione fascicolo di revisione 3 Bilanci;
P035.14UV;PROFIS Budget Business Plan(Ute Crisi impresa)50Pt;
P035.13V;PROFIS Analisi crisi di impresa;400 doc/mese 50 punti
P035.11V;Analisi di Bilancio e Comparazione di Settore;400 doc/mese 50 punti
P035.07V;PROFIS Gestione Beni in leasing 400doc/mese;a volumi 50 punti
P03178-B21;HPE Alimentatore Hot-Plug 1000 Watt 200-240 V;Alimentatore Server ProLiant DL360 Gen10, DL380 Gen10, DX360 Gen10 - hot-plug modulo plug-in - 200-240 V c.a. V
P0312.03V;PROFIS/Privacy GDPR-Analisi d'impatto 50p/400dm;
P0312.01V;PROFIS/GDPR Gest.Trattam/Valutaz rischi 50p/400dm;
P0310.41V;PROFIS Invio massivo documenti email 50p/400dm;
P0310.33V;PROFIS Gestione Fascicoli 50punti 400doc;
P031.17V;PROFIS Gestione Vendite 50p/400dm;
P03052-091-RFB;Hpe Memoria 32GB DDR4 Dual Rank DDR4-2933;
P03052-091;HPE Memoria RAM 32GB DDR4 2666MHz 288-pin DIMM;
P01N5.21;Attività di vigilanza 1 bilan.oggetto di revisione;
P01N5.20;Gestione fascicolo di revisione e vigilanza;1 bilancio oggetto di revisione
P01N5.19;PROFIS/Revisione - 1 bilancio oggetto di revisione;
P015.19R;PROFIS/Revisione - Attivazione Revisore;
P015.13V;Analisi crisi di impresa-20 Pti 160 doc/mese;
P015.07V;PROFIS Gest.Beni in Leasing 20 Punti/160 doc/mese;
P01367-B21;HPE 96W SMART STORAGE BATTERY;
P011.17V;PROFIS Gestione Vendite 20 Punti - 160 doc/mese;
P00924-B21;HPE Smart 32GB (1x32 GB) 2Rx4 PC4-2933Y-R;
P00922-B21;HPE 16GB 2Rx8 PC4-2933Y-R Smart Kit;
P00920-B21;HPE Single Rank x4 16 GB (1x16 GB) DDR4-2933;
P.GOLD TV;Protezione Gold TV F3 kasko;
OUT-WAN;Connettività internet ridondata per navigazione;(comprensivo di 10 utenti)
OUT-WAF;Web Application Firewall (WAF);
OUT-VMSMALL-WIN;"VM Small (2 CPU; 4GB RAM; 70GB Disco Base) Windows";
OUT-VMSMALL-LIN;"VM Small (2 CPU; 4GB RAM; 70GB Disco Base) Linux";
OUT-VMMEDIUM-WIN;"VM Medium (4 CPU; 8GB RAM; 70GB Disco Base) Window";
OUT-VMMEDIUM-LIN;"VM Medium (4 CPU; 8GB RAM; 70GB Disco Base) Linux";
OUT-VMBIG-WIN;"VM Big (4 CPU; 16GB RAM; 70GB Disco Base) Windows";
OUT-VMBIGV3-WIN;"VM Big (8 CPU; 64GB RAM; 70GB Disco Base) Windows";
OUT-VMBIGV2-WIN;"VM Big (8 CPU; 36GB RAM; 70GB Disco Base) Windows";
OUT-VMBIGV2-LIN;"VM Big (8 CPU; 128B RAM; 70GB Disco Base) Linux";
OUT-VMBIG-LIN;"VM Big (4 CPU; 16GB RAM; 70GB Disco Base) Linux";
OUT-STORAGE;Storage aggiuntivo multipli di 50GB;
OUT-PUBIP;Indirizzi IP pubblico riservato;
OUT-MONIT;Servizio Monitoraggio e KPI;
OUT-MANUTPDL;Servizio Replace PDL;(sostituzione macchina in sla concordato e numero di postazioni nominative)
OUT-DR;Disaster Recovery;
OUT-APP;Servizio Manutenzione Applicativa;
OUT-ADS-SRV;Amministratore di Sistema Server;
OUT-ADS-NET;Amministratore di Sistema Rete;
OUT-ADS-DB;Amministratore di Sistema Base Dati;
OS01142095;TM APEX ONE ON-PREM INCLUDES MAC VDI IDLP IVP IAC;"AND APEX CENTRAL RENEW NORMAL 26-50 USER LICENSE 12 MONTHS
dal 12.05.2022 al 11.05.2023"
OS01141975;TM APEX ONE ON-PREM INCLUDES MAC VDI IDLP IVP IAC;"AND APEX CENTRAL ADD. VOL NORMAL 26-50 USER LICENSE 12 MONTHS
dal 12.05.2022 al 11.05.2023"
OS01137377;Trend Micro APEX ONE ON-PREM Renew 101-250 USER 1Y;"INCLUDES MAC VDI IDLP IVP IAC AND APEX CENTRAL RENEW NORMAL 
in scadenza il 20.12.21"
OS01137217;APEX ONE ON-PREM INCLUDES MAC VDI IDLP IVP IAC;APEX CENTRAL ADD. VOL NORMAL 101-250 USER LICENSE 12 MONTHS
OPT-0129;Supporto snodabile in acciaio per Videoproiettore;
ONU1710-4G-P;FS.COM Unità di rete ottica ONU FTTH/O;Optical Network Unit 1-Porta XPON SFU con 4 × PoE+ Porte@56W
ONLINESIASP;SPRING SQL - servizio distribuzione telematica SIA;
ONLINESIAES;Servizio distribuzione Telematica SIA eSOLVER;
ONLINEPRO;Servizio di distribuzione Telematica PROFIS;
ONLINEJOB;Servizio di distribuzione telematica JOB;
ON-CENTER36;FEC Estensione garanzia on-center da 12 a 36 mesi;
OM4LCSCDX#40272;2m (7ft) Cavo Patch in Fibra, LC UPC a SC UPC, Dup;
OM4LCSCDX;FS.COM Fibra Ottica 2m LC UPC a SC UPC Duplex OM4;OM4 Multimodale PVC (OFNR) 2.0mm Cavo Patch in Fibra Ottica
OM4LCDX-2M;FS Cavo Fibra 2M7ft LC UPC Duplex OM4 Multimodale;
OM4LCDX-1M;FS Cavo Fibra 1M 3ft LC UPC Duplex OM4 Multimodale;
OM4LCDX-10PK#195700;FS Cavo Patch di Fibra 2m (7ft);LC UPC a LC UPC, Duplex, 2 Fibre, Multimodale(OM4), Riser (OFNR), 2.0mm, a Tampone Stretto, Acqua 10 pezzi/confezione
OM4LCDX#88535;FS Cavo Fibra 25M LC UPC Duplex OM4 Multimodale;25m (82ft) Cavo Patch in Fibra, LC UPC a LC UPC, Duplex, 2 Fibre, Multimode (OM4), Riser (OFNR), 2.0mm, a Tampone Stretto, Acqua
OM4LCDX#88534;FS Cavo Fibra 1,5M LC UPC Duplex OM4 Multimodale;Cavo Patch in Fibra Ottica - LC UPC a LC UPC Duplex OM4 Multimodale PVC (OFNR) 2.0mm
OM4LCDX#88533;FS Cavo Fibra 0,5M 7ft LC UPC Duplex OM4 Multimoda;0.5m (1.6ft) Cavo Patch in Fibra, 2 Fibre, LC UPC Duplex a LC UPC Duplex, Multimodale (OM4), Riser (OFNR), 2.0mm, Tampone Stretto, Acqua
OM4LCDX#40249;FS Cavo Fibra 7M LC UPC Duplex OM4 Multimodale;Cavo Patch in Fibra Ottica - LC UPC a LC UPC Duplex OM4 Multimodale PVC (OFNR) 2.0mm
OM4LCDX#40233;FS Cavo Fibra 3M 7ft LC UPC Duplex OM4 Multimodale;Cavo Patch in Fibra Ottica - LC UPC a LC UPC Duplex OM4 Multimodale PVC (OFNR) 2.0mm
OM4LCDX#40220;FS Cavo Fibra 2M 7ft LC UPC Duplex OM4 Multimodale;Cavo Patch in Fibra Ottica - LC UPC a LC UPC Duplex OM4 Multimodale PVC (OFNR) 2.0mm
OM4LCDX;FS Cavo 5m 16ft LC UPC a LC UPC Duplex OM4 MModale;PVC (OFNR) 2.0mm Bend Insensitive Fiber Optic Patch Cable
OM3LCSCDX-2M;FS Cavo in Fibra Ottica Multim. 2M LC UPC a SC UPC;Duplex OM3 PVC (OFNR) 3.0m Multimode Fiber Cable
OM3LCSCDX#41751;FS Cavo in Fibra Ottica Multim. 1m LC UPC a SC UPC;Duplex OM3 PVC (OFNR) 2.0mm Multimode Fiber Cable
OM3LCSCDX#41750;FS Cavo in Fibra Ottica Multim. 2m LC UPC a SC UPC;Duplex OM3 PVC (OFNR) 2.0mm Multimode Fiber Cable
OM3LCSCDX;FS Cavo in Fibra Ottica Multim. 3m LC UPC a SC UPC;Duplex OM3 PVC (OFNR) 2.0mm Multimode Fiber Cable
OM3LCDX-3M;FS Cavo in Fibra Ottica Multim. 3m LC UPC a SC UPC;
OM3LCDX-10PK#193770;FS 3m (10ft) Cavo Patch in Fibra, LC UPC a LC UPC,;Duplex, 2 Fibre, Multimode (OM3), Riser (OFNR), 2.0mm, a Tampone Stretto, Acqua, 10 pz/confezione
OM3LCDX-10PK#193769;FS 2m (7ft) Cavo Patch in Fibra, LC UPC a LC UPC;Duplex, 2 Fibre, Multimode (OM3), Riser (OFNR), 2.0mm, a Tampone Stretto, Acqua, 10 pz/confezione
OM3LCDX-10PK#193768;FS 1m (3ft) Cavo Patch in Fibra, LC UPC a LC UPC,;Duplex, 2 Fibre, Multimode (OM3), Riser (OFNR), 2.0mm, a Tampone Stretto, Acqua, 10 pz/confezione
OM3LCDX#41736;FS Cavo Fibra Ottica Multim. 10m LC UPC a LC UPC;Duplex OM3 Multimodale PVC (OFNR) 2.0mm
OM3LCDX#41733;FS Cavo Fibra Ottica Multim. 30m LC UPC a LC UPC;Duplex OM3 Multimodale PVC (OFNR) 2.0mm
OM3LCDX#41729;FS Cavo Fibra Ottica Multim. 2m LC UPC a LC UPC;Duplex OM3 Multimodale PVC (OFNR) 2.0mm
OM3LCDX#41728;FS Cavo Fibra Ottica Multim. 3m LC UPC a LC UPC;Duplex OM3 Multimodale PVC (OFNR) 2.0mm
OM3LCDX#41727;FS 5m (16ft) Cavo Patch in Fibra, LC UPC a LC UPC;Duplex, 2 Fibre, Multimodale (OM3), Riser (OFNR), 2.0mm, Tampone Stretto, Acqua
OM3LCDX;FS Cavo in Fibra Ottica Multim. 2m LC UPC a SC UPC;
OM2SCDX#43161;FS.COM Cavo patch in fibra ottica 1m OM2 MMD;Cavo patch in fibra ottica 1m (3 piedi) SC UPC a SC UPC Duplex OM2 Multimode PVC (OFNR) 2,0 mm
OM2LCSTDX;FS.COM Cavo FO MLM 2m(7ft) LC UPC a ST UPC Duplex;
OM2LCDX#43132;FS.COM 2m (7ft) LC UPC to LC UPC Duplex OM2;Multimode Riser (OFNR) 2.0mm Fiber Optic Patch Cable
OM1LCSTDX#43466;FS.COM 1m (3ft) LC UPC to ST UPC Duplex OM1;Multimode Riser (OFNR) 2.0mm Fiber Optic Patch Cable
OM1LCSCDX;FS.COM 3m LC UPC a SC UPC Duplex OM1 MMD OFNR;
OM07188;"ITB Carrello per schermo da 55"" a 86"" Max 90KG";Caravel 100 - Carrello EDU con mensola
OM07108;"ITB Carrello per schermo fino a 70"" Max 50KG";Carrello Staffa in Acciaio per Montaggio a Pavimento
OM06183;"ITB Staffa per Montaggio a Muro 55"" 25KgMax 3snodi";
OBSERVIUMPRO;Observium Professional Edition SW per monitoraggio;
NXMPXXL01;Tappetino per mouse Mouse Pad XXL Colore Nero;Dimensioni: 800*300*3 MM
NXMPE01;NILOX Mouse Pad Ergonomico con poggiapolso Nero;Larghezza 25 mm - Lunghezza 22 mm
NXMOWI2002;NILOX Mouse Ottico wireless 1600 DPI;
NXMOWI2001;NILOX Mouse Wireless Black 1600Dpi;
NXDSUSBC03;Nilox Docking Station Type-C 3xUSB 3.0;Docking station universale 2xHDMI, VGA, USB-C, RJ45 - Alluminio Silver
NXA02187;Nilox Spray Alcool Isopropilico 200ml;
NXA02061-1;Nilox Spray Aria Compressa 400 ml;
NX-8235-G7-6226R-CM;Nutanix NX-8235-G7, 2 Node with Intel Xeon 6226R;(2.9GHz, 16 cores, Cascade Lake Refresh)
NX-8235-G7-5220-CM;NX-8235-G7, 2 NODE WITH INTEL XEON PROCESSOR 5220;
NX-8135-G7-6226R-CM;Nutanix NX-8135-G7, 1 Node with Intel Xeon 6226R;(2.9 GHz, 16 cores, Cascade Lake Refresh)
NX-8135-G7-5220-CM;NX-8135-G7, 1 NODE WITH INTEL XEON PROCESSOR 5220;
NX-3235-G9-5415+-CM;Nutanix NX-3235-G9 2 Node;2x Intel Xeon-Gold 5415+ processor 2.9 GHz/ 8-core/ 150W, Sapphire Rapids) per node
NX-1175S-G9-6426Y-CM;Nutanix NX-1175S-G9 1 Node 1xIntel Xeon-Gold 6426Y;(2.5 GHz/ 16-core/ 185W, Sapphire Rapids) per node
NX-1150S-G9-4410T-CM;Nutanix Server 1 Node Configuration;"NX-1150S-G9, 1 Node Configuration
Intel Xeon-Silver 4410T processor (2.7 GHz/ 10-core/ 150W, Sapphire Rapids)
32GB Memory Module (5600MHz DDR5 RDM)
3.84TB NVMe SSD
No SSD as part of the system configuration
Broadcom 25/10GbE, 2-port, NIC (BCM57414);transceiver not included
C13/C14, 10A, 4ft Power cord
24/7 Production Level HW Support for Nutanix HCI appliance
Support 60 mesi"
NX090301110;NILOX TECH Prolunga USB-A/USB-A 2M GRIGIO;
NX080500104;NILOX ADATTATORE PS2-USB;
NX080400101;ADATTATORE HDMI/M - VGA/F;
NX.BJLET.001;"Acer TravelMate P6 14"" AI Ultra7-258V 32GB/1TB 1YW";"Notebook P6 COPILOT - Processore Intel Core Ultra 7 (Serie 2) - 258V/2.2GHz, fino a 4.8GHz/12MB Cache - Display 14"" 2880x 1800/WQXGA+ @ 120Hz - Memoria 32 GB LPDDR5X (la memoria fornita è integrata) - 	Disco 1 TB SSD NVMe, QLC - Design della cerniera a 180 gradi - Garanzia limitata 1 anno Carry in Garanzia internazionale per i viaggiatori"
NVT50;York KIT FISSAGGIO RACK ( 50 VITI);
NUC7I7BNH;PC/workstation barebones 3.5GHz i7-7567U;
NTOPNG ENTERPRISE;nTopng Enterprise Linux/Win (x64) license;
NT875AV-3737;HPProBook6540bCorei5-520M 15.6Ram4GbHD320GbWin7Pr;
NSF1050A;SANGFOR NSF-1050A-I hardware appliance;8x GE RJ45, 2 x SFP, 128GB SSD. Single AC power supply
NPROBE STANDARD;nProbe Standard (Linux/Win) license;
NPROBE EMBEDDED;nProbe Embedded (Linux) license;
NPRC/N;York Pannello gestione cavi 1U Raal 9005;
NPRC;PANNELLO GESTIONE CAVI 1U RAAL 7035;
NK128AT;"HP Monitor LE2001W 20"""" 16:9";
NIMBLEMAINT-HP;HP Manutenzione Nimble;
NE1D;Netool.IO Dispositivo Test di Rete Pro2 Smarter;Netool.IO Dispositivo Test di Rete Pro2 Smarter NE1D
NCA6S-OL;Canalina di alimentazione Bicolor (Silver/Nero);
NBOX-66-02;"Box a parete 19"" 6Unità H300xL600xP590 serie York";
NARM6615;Armadio a Pavimento 32U York RAAL7035  1500x600x60;
N7P47AA;HP USB 3.0 to Gigabit Adapter;
N6PATC5MGR;StarTech.com Cavo Patch CAT6 UTP RJ-45 5m Grigio;
N6PATC2MGR;StarTech.com Cavo di Rete 2m Cat6 UTP RJ45 Grigio;
N6PATC150CMGR;StarTech.com Cavo Patch CAT6 UTP RJ-45 1.5m Grigio;
N6PAT300CMGRS;StarTech.com Cavo Patch CAT6 UTP RJ-45 3m Grigio;Cavo CAT6 Antigroviglio da 3m
N6P97EA-R;HP 1020 M-5Y51 12.5 8GB/256 PC;
N3R88AT;HP Wireless Bus Slim Keyboard and Mouse;
N20973-983;HP Generic SODIMM 16GB DDR5 5600;
N19204-061;HP Top cover/keyboard includes cabl;Compatibile con ZBook Fury 16 G10
N000900L032A;CAMBIUM CABLE AC LINE EU TYPE F ANGLED 720MM C5;
N000900L017B;Cambium Poe Injector 56vdc 15w With C6 Ac Port;
N000900L017A;CAMBIUM 56VDC POE INJECTOR 15W WITH C6 AC PORT;
MZVLB512HAJQ-00000;Samsung SSD Interno da 512 GB;
MZ-VAP2T0CW;Samsung 9100 PRO M.2 SSD 2TB PCI-E 5.0;SSD crittografato 2 TB interno M.2 2280 PCI Express 5.0 x4 (NVMe) 256 bit AES TCG Opal Encryption 2.0 dissipatore integrato nero
MZ-V9S1T0BW;Samsung 990 EVO Plus MZ-V9S1T0 SSD 1TB M.2 2280 PC;
MZ-V9P2T0GW;Samsung SSD 990 PRO 2TB PCIe NVMe;Unità di memoria a stato solido - interno M.2 2280 PCIe 4.0 x4 (NVMe) dissipatore integrato 5 anni di garanzia
MZ-V9P1T0BW;Samsung 990 PRO MZ-V9P1T0BW SSD 1TB NVMe;SSD crittografato 1 TB interno M.2 2280 PCIe 4.0 x4 (NVMe) 256 bit AES TCG Opal Encryption 2.0
MZ-V8V500BW;SAMSUNG 980 SSD M.2 2280 500GB PCIe 3.0x4 NVMe;
MZ-V8V1T0BW;SAMSUNG SSD 980 1TB M.2 PCIE 3.0 X4 NVME 1.4;Unità di memoria a stato solido SSD crittografato 1 TB interno M.2 2280 PCIe 3.0 x4 (NVMe)
MZ-V8P1T0BW;SAMSUNG SSD 980 1TB M.2 PCIE 4.0 X4 NVME 2280;
MZ-V7S500BW;Samsung SSD 970 EVO PLUS 500GB NVME PCIE;
MZ-V7P1T0BW;SSD 970 PRO M.2 - PCIE 3.0 X4, NVME 1.3;
MZ-V7E500BW;SSD 970 EVO 500GB M.2 - PCIE GEN 3.0 X4  NVME 1.3;
MZ-V75S500BW;Samsung SSD M2 970 EVO Plus 2280 PCIe 3.0 x4 NVMe;
MZB8511EU;Xiaomi Redmi Note 8 Pro 6GB RAM 128GB ROM 6,53''Bl;
MZB8479EU;Xiaomi Smartphone REDMI NOTE 8T 4+64 BLUEá;
MZB0COSEU;"XIAOMI Redmi Note 12PRO 4G 6/128GB Gray 6,67"""; Processore Snapdragon 732G Octa Core - Display FHD+ AMOLED HDR 2400x1080 Dual SIM Nano Alimentazione Type-C
MZB0BK4EU;"XIAOMI 12LITE 8/128 Black 6,55"" Snapdragon778G 5G";
MZB0A9JEU;"XIAOMI 11Pro+ 5G 6.67"" 6/128GB MIUI Android11 Blue";
MZB0A6CEU;"Xiaomi Smartphone Redmi10 128GB/4G 6.5"" Android 11";
MZB0A65EU;"Xiaomi Smartphone Redmi10 128GB/4G 6.5"" Android 11";
MZB09LREU;"XIAOMI MI 11T 6.67"" 8/128GB 5G MIUI 12.5";
MZB092YEU;"Xiaomi Redmi Note 10S 6.43"" 6GB 64GB dual sim GREY";
MZB07XEEU;Xiaomi Mi 10T Lite 6+128GB 6.67 FHD Snapdragon 750;
MZ-7KE512BW;SAMSUNG 512GB SSD 850 PRO;
MZ-7KE256BW;SAMSUNG SSD Interno 850 ProRO 256Gb Sata III ;
MZ-77E500B/EU;SAMSUNG SSD 870 EVO 500GB 2.5 SATA III;Disco SSD 500GB SATA 6Gb/s - Velocità di trasferimento dati 600 MBps - Dimensione buffer 512 MB
MZ-77E2T0B/EU;"Samsung 870 EVO SSD 2TB 2.5"" SATA 6Gb/s";Disco SSD 2TB SATA 6Gb/s - Velocità di trasferimento dati 600 MBps - Dimensione buffer 2GB
MZ-77E250B/EU;"Samsung 870 EVO SSD 250GB 2.5"" SATA 6Gb/s";Disco SSD 250GB SATA 6Gb/s - Velocità di trasferimento dati 600 MBps - Dimensione buffer 512MB
MZ-77E1T0B/EU;SAMSUNG SSD 870 EVO 1TB 2.5 SATA 3D NAND MLC;
MZ-76P512B/EU;Samsung H.D. SSD 512GB 860 PRO esterno;
MZ-76P256B/EU;SSD 256GB 860 PRO;
MZ-76E500B/EU;SSD 500GB 860 EVO BASIC 2.5P SATA III;
MZ-76E250B/EU-R;SAMSUNG SSD 250GB 860 EVO BASIC 2.5P SATA III;
MZ-76E250B/EU;SAMSUNG SSD 250GB 860 EVO BASIC 2.5P SATA III;
MYLD2TY/A;Apple IPAD 10.2 WI-FI 128GB - SPACE GREY;
MXP93ZM/A;Apple AirPods 4 with Active Noise Cancellation;True wireless earphones con microfono auricolare Bluetooth - Eliminazione rumore attivata - Colore Bianco
MXEX2052GXPA00;CAMBIUM EX2052-P Gigabit 48P 4SFP+ POE 400W L2 L3;
MXEX2016MXPA00;Cambium  SWITCH EX2016M-P, 8 X 1G PORTS;
MX-EX2010PXA-E;CAMBIUM Switch 8Px1G + 2SFP PoE L2 & L3;
MX-EX1010PXA-E;Cambium Switch CNMATRIX EX1010-P ETHERNET POE 8;EX1010-P, INTELLIGENT ETHERNET POE+ SWITCH, 8 1-GBPS AND 2 1-GBPS SFP FIBER PORTS - NO POWER CORD. ENTERPRISE-GRADE L2+ FUNCTIONALITY,INCLUDES LIFETIME CLOUD OR ON-PREMISES MANAGEMENT.5-YEAR WARRANTY.
MX2H3T/A;Apple MacBook Pro M4 Pro 16-core 24/512GB 1YW;"Notebook Apple 24GB RAM 512GB SSD 14.2"" 3024x1964 120Hz Wi-Fi 6E, Bluetooth nero spazio tastiera italiana"
MWR23T/A;"Apple Magic Keyboard per iPad Pro 11"" (M4)";"Custodia con tastiera e trackpad retroilluminato
Apple Smart connector QWERTY italiana nero"
MW40V-2AWNIT2;Alcatel Webpocket 4G LTE;
MW2G3ZM/A;Apple Alimentatore 30W USB-C POWER ADAPTER-ZML;
MW0551305;Support 3year RedHat Platform Jboss;
MUQ93ZM/A;Apple USB-C TO LIGHTNING CABLE (1 M)-ZML;Cavo Lightning 24 pin USB-C maschio a Lightning maschio 1M
MU-PG2T0B/EU;Samsung T9 SSD Esterno 2TB USB 3.2 Gen 2x2 Nero;Unità di memoria a stato solido USB 3.2 Gen 2x2 USB-C - Autenticazione password, fino a 3m di altezza di protezione a fronte di cadute su cemento armato - 5 anni di garanzia
MU-PG1T0B/EU;Samsung T9 SSD Esterno 1TB USB 3.2 Gen 2x2 Nero;Unità di memoria a stato solido USB 3.2 Gen 2x2 USB-C - Autenticazione password, fino a 3m di altezza di protezione a fronte di cadute su cemento armato - 5 anni di garanzia
MU-PE1T0S/EU;Samsung SSD Esterno T7 Shield 1TB Nero USB-C 3.2;Unità di memoria a stato solido SSD crittografato 1TB esterno (portatile) USB 3.2 Gen 2 (USB-C connettore) 256 bit AES Nero
MU-PC500R/WW;Samsung 500GB SSD PORTATILE USB 3.1;
MU-PC4T0T/WW;Samsung SSD T7 MU-PC4T0T 4TB USB 3.2 Gen 2;SSD esterno (portatile)crittografato 4 TB USB 3.2 Gen 2 (USB-C connettore) 256 bit AES grigio
MU-PC2T0T/WW;Samsung T7 SSD Esterno 2TB USB 3.2 Gen 2 TitanGray;USB 3.2 Gen 2 - USB-C - Resistente agli urti, autenticazione password, Dynamic Thermal Guard protection, NVM Express (NVMe), 256 bit AES - 3 anni di garanzia
MU-PC2T0K/WW;Samsung SSD Portatile T7 Touch 2 TB Black;Unità di memoria a stato solido esterno (portatile) - USB 3.2 Gen 2 - USB-C - 256 bit AES - 3 anni di garanzia
MU-PC1T0T/WW;SAMSUNG SSD PORTATILE T7 1TB USB 3.1 TITANIUM GREY;
MU-PC1T0H/WW;SAMSUNG SSD PORTATILE T7 1TB USB 3.1 TITANIUM BLU;
MU-PA500B/EU;SSD PORTATILE T5 DA 500GB USB3;
MULTYP2A125M;PC Sistemi MultY® Prossimità 125Khz e Mifare 2Ant;"Display 800x480,PCAP,PoE,Alim.Ext. 230Vac,NERO
Lettori: 2 x 125KHz, 2 x 13.56MHz(Mifare®)"
MULTYM;PC Sistemi  Terminale MultY Magnetico prox 125Khz;& Mifare
MUHSMF2M;StarTech.com 3.5MM HEADSET EXTENSION CABLE;
MT18HVF25672PDZ-667H1;DRAM Module DDR2 SDRAM 2Gbyte 240RDIMM Tray;
MSX-SUB-XV2-2-3 1;CAMBIUM cnMaestro XforOne XV2-2 AP 3Y Subscription;One Device Tier3 slot - Includes Cambium Care Pro support
MSX-SUB-XV2-2-3;CAMBIUM cnMaestro X for one XV2-2 AP 3Y Subs;Includes Cambium - Care Pro support. 3-year subscription
MSX-SUB-XV2-21X-3;CAMBIUM cnMaestro X for one XV2-2 AP 3Y Subs;Includes Cambium Care Pro support. 3 year subscription
MSX-SUB-XV2-21X-1;CAMBIUM cnMaestro X for one XV2-2 AP 1Y Subs;Includes Cambium Care Pro support. 1 year subscription
MSX-SUB-T3-3;CAMBIUM CNMAESTRO FOR ENTERPRISE TIER3 3YSUB;
MSX-SUB-EX2052-P-3;CAMBIUM MAESTRO X FOR ONE EX2052-P ONE DEVICE 3Y;TIE20 SLOT. INCLUDES CAMBIUM CARE PRO SUPPORT. 3-YEAR SUBSCRIPTION
MSX-SUB-EX2028-P-3;CAMBIUM MAESTRO FOR ONE EX2028-P ONE DEVICE TIE20;INCLUDES CAMBIUM CARE PRO SUPPORT. 3-YEAR SUBSCRIPTION
MSX-SUB-EX2010-P-3;CAMBIUM MAESTRO FOR ONE EX2010-P ONE DEVICE TIE20;INCLUDES CAMBIUM CARE PRO SUPPORT. 3-YEAR SUBSCRIPTION
MSX-RNW-XV2-2-3;CAMBIUM cnMaestro X 3-year sub.renewal for XV2-2;Renews one Device Tier3 slot. Includes Cambium Care Pro support.
MSP-CGM-NIS2-PVT-U;CYBER GURU NIS2 12 Mesi da 4 fino a 25 licenze;
MSP-CGM-NIS2-PVT-SP;CYBER GURU NIS2 -12 Mesi Starter Pack fino a 3 Lic;
MSP-CGM-DORA-PVT-U;CYBER GURU DORA -12 Mesi - da 4 fino a 25 licenze;
MSP-CGM-DORA-PVT-SP;CYBER GURU DORA -12 Mesi Starter Pack fino a 3 Lic;Starter Pack
MSP-CGM-ADV-E;CYBER GURU CYBER ADVISOR 12 Mesi 3001-5000 Utenti;
MSP-CGM-ADV-D;CYBER GURU CYBER ADVISOR 12 Mesi 1001-3000 Utenti;
MSP-CGM-ADV-C;CYBER GURU CYBER ADVISOR 12 Mesi - 501-1000 Utenti;
MSP-CGM-ADV-B;CYBER GURU CYBER ADVISOR 12 Mesi - 251-500 Utenti;
MSP-CGM-ADV-A;CYBER GURU CYBER ADVISOR 12 Mesi - 1-250 Utenti;
MSP-CG2-PPRO-E;CYBER GURU PHISHING PRO 12 Mesi - 3001-5000 Utenti;
MSP-CG2-PPRO-D;CYBER GURU PHISHING PRO 12 Mesi - 1001-3000 Utenti;
MSP-CG2-PPRO-C;CYBER GURU PHISHING PRO 12 Mesi - 501-1000 Utenti;
MSP-CG2-PPRO-B;CYBER GURU PHISHING PRO 12 Mesi - 251-500 Utenti;
MSP-CG2-PPRO-A;CYBER GURU PHISHING PRO 12 Mesi - 1-250 Utenti;
MSP-CG2-PHI-E;CYBER GURU PHISHING 12 Mesi - 3001-5000 Utenti;
MSP-CG2-PHI-D;CYBER GURU PHISHING 12 Mesi - 1001-3000 Utenti;
MSP-CG2-PHI-C;CYBER GURU PHISHING 12 Mesi - 500-1000 Utenti;
MSP-CG2-PHI-B;CYBER GURU PHISHING 12 Mesi - 251-500 Utenti;
MSP-CG2-PHI-A;CYBER GURU PHISHING 12 Mesi - 1-250 Utenti;
MSP-CG2-CHA-E;CYBER GURU CHANNEL 12 Mesi - 3001-5000 Utenti;
MSP-CG2-CHA-D;CYBER GURU CHANNEL 12 Mesi - 1001-3000 Utenti;
MSP-CG2-CHA-C;CYBER GURU CHANNEL 12 Mesi - 501-1000 Utenti;
MSP-CG2-CHA-B;CYBER GURU CHANNEL 12 Mesi - 251-500 Utenti;
MSP-CG2-CHA-A;CYBER GURU CHANNEL 12 Mesi - 1-250 Utenti;
MSP-CG2-AWA-E;CYBER GURU AWARENESS 12 Mesi - 3001-5000 Utenti;
MSP-CG2-AWA-D;CYBER GURU AWARENESS 12 Mesi - 1001-3000 Utenti;
MSP-CG2-AWA-C;CYBER GURU AWARENESS 12 Mesi - 501-1000 Utenti;
MSP-CG2-AWA-B;CYBER GURU AWARENESS 12 Mesi - 251-500 Utenti;
MSP-CG2-AWA-A;CYBER GURU AWARENESS 12 Mesi - 1-250 Utenti;
MS-ENT-BKP-1X;Cloudally M365 Enterprise Plan Backup annual Subs;includes Exchange, Sharepoint, OneDrive and Groups/Teams - 1x daily backup annual Subscription - Service includes unlimited storage and unlimited retention of the daily backups
MS00724674;Trend Micro Mobile Security V9 Renew 101-250 1Y;Renew Normal 101-250 user license 12 months
MS00724380;TREND MICRO MOBILE SECURITY V9;ADD. VOL NORMAL 101-250 USER LICENSE 12 MONTHS
MRYT3T/A;"Apple MacBook Air 15"" 8/512GB Starlight";"Processore Apple M3 con CPU 8-core e GPU 10-core 15.3"" IPS 2880 x 1864 (WQXGA+)"
MR.JWD11.001;ACER Videoproiettore AOPEN QF13 DLP HD 1080;Formato 4:3 / 16:9 - Risoluzione massima HD 1080 (1920x1080) - Distanza proiezione max 5,15M - Colore Bianco
MQ052T/A;Apple Magic Keyboard with Numeric Keypad - Italian;
MPC01-055;AISENS Supporto VESA per Mini PC, Nero;
MP204B/4S/SIP;MediaPack 204 VoIP Telephone Adapter;
MOWI1001;Nilox mouse wireless 1600dpi black;
MO-SSC030J9283B;MicroOptics SFP+ to SFP+ 10Gb/s, DAC Cable;
MMLE071-8GB;CoreParts 8GB Memory Module 2400MHz DDR4 MAJOR;Modulo di memoria 8GB - Compatibile Hp 854916-001
MMKN159-8GB;CoreParts 8GB DDR4 2666MHz 288-pin DIMM;
MMKN145-32GB;CoreParts 32GB Memory 2666Mhz DDR4 Major SO-DIMM;
MMKN134-32GB;CoreParts 32GB Memory 1x32 GB DDR4 3200 SO-DIMM;
MMKN133-16GB;CoreParts 16GB Memory 16GB DDR4-3200 SO-DIMM;
MMKN123-16GB;CoreParts RAM 16GB 2666MHz DDR4 SODIMM;
MMKN064-8GB;CoreParts 8GB Memory Module 2666MHz DDR4 MAJOR;
MMH9765/4GB;CoreParts 4GB Memory Module for HP 2666Mhz DDR4;
MMH9712/4GB;MicroMemory 4GB DDR3L 1600MHZ;
MMH9679/4GB;CoreParts 4GB Memory for HP 1333Mhz DDR3;
MMH1051/4GB;CoreParts 4GB Memory for HP 1600Mhz DIMM;
MMG2431/8GB;CoreParts 8GB Memory 1600Mhz DDR3 Major SO-DIMM;
MMDE048-8GB;CoreParts 8GB Memory Module for Dell 8GB Memory;
MLXW3T/A;"Apple MacBook Air M2 8Core 13.6"" 8/256GB SpaceGrey";
MLPF3QL/A;iPhone 13 5G Midnight Black 128GB Single Sim;
ML12511;CoreParts Projector Lamp for NEC 3000 280Watt;for NEC Projector M332XS, M352WS, M402H, M402W, M402X
ML12107;CORE PARTS Projector Lamp EPSON 200 W;Lampada per proiettore per Epson 200 Watt, 4000 ore adatta per proiettore Epson EB-W18, EB-945, EX3220
MKGP3T/A;"Apple Mac BookPro 14"" M1 CPU8Core 16GB 512Gb SGREY";
MK482T/A;iMac 27 -inch 5K Retina  Core i5 3.3GHz/8GB/2TB;
MK2C3T/A;Apple Magic Keyboard with Touch ID Numeric Keypad;for Mac computers with Apple silicon - Italian
MIGRATIONWIZ;BitTitan MigrationWiz Mailbox Migration;"BitTitan MigrationWiz Mailbox Migration
MW-MM-PREM-C  7c90398a-43d6-4cfd-b1a0-665d1b466fb1:PU:OT"
MIGRATIONUSR;BitTitan User Migration Bundle;Mfg Part Number 39854d8c-b41d-11e6-a82f-e4b31882dc3b:PU:OT
MIGRATIONTNT;BitTitan Tenant Migration Bundle;Mfg Part Number 2E6C6E7F-4280-49E6-98A1-789FF7B25953:PU:OT
MIGBEDF;EDF SQL per Utenti Spring Pervasive Cl.B;
MG08ADA600E;"Toshiba HDD MG Series 6 TB 3.5"" SATA 6Gb/s 7200 rp";HDD interno per NAS - 5 anni di garanzia
MFO-RENEWAL;Rinnovo Data Protector 3 anni;
MFMC-12DP#35348;Mini Chassis del Convertitore Multimediale 12 Slot;Mini Chassis del Convertitore Multimediale 12 Slot 10/100M e 10/100/1000M, Montaggio su Rack 1U, Doppia Corrente CA 220V
MFHP4ZM/A;Apple AirPods Pro 3 Cuffie Wireless con Microfono;True wireless earphones Bluetooth 5.3 - Colore Bianco
MF216T/A;APPLECARE PROTECTION PLAN FOR IMAC;
ME177Z/A;APPLE AIRPORT TIME CAPSULE 802.11AC 2TB;
MDP2DPMF6IN;StarTech.com Adatt. MiniDisplayPort a Display 1.2;StarTech.com Adattatore Mini DisplayPort a DisplayPort 1.2 - Video 4K x 2K UHD - Mini DisplayPort (M) a DisplayPort (F) - nero
MDAV2X25R;SecurityPlus/AntiVirus for MDaemon 25 utenti esten;
MDAV2X12R;SecurityPlus/AntiVirus for MDaemon 12 ut est 1 Ann;
MD826AM/A;Apple Cavo Lightning Digital AV Adattatore HDMI;
MD6XP25R1;MDaemon Pro 25 utenti estensione 1 anno UP prima d;
MD6XP12R1;MDaemon BlackBerry Edition/Pro 12 utenti estension;
MCSS901;SQL Standard Edition 2019;Server + 1 Cal - Runtime
MCSS201;SQL Standard Edition 2022 Server + 1 Cal Runtime;
MCSBC202;SQL CAL 2022 - Runtime;
MC9401-0G1M6DSS-A6;"Zebra MC9400 Terminale Android 17 128 GB 4.3"" 5G";"Terminale raccolta dati Processore Qualcomm qualcomm 4490 (8 processori) - Display 4.3"" 800x480 - 802.11a/b/g/n/ac/ax (Wi-Fi 6E), Bluetooth 5.3"
MC930B-GSEHG4RW;Zebra Term.MC9300 WLAN,GUN,2DER,58KY,4/32GB;GMS,RW
MC704ZM/A;Apple USB ETHERNET ADAPTER;
MC333U-GJ4EG4EU;MC3330XR UHF RFID Gun, Circular Antenna, 802.11;A/B/G/N/AC, SE4770 2D Imager, 47 Key, Extended Capacity Battery, GMS, 4GB RAM / 32GB ROM, ETSI Bands
MC000H;Super Micrso Dropship Fee;
MBXUSBC-AC0009;CoreParts USB-C Power Adapter 65W;5-20V/3-3.5A PD3.0 CE FCC ROHS - Including EU Power Cord (C5/C6 Schuko)
MBXLE-BA0265;CoreParts Laptop Battery for Lenovo 44.40Wh Li-Pol;4000mAh for Lenovo Notebook
MBXLE-BA0221;CoreParts HP Laptop Battery 25.4Wh 3Cell Li-Pol;Laptop Battery for HP 25.4Wh 3Cell Li-Pol 11.55V 2200mAh - EliteBook 830 G5
MBXLE-BA0089;CoreParts Lenovo Laptop Battery 73Wh 9Cell Li-Ion;11.1V 6.6Ah Black, ThinkPad L440, ThinkPad L540, ThinkPad T440P, ThinkPad T540P, ThinkPad W5
MBXHP-BA0257;CoreParts HP Laptop Battery 86.24Wh Li-ion 15.4V;HP Notebook, Laptop Zbook 15 G5, ZBook 15 G5 2YW99AV, ZBook 15 G5 2YX00AV, ZBook 15 G5 2ZC40EA, ZBook 15 G5 2ZC41EA, ZBook 15 G5 2ZC42EA, ZBook 15 G5 2ZC54EA, ZBook 15 G5 2ZC64EA, ZBook 15 G5 2ZC67EA
MBXHP-BA0222;CoreParts Battery 49Wh 3Cell Li-ion 850G5 ZBook G5;
MBXHP-BA0213;CoreParts Laptop Battery for HP 44WH Li-Pol 11.55V;ProBook 450 G7 Notebook PC, ProBook 450 G6 Notebook PC, ProBook 440 G7 Notebook PC, ProBook 440 G6 Notebook PC, ProBook 430 G7 Notebook PC, ProBook 430 G6 Notebook PC
MBXHP-BA0206;CoreParts Laptop Battery for HP 37Wh Li-ion 7.7V 4;812060-2B1, 812060-2C1, 812148-855, 812205-001, HSTNN-DB7F, HSTNN-I72C, MC04XL, MG04, MG04040XL, MG04040XL-PL, MG04XL
MBXHP-BA0205;CoreParts batteria NB 50Wh3Cell Li-ion 11.5V 4.3Ah;
MBXHP-BA0201;CoreParts Battery For HP 47WH Li-Po 11.55V 4100mAh;
MBXHP-BA0171;CoreParts Laptop Battery for HP 38.76Wh Li-Pol;11.4V 3400mAh HP15-CS 17-BY, 250 G7, 255 G7, HP PAVILION 14-BF084NO 2GF89EA#UUW, 6UM18EA
MBXHP-BA0169;CoreParts Laptop Battery for HP 48.84Wh Li-Pol;11.1V 4400mAh HP EliteBook 850 G2
MBXHP-BA0018;CoreParts Battery for HP Tablet 52Wh Li-Pol 14.8V;3.4Ah HP EliteBook Folio 9470m
MBXHP-BA0017;CoreParts Battery For HP 47WH Li-Po 11.4V 4100mAh;
MBXHP-BA0002;MicroBattery 47Wh HP Laptop Battery;
MBXHP-AC0042;CoreParts Power Adapter for HP 45W 9.5V 2.31A;Plug:4.5*3.0, Including EU Power Cord
MBXHP-AC0004;CoreParts Power Adapter for HP 150W 19.5V 7.7A;
MBI2396;CoreParts Laptop Battery for HP 47.52Wh 6 Cell;Li-ion 10.8V 4400mAh Black HP Probook 650 G1
MBI2199;Laptop Battery for HP;
MBA2147;CoreParts Power Adapter 96W 24V 4A;Plug:6.3x3.0 Including EU Power Cord
MBA1238;CoreParts Power Adapter 65W 20V 3.25A;Plug:5.5X2.5 Including EU Power Cord
MB4627;"Nilox Carrello TV schermi fino a 80"" 90kg max";
MB4295;"ITB Carrello TV schermi fino a 85"" 90kg max";max vesa 800×500 - incluse due mensole: una sotto lo schermo e una porta webcam da installare sopra
MB165B;"ASUS ZenScreen MB165B Monitor USB portatile 15.6""";Monitor Desktop TN (Twisted Nematic) Risoluzione massima 1366X768 px - Garanzia 36 mesi
MAXTOR-M3-4TB;Maxtor M3 HDD Esterno da 4TB, 2,5' Nero;
MAX-BR1-MINI-LTE-E-T;Peplink Modem 4G LTE 10/100M 802.11b/g/n Wi-Fi GPS;3x 10/100/1000M Ethernet Port Wi-Fi 5 (11ac, dual)802.3at PoE Input PrimeCare Model
MAX-BR1-MINI-5GN-T-M-PRM;PEPLINK MAX BR1 MINI 5G ROUTER;
MAX-ADP-LTE-EU-T-PRM;Peplink MAX Adapter Embedded LTE Modem APAC/ CAT-4;Flexible LTE Cellular Modem 2x Ethernet LAN, USB-C LAN Interface, GPIO, GPS
MAILSTORESRVP115Y1;MailStore Server (1 anno UP) 115 utenti;con 1y Upgrade Protection
M6V52AT;HP NVIDIA QUADRO M4000 8GB GDDR5;
M393A1K43DB1-CVF-RFB;Samsung Memoria 8GB DDR4 2933MHz ECC RDIMM;
M393A1K43BB0-CRC-RFB;Dell Memoria 8GB DDR4 2400 MHz CL17 1.2V ECC Reg;
M2-USB-C-NVME-SATA;StarTech box esterno USB-C 10Gbps to M.2 NVMe;Enclosure per M.2 NGFF 2230/2242/2260/2280
M2HYW;"Dell Pro 24 All-in-One 24"" Ultra 7-265 16/512GB 1Y";"Personal computer All-in-one 24"" - Processore Intel Core Ultra 7 (Serie 2) 265 / 2.4 GHz (fino a 5.3 GHz, (20 processori) - Display 23.81"" LCD 1920x1080 (Full HD) 100Hz 92ppi - Memoria 16GB (installati)/64GB (max) DDR5 SDRAM non ECC - Disco SSD 512GB PCI Express 4.0 M.2 2230 NVM Express (NVMe) - Connessione 1GbE Bluetooth 802.11a 802.11b/g/n Wi-Fi 5 Wi-Fi 6E -"
M2D20 ADAPTER CARD;Synology Adattatore 2x Ssd M.2 Nvme PCIe 3.0 X8;Scheda di espansione PCIe per 2 HDD SSD M.2
M2-A01L-LITE-R;HUAWEI MEDIAPAD M2 10 LITE 4G SILVER 16GB WH PANEL;
M2-A01L-LITE;HUAWEI MEDIAPAD M2 10 LITE 4G SILVER (WHITE PANEL);
M21742-061;HP Tastiera con TopCase ProBook 450G8 Backlight IT;
M1P02AT-R;HP EliteDisplay E242 da 24 ENERGY STAR;
M1P02AT;HP EliteDisplay E242 da 24 ENERGY STAR;
M1P02AA;HP EliteDisplay E242 da 24 ENERGY STAR;
M1P00AT-R;HP ELITE DISPLAY E240C 23.8 INCH;
M1P00AT;HP ELITE DISPLAY E240C 23.8 INCH;
M1901F7GN-64;Xiaomi Redmi Note 7 64Gb/4GB Dual Sim nero;
M13575-001;"HP Non-Touch Panel Kit 21.5"" Full HD";Ricambio display compatibile per HP ProOne 600 G6 series
M0K02AE;HP 991X High yield Black Original PageWideCartridg;
M0J98AE;HP 991X Inchiostro GialloPageWide Pro 750/772/777;
M0J94AE;HP 991X Inchiostro MagentaPageWide Pro 750/772/777;
M0J90AE;HP 991X Inchiostro Ciano PageWide Pro 750/772/777;
LUX-0047;Schermo Elegant 16:10 luce di proiezione 240x150cm;
LUX-0046;Schermo Newsuper 16:10 luce di proiezione 390x244;Schermo Newsuper 16:10 luce di proiezione 390x244 cm con drop superiore da 35 cm cm e laterali/basso di 5 cm cad. (dimensioni totali tela 400x284 cm)
LSWM3STK;FS Cavo Twinax Passivo 3m H3C Compatibile 10G SFP+;
LSWM1STK;FS Cavo Twinax Passivo 0.5m (2ft) H3C COMP10G SFP+;
LS34J552WQUXEN;Samsung S34J552 WQHD 4ms 21:9 3440 x 1440;
LS34J552WQRXEN;"Samsung Monitor 34"" HRM HDMI DP	curvo nero";
LS34C500GAUXEN;"Samsung S34C500 34"" WQHD 5ms 21:9 3440x1440";UltraWide Quad HD - 2HDMI 1DP
LS2208-1AZU0100ZR;ZEBRA LS2208 1D LASER MULTI-IF CAVO USB INCLUSO;Scanner Manuale cavo USB incluso - Sensore Laser - Colore Bianco - Distanza massima lettura76 cm - Emulazione Tastiera / IBM 46xx / RS232 / USB
LP9035-R;CAVO SATA CONNETTORE 90 GRADI MT. 0,80;
LP9034-R;CAVO Sata CONNETTORE 90 GRADI MT. 0,50;
LP21908;LINK Cavo di alim. m-f IEC320-C19-C20 16A mt 2;
LKTAST08;Link Kit Tastiera e Mouse ottico USB;
LKMS15;LINK TESTER CON DISPLAY CAVI RETE POE E SONDA CAVI;
LKMP05N;LINK MULTIPRESA 5 PRESE ITA/SCH 10/16A BLACK;
LKMP05LN;LINK MULTIPRESA 5 PRESE ITA/SCH 10/16A BLACK;
LKMP05L;LINK MULTIPRESA 5 PRESE ITA/SCH 10/16A BIANCA;
LKMOS12;REFOO Mouse USB Home&Office 1000DPI Cavo150CM;
LKMIL01;Link Docking Station USB 3.0;
LKMDPH1422;LINK CAVO MINI DISPLAYPORT 1.4- HDMI® 2.0 MT 1,8;CONTATTI DORATI 4KX2K 60HZ 18GBPS HDR RGB 4:4:4 COLORE NERO
LKLU01;LINK FRAME HDD/SSD 2.5 TO 3.5 CON VITI;
LKKIT50VN;Link Kit 50 viti, dadi e rondelle;
LKEXT01;Link Estensore HDMI tramite cavo CAT5/6 fino a 60m;
LKCU3030;"LINK CAVO PROLUNGA USB 3.0 CONNETTORI ""A"" M/F 3M";
LKCU3010;"LINK CAVO PROLUNGA USB 3.0 CONNETTORI ""A"" M/F 1M";
LKCHDMI50;LINK CAVO HDMI® 4Kx2K PER PC NOTEBOOK HDTV 5M;CONTATTI DORATI MT 5 COLORE NERO
LKCHDMI20;LINK Cavo HDMI 4Kx2K 3D M/M mt. 2;TV, monitor, PC, Notebook contatti dorati colore nero
LKCHDMI150;LINK CAVO HDMI® 4Kx2K PER PC NOTEBOOK HDTV 15M;3D+ETHERNET CONTATTI DORATI MT 15 COLORE NERO
LKCHDMI100;LINK CAVO HDMI® 4Kx2K PER PC NOTEBOOK HDTV 10M;3D+ETHERNET CONTATTI DORATI MT 5 COLORE NERO
LKCHD2130;LINK CAVO HDMI 2.1 8Kx10K@60HZ 3M Nero;Per Pc, Notebook, Hdtv, Ecc 3Mt Colore Nero Compatibile HDMI 2.1
LKCHD202E;LINK CAVO HDMI 2.0 4K@60HZ +18GBPS;Cavo HDMI® con doppia schermatura 4Kx2K 60Hz (Supporta HDMI 2.0) Ultra HD UHD e 3D con supporto Ethernet, conduttori in rame e contatti dorati
LKCDPH30;LINK Cavo DisplayPort to HDMI 3M;Cavo Link CAVO DISPLAYPORT 1.2 - HDMI 1.4 4Kx2K 30 HZ CONTATTI DORATI MT 3
LKCDPH18;LINK Cavo displayport dp 1.2 to hdmi 4K 2M;
LKCDP18;CAVO DI CONNESSIONE DISPLAYPORT 1.2;
LKCC322;Link CAVO USB-C 3.2 GEN 2X2 M/M 2M nero;Cavo per dispositivi esterni USB Maschio/Maschio 20GBPS 100W (20V/5A)
LKCC321;LINK CAVO USB-C 3.2 GEN 2X2 M/M 1M Nero;Cavo per dispositivi esterni USB Maschio/Maschio 20GBPS 100W (20V/5A)
LKCC242;LINK CAVO USB-C 2.0 M/M 2M Nero;Cavo per dispositivi esterni con presa USB-C Maschio/Maschio 2M colore Nero 240WATT (48V/5A)
LKCC241;LINK CAVO USB-C 2.0 M/M 1M Nero;Cavo per dispositivi esterni con presa USB-C Maschio/Maschio 1metro Nero 240WATT (48V/5A)
LKC3005;LINK Cavo Ricarica Usb-A M a USB-C M 0,5M;
LKC2018H;LINK Cavo da USB a USB C Nero 1,8M;
LKC2018;"LINK cavo USB 2.0 ""A"" Maschio Tipo C 1,80mt bianco";
LKBR67;"LINK STAFFA A MURO ULTRA SLIM SUPPORTO TV 26 a 60""";LED/LCD FINO A 50 KG E VESA 400X400
LKBR13;LINK BRACCIO A MURO CON 2 SNODI PER TV LED/LCD;"BRACCIO A MURO CON 2 SNODI PER TV LED/LCD DA 13 A 37"" FINO A 15KG E VESA 100X100"
LKBR07;"LINK BRACCIO SUPPORTO DA TAVOLO 2 MONITOR 13-27""";
LKBR06;LINK BRACCIO SUPPORTO DA TAVOLO 1 MONITOR;
LKADAT202;Link Adattatore HDMI/M DisplayPort 1.2/F;
LKADAT20;LINK ADATT. DP MASCHIO - HDMI FEMMINA 4Kx2K;Adattatore da Display Port a HDMI 15cm
LKADAT10B;Link adattatore HDMI/VGA M/F 15cm 1080p Bianco;Adattatore Hdmi Tipo A Maschio + audio 3,5 mm a VGA Femmina - Risoluzione fino a 1080p - colore Bianco
LKADAT109;Link Adattatore DVI Maschio a HDMI Femmina;Adattatore Bidirezionale Dvi 24+1 Maschio - Hdmi ® Femmina Inclinabile E Routabile
LINDY41111-R;CAVO HDMI HIGH SPEED 1M M/M;
LIC-VWAN;Activate 1x Virtual WAN for Selected Models;
LIC-OPENVPN;OpenVPN Access Server License Key Purchase;
LICENZAGOLD;Licenza Gold per ambiente test/produzione;
LIC_PHPSTORM;Licenza PHPStorm;
LIC_ESOLVER;Totale Licenze Esolver;
LHGGM&EG18-EA;MikroTik Modem LHG LTE18 1x Gigabit Ethernet POE;
LH85QMCEBGCXEN;"Samsung Monitor Digital Signage 85"" 4K (UHD)";"Samsung LH85QMCEBGCXEN visualizzatore di messaggi Pannello piatto per segnaletica digitale 2,16 m (85"") LCD Wi-Fi 500 cd/m² 4K Ultra HD Nero Tizen 24/7"
LH75QETEPGCXEN;Samsung Monitor Digital Signage QE75T 75;2 altoparlanti - 1xUSB - Direct LED BLU 75'', Risoluzione 3840x2160 - Ethernet - 2xHDMI - 3 anni di garanzia
LH65QETELGCXEN;"Samsung Display LCD QE65T Diplay 65"" 4K UHD";"QET Series Display LCD 65"" Categoria diagonale a LED segnaletica digitale 4K UHD (2160p) 3840x2160"
LH55QETELGCXEN;"Samsung Display LCD QE55T 55"" 4K UHD";"QET Series Display LCD 55"" Categoria diagonale a LED segnaletica digitale 4K UHD (2160p) 3840x2160"
LH50QETELGCXEN;"Samsung Monitor Digitale Signage QE50T 50"" 3YW";Risoluzione Massima Orizzontale 3840x2160 - Speaker integrati (10W + 10W) Tecnologia pannello Direct LED BLU - Multimediale - VESA Mount 200x200 - Garanzia Monitor Lfd Tft / Led 3 Anni On Site
LH43QETELGCXEN;"SAMSUNG Samsung QE43T QET Series - 43"" Display LCD";retroilluminato a LED - 4K - per segnaletica digitale - 4K UHD (2160p) 3840 x 2160 - Tempo di risposta 8ms - Connettori di ingresso 2 HDMI, USB
LGI-RA-RSC;GoToAssist LGI Concurrent Service Renewal 1Y;REMOTE SUPPORT
LANSWEEPER_RW;Rinnovo licenza Lansweeper 3.000 assets;(per la gestione di 3000 assets)
L86212-001;HP Battery (8 cell, 94 Whr);
L7D49A/0D1;FACTORY INTEGRATED;
L7D49A;HP SMART SAN FOR HP 3PAR 8XXX LTU;
L7B50A/0D1;FACTORY INTEGRATED;
L7B50A;HP 3PAR 8200 REPLICATION STE DRIVE LTU;
L7B49A/0D1;FACTORY INTEGRATED;
L7B49A;HP 3PAR 8200 REPLICATION SUITE BASE LTU;
L7B46A/0D1;FACTORY INTEGRATED;
L7B46A;HP 3PAR 8200 OS SUITE DRIVE LTU;
L7B45A/0D1;FACTORY INTEGRATED;
L7B45A;HP 3PAR 8200 OS SUITE BASE LTU;
L78555-005;HP Battery 3 cell 53 Whr;Lithium ION Battery for EliteBook 830 G7, Elitebook 840 G7
L5H20EA;HP 1012 M5-6Y54 12.0 8GB/256;
L45091-061;HP Top cover/keyboard(includes cable),no backlight;
L3U49A;HP ColorLaserejet MFP  M775Fm Managed;
L3C65AV-4940;Notebook HP EliteBook 840 G3;
L32661-001;HP 150W smart AC adapter;Adattatore CA da 150 W per laptop HP OMEN, ingresso 100-240 V, uscita 19,5 V, corrente 7,7 A, connettore da 4,5 mm
L2Y23A;HP DESIGNJET T1530;
L28407-061;HP Keyboard for ZBook 17 G5;
L2698AB19;HP ScanJet G3110;
L22306-001;HP Fan CPU Cooling fan assembly;EliteBook 840 G5 Notebook PC, EliteBook 840 G5 Healthcare Edition Notebook PC, EliteBook 840 G5 Base Model Notebook PC, EliteBook 745 G5 Notebook PC, EliteBook 745 G5 Base Model Notebook PC
L1956AB19;HP SCANJET G4010 SCANNER A4  ACQUISIZIONE;
L14366-061;HP SPS-KEYBOARD SR BL 15 ITALIAN;
L11119-855;HP Laptop Battery 3 cell 41Whr Li-Pol 3550mAh;
L0S30YC;HP Magenta Extra High Yield Contract Cartridge;
L0S20YC;HP Black Extra High Yield Contract Cartridge;
L0S07AE;HP Cartuccia 973X Ink Cart HY PageWide Black;"Cartuccia d'inchiostro per PageWide Managed P55250; PageWide Pro 452, 477, 552, 577, MFP 477"
KVR32S22S8/8;Kingston 8GB DDR4 3200MHz Non-ECC SO DIMM 260-pin;DDR4 modulo 8GB SO DIMM 260-pin 3200 MT/s / PC4-25600 CL22 1.2 V senza buffer non ECC per Intel Next Unit of Computing 11, 12
KVR32S22S8/16;Kingston 16GB DDR4 PC4-3200MHz Non-ECC CL22 1.2V;Modulo di memoria SDRAM DDR4-3200 CL22 a 64 bit 16GB SDRAM
KVR32S22S6/8;Kingston DDR4 8 GB SODIMM 260 3200 MHz / PC4-25600;
KVR32S22D8/32;Kingston 32GB, DDR4, 3200MHz, Non-ECC, CL22, 1.2V;
KVR16N11/8;Kingston Memoria RAM 8GB 1600MHZ DDR3 DIMM;
KS-DE;Lacerto Adesivi tedeschi 13x13mm per tastiere;
KITUSB-KB;FEC Tastiera più mouse USB colore nero;
KIT-PWR-12V50W;Zebra KIT alimentatore + cavo 100-240VAC 12VDC 4A;KIT PWR-BGA12V50W0WW E CBL-DC-388A1-01
KIT882;CoreParts High profile bracket NVIDIA Quadro P400;
KD85XG8596BAEP;Sony Smart TV KD85-XG8596 4K 85;
KD75XE8596BAEP;SONY TV LED XE8596 75 4K HDR PREMIUM SDS;
KD75X75WLAEP;"Sony Bravia Smart TV X75WL 4K Ultra HD 75""";
KD55XG8596BAEP;Sony Smart TV KD55-XG8596 4K 55;
KD55XF8596BAEP;TV SONY BRAVIA XF85 55 TVKD55XF8596;
KD55X75WLAEP;"Sony Bravia Smart TV KD55X75 4K 55"" 2YW";4K (3840x2160) Full LED/Direct LED  Wi-Fi Integrato
KCT7J-RFB;"Dell 480GB 2.5"" Serial ATA 6Gbit/s Refurbished";
KCP556UD8-32;Kingston Memoria Ram 32GB DDR5 2800MHz PC5-44800;Modulo di Memoria DDR5 32 GB DIMM 288-PIN 2800MHz/PC5-44800 CL46 1.1 V senza buffer non ECC
KCP548SS8-16;Kingston RAM 16GB DDR5 4800MT/s Non-ECC PC5-38400;Memoria RAM SODIMM per Notebook
KCP432SS8/8;Kingston Memoria 8GB DDR4 3200MHZ SODIMM;DDR4 modulo 8GB SO DIMM 260-pin 3200 MT/s / PC4-25600 CL22 1.2 V senza buffer non ECC
KCP432SS8/16;Kingston DDR4 16GB SODIMM 260pin 3200MHz/PC4-25600;
KCP432NS8/8;Kingston Memoria RAM 8GB DDR4 3200MT/s Non-ECC;
KCP432NS8/16;Kingston DDR4 16GB DIMM 288-PIN/PC4-25600;Modulo Memoria DDR4 16 GB DIMM 288-PIN 3200 MT/s / PC4-25600 CL22 1.2 V senza buffer non ECC
KCP432ND8/16;Kingston RAM 16GB DDR4 3200MHz Non-ECC Unbuffered;Kingston modulo di memoria 16GB DDR4 DIMM 288-PIN 3200 MHz CL22 senza buffer non ECC
KCP426SS8/8;KINGSTON 8GB DDR4 2666MHZ NON-ECC CL17 SO DIMM;Memoria RAM PC4-21300 SO DIMM 260-pin
KCP426SS8/16;Kingston 16GB SODIMM DDR4-2666 CL19;
KCP426SS6/8;Kingston memoria 8GB DDR4 SODIMM 2666MHZ 1.2V;
KCP426SD8/16;Kingston RAM 16Gb DDR4 SODIMM 2666MHz PC4-21300;Modulo di memoria CL19 Non ECC Dual rank senza buffer
KCP426NS8/8;KINGSTON 8GB DDR4 2666MHZ NON-ECC CL19 X8 DIMM;Modulo di memoria DDR4 SDRAM - DIMM 288-PIN 2666 MHz (PC4-21300)
KCP426ND8/16;KINGSTON 16GB DDR4 2666MHZ NON-ECC CL19 X8 DIMM;Modulo di memoria DDR4 SDRAM - DIMM 288-PIN 2666 MHz (PC4-21300)
KCP3L16ND8/8;KINGSTON 8GB DDR3L 1600MHz PC3L-12800 SDRAM;Modulo di memoria DDR3L SDRAM - DIMM a 240 pin 1600 MHz (PC3L-12800)
KCP316SS8/4;4GB 1600MHZ SODIMM SINGLE RANK;
KCP316ND8/8;KINGSTON Memoria DDR3 SDRAM PC3-12800 8GB 1600MHZ;
KAYACO_RIN;KAYACO Rinnovo Manutenzione 1 Anno;
KAYACO LIC;KAYACO Framework integrazione base dati esterne;
KABDE3P19;Zebra Cavo AC Schuko;
K9J48EA;HP ProBook 440 G3 I5 4 Gb 500 Gb W10 Pro;
K81175WW;KENSINGTON W2000 WEBCAM 1080P 30fps Zoom 2x;
K7X30AT;HP ProDisplay 21,5 mod. P222;
K7X27AT-R;PRO DISPLAY P202VA 19 53;
K7X27AT;HP PRO DISPLAY P202 20  LED 3Y;
K7X26AA;HP PRO DISPLAY P202VA;
K72425EU;Kensington puntatore laser USB Presenter Expert Re;"Portata wireless fino a 45 metri - Puntatore laser rosso - Indicatore dello stato della batteria - Pulsanti retroilluminati - Passaggio istantaneo dalla modalità - presentazione alla modalità controllo cursore - Interruttore ON/OFF - Ricevitore USB all'interno - Astuccio per il trasporto incluso
Consente di controllare presentazioni PowerPoint e Keynote"
K72392EU;Kensington  Wireless Value Mouse;
K4T76AA;"HP HDD 4TB SATA 3.5"" 7200rpm HDD";"per Workstation Z2 G4, Z2 G5, Z2 G8, Z2 G9, Z4 G4, Z4 G5, Z6 G4, Z8 G4, Z8 G5; ZCentral 4R"
K33821EU;Kensington Alimentatore GaN USB-C 100W;
K2R84A-R;HP MSA 2040 ES SAS DC SFF Storage;
K2R80A-R;HP MSA 2040 ENERGY STAR SAN DUAL CONTROLLER;
K2Q36A;HP 3PAR STORESERV 8200 2N FLD INT BASE;
K2P94B;HPE 3PAR 8000 1.8TB SW 10K SFF HDD;
K2P94A/0D1;Factory integrated;
K2P94A;HP 3PAR 8000 1.8TB SAS 10K SFF HDD;
K2P88A/0D1;FACTORY INTEGRATED;
K2P88A;3PAR 8000 480GB SAS CMLC SFF SDD;
K0B38AA;HP 15.6 ESSENTIAL TOPLOAD;
JY929AAE;Aruba Central Svc 1 Token 3y Sub E-STU;
JY928AAE;ARUBA CENTRAL SVC 1 TOKEN 1Y SUB;
JY926AAE;Aruba Central DM 1 Token 3y Sub E-STU;
JY925AAE;ARUBA CENTRAL DM 1 TOKEN 1Y SUB;
JX954A;ARUBA IAP-207 (RW) INSTANT 2X2 2 11AC AP;
JX945A;HP ARUBA IAP-305 (RW) INSTANT 11AC AP;
JX939A;ARUBA IAP-304 (RW) INSTANT 2X/3X 11AC AP;
JW811A;ARUBA IAP-315 (RW) INSTANT 2X/4X 11AC AP;
JW325A;HPE Aruba Access Point IAP-325 Inst 4x4:4 11ac AP;
JW212A;ARUBA IAP-205 (RW)INSTANT 11AC;
JW047A;AP-220-MNT-W1W Flat Surface Wall/Ceiling White AP;
JW046A;ARUBA AP-220-MNT-W1 BASIC MOUNT KIT;Kit di montaggio a parete/soffitto compatibile per Aruba AP-220-MNT-W1
JW009A;HPE Aruba AP-ANT-1W 2.4/5G 4/6DBI OMNI;
JT257.3;JOB/TIME SQL-Terminale mobile;
JT257.1;JOB/TIME SQL-WEB Service per terminale mobile;
JT255.1;JOB/TIME SQL POSTO AGGIUNTIVO fino a 250 ced.;
JT254.3;JOBTime SQL Autorizzazioni;
JT254.1;JOBTime SQL Interfaccia web base;
JT254.0;Integrazione Job Time - Job Risorse;
JT253.7;JOBTime SQL Cartellino light;
JT252.3;JOBTime SQL Nota spese;
JT2512;JOB/TIME SQL 250 anagrafiche;
JT2511;JOBTime SQL 250 anagrafiche;
JT251.9;JOBTime SQL Integrazione con altre procedure paghe;
JT251.6;JOBTime SQL Centri di costo;
JT251.4;JOB/TIME SQL-Sched. Automatica Fino a 250 Ced.;
JT251.1;JOB/TIME SQL Multiaz. Anagraf.Estesa fino a 250 ce;
JT107.3;JOB/Time SQL Terminale mobile;
JT107.1;JOB/Time SQL Web Service per terminale mobile;
JT105.1;JOB TIME POSTO DI LAVORO AGGIUNTIVO;
JT104.1;Interfaccia web Base - Classe 10;
JT104.0;Integrazione JOB/Time-JOB/Risorse;
JT103.3;Orologio Virtuale - JOB Time - Classe 10;
JT1012;JOB/TIME SQL Fino a 100 Ced.;
JT1011;Job time SQL classe 10 fino a 100 anagrafiche;
JT101.9;JOB/TIME - Integrazione con altre procedure paghe;
JT101.7;Import/export file XML INPS;
JT101.6;JOB Time - Centri di costo Classe 10 - 100 anagr.;
JT101.3;JOB TIME CONTEGGIO BUONI PASTO;
JT101.1;JOB/TIME SQL-Multiaz.Anagr.Estesa Fino a 100 Ced.;
JT1001;JOB/Time SQL classe 10 fino a 100 dipendenti;
JT055.1;SISTEMI JOB TIME Posto di Lavoro Aggiuntivo;
JT054.0;Integrazione JOB/Time-JOB/Risorse;
JT0512;JOB/TIME SQL Fino a 50 Ced.;
JT0511;JOB/TIME SQL Fino a 50 Ced.;
JT051.9;JOB/TIME SQL-Integraz.con altre procedure paghe;
JT051.1;JOB TIME SQL Multiaziendale e Anagrafica Estesa;
JT02CL;JOB/TIME SQL Attivazione Servizio Cloud;Fino a 25/250 cedolini Windows fino a 25 doc./mese
JT027.3;JOB/Time Terminale Mobile;
JT027.1;JOB/TIME SQL-WEB Service per terminale mobile;Fino a 25/250 cedolini Windows fino a 25 doc./mese
JT025.1;JOB/TIME SQL-PDL Aggiuntivo Fino a 25 Ced.;
JT024.3;JOB/TIME SQL - Autorizzazioni Fino a 25 Ced.;JOB/TIME SQL - Autorizzazioni Fino a 25 Ced.
JT024.1;JOB/TIME SQL-Interfaccia web base Fino a 25 Ced.;JOB/TIME SQL-Interfaccia web base Fino a 25 Ced.
JT024.0;Integrazione JOB/Time-JOB/Risorse;
JT023.3;JOB/TIME SQL-Orologio Virtuale Fino a 25 Ced.;JOB/TIME SQL-Orologio Virtuale Fino a 25 Ced.
JT022.1;JOB/Time Gestione Pasti;
JT0212;JOB/Time SQL;JOB/Time SQL
JT0211;JOB TIME SQL;
JT021.9;JOB/TIME Integrazione con altre procedure paghe;
JT021.1;JOB/TIME SQL-Multiaz.Anagr.Estesa Fino a 25 Ced.;
JT0111;JOB/TIME SQL-10 - 100 Ced.;
JRP505.05;JOB/Presenze (SIR);
JRP405.05;JOB/Presenze Classe 40 fino a 400 anagrafiche;
JRP3511.51;JOB Conservazione Digitale in SIR;350 doc. mese
JRP3511.31;JOB Archiviazione in SIR;350 Doc/mese
JRP305.05;JOB/Presenze (SIR) fino a 300 anagrafiche;
JRP255.05;JOB/Presenze Classe 25 fino a 250 anagrafiche SIR;
JRP205.05;JOB/Presenze fino 200 anagrafiche;
JRP155.05;JOB Presenze 150;
JRP00B.1;JOB/SERVIZI BASE (SIR)Fino a 50 Ced.;
JRIS50E2;JOB/Risorse ESTESA 500 risorse/mese;
JRIS50.31;JOB/Risorse Gestione Sicurezza-Fino 500 Ris;
JRIS50.22;JOB/Risorse Portale documenti-Fino 500 Ris;
JRIS50.19;JOB/Risorse Reporter Disegnatore-Fino 500 Ris.;
JRIS50.16;JOB/Risorse Trasferte e nota spese-Fino 500 Ris.;
JRIS50.13;JOB/Risorse Gestione banca ore-Fino 500 Ris;
JRIS40E1;JOB/Risorse Configurazione Estesa 400 anagrafiche;
JRIS40.53;JOB/Risorse Privacy GDPR - Analisi d'impatto;400 anagrafiche
JRIS40.51;JOB/Risorse GDPR Gest.Trattamenti/Valutaz. rischi;400 anagrafiche
JRIS40.31;JOB/Risorse Gestione Sicurezza 400 anagrafiche;
JRIS40.28;JOB/Risorse Trasferte e rimborsi 400 anagrafiche;
JRIS40.22;JOB/Risorse Portale documenti 400 anagrafiche;
JRIS40.19;JOB/Risorse Reporter Disegnatore 400 anagrafiche;
JRIS40.13;JOB/Risorse Gestione banca ore 400 anagrafiche;
JRIS25E2;JOB Risorse CONFIGURAZIONE ESTESA-Fino 250 Risorse;
JRIS25B1;JOB/Risorse Configurazione Base;
JRIS25.31;JOB/Risorse Gestione sicurezza;
JRIS25.22;JOB/Risorse Portale documenti;
JRIS25.21;JOB/Risorse Portale web self service;
JRIS25.06;JOB/Risorse Dotazioni;
JRIS25.05;JOB/Risorse Gestione struttura organizzativa;
JRIS10E2;JOB Risorse CONFIGURAZIONE ESTESA-Fino 100 Ris;
JRIS10E1;JOB/Risorse ESTESA 100 doc. mese;
JRIS10.31;JOB/Risorse Gestione sicurezza;
JRIS10.28;JOB/Risorse Trasferte e rimborsi;
JRIS10.22;JOB Risorse Portale documenti;
JRIS10.13;JOB Risorse Gestione banca ore-Fino 100 Risorse;
JRIS10.06;JOB Risorse Dotazioni-Fino 100 Ris.;
JRIS05E2;JOB/Risorse ESTESA Classe fino a 50 anagrafiche;
JRIS05E1;JOB/Risorse CONFIGURAZIONE ESTESA;
JRIS05.31;JOB/Risorse Gestione Sicurezza;
JRIS05.22;JOB/Risorse Portale documenti;
JRIS05.21;Portale web self service;
JRIS05.19;JOB/Risorse Reporter Disegnatore;
JRIS05.16;JOB Trasferte e nota spese;
JRIS05.14;JOB Risorse Presenze web-Fino 50 Risorse;
JRIS05.13;JOB/Risorse Gestione banca ore;
JRIS05.06;JOB Risorse Dotazioni-Fino 50 Risorse;
JRIS02E2;JOB/Risorse ESTESA;JOB/Risorse ESTESA
JRIS02.16;JOB/Risorse Trasferte;JOB/Risorse Trasferte
JRIS02.06;JOB/Risorse Dotazioni;JOB/Risorse Dotazioni
JPX25E.1;JOB SQL/SERVIZI ESTESA Incr.25 Cedolini;
JPX1E.1;JOB/SERVIZI Incremento di 100 cedolini;
JPX111.31;JOB Archiviazione Operativa Incremento di 100 ced;
JP5019.00;JOB Presenze web fino a 500 anagrafiche;
JP25E.9;JOB SQL/Pratiche ESTESA Fino a 2500 Ced.;
JP25E.1;JOB SQL/SERVIZI ESTESA;
JP258.00;JOB SQL/Planner-Pianificazione processi operativi;
JP2512.02;Job/Aggiornamento Automatico Contratti - Estesa;
JP2511.51;JOB Conservazione Digitale;
JP2511.41;JOB Invio massivo documenti email 2500 doc/mese;
JP2511.33;JOB Gestione Fascicoli;
JP2511.31;JOB Archiviazione - Fino 2500 Ced/mese;
JP20E.9;JOB/Pratiche;
JP20E.1;JOB/SERVIZI;
JP208.00;JOB/Planner - Pianificazione processi operativ;
JP2012.02;JOB Aggiornamento Automatico Contratti - Esteso;
JP2011.51;JOB Conservazione Digitale;
JP2011.33;JOB Gestione Fascicoli 200/2000 cedolini;
JP15E.9;JOB/SQL Pratiche Estesa fino a 1500 ced;
JP15E.1;JOB/SQL Servizi estesa fino a 1500 ced;
JP159.02;JOB SQL Gestione pratiche Dipendenti;
JP158.00;JOB/SQL Planner Pianif. Processi oper. 1500 ced;
JP157.02;JOB SQL Gestione Budget Personale fino a 1500 ced;
JP157.01;JOB SQL Analisi costo del Personale;
JP153.13;JOB SQL Contrattazione Territoriale;
JP1512.02;JOB Agg. Autom. Contratti Estesa fino a 1500 ced;
JP1511.41;JOB  Invio massivo documenti email;
JP1511.31;JOB Archiviazione Operativa;
JP12E.9;JOB SQL Pratiche Estesa fino a 200 ced.;
JP12E.1;JOB SQL Servizi Estesa fino a 200 ced.;
JP12B.1;JOB SQL/SERVIZI BASE Fino a 200 Ced.;
JP129.02;JOB SQL/Gest. Pratiche Dipend. Fino a 200 Ced.;
JP128.00;JOB SQL/Planner-Pianific.processi oper. 200 ced.;
JP123.13;JOB SQL/Contrattazione Territoriale Fino 200 Ced.;
JP123.08;JOB SQL/Gest. Agricoltura Fino a 200 Ced.;
JP123.06;JOB SQL/Gest. Edilizia Fino a 200 Ced.;
JP1212.02;Job/Aggior.Autom.Contratti-Estesa-Fino a 200 Ced.;
JP1211.41;JOB Invio massivo documenti email - 200 Doc/mese;
JP1211.31;JOB Archiviazione - Fino 200 Ced/mese;
JP11E.1;JOB SQL/Servizi Estesa Fino a 150 Ced.;
JP113.13;JOB SQL Contrattazione territoriale;
JP1112.02;JOB Aggiornamento Automatico Contratti;
JP10E.9;JOB SQL/Pratiche ESTESA Fino a 1000 Ced.;
JP10E.1;JOB SQL/SERVIZI ESTESA;
JP109.02;JOB SQL/Gest. Pratiche Dipendenti;
JP108.03;JOB/Planner Emissione documenti fino a 1000/ced;
JP108.00;JOB SQL/Planner-Pianific.processi oper. 1000 ced.;
JP107.02;JOB SQL/Gestione Budget del Personale;
JP103.13;JOB SQL/Contrattazione Territoriale;
JP1012.02;JOB/Aggiornamento Automatico Contratti - Estesa;
JP1011.41;JOB Invio massivo documenti e-mail;
JP1011.31;JOB Archiviazione - Fino 1000 Ced/mese;
JP07E.9;JOB/Pratiche;
JP07E.1;JOB SQL/SERVIZI ESTESA;
JP079.02;JOB SQL/Gest. Pratiche Dipendenti;
JP079.01;JOB SQL/Gestione Pratiche Ditta;
JP078.03;JOB/Planner - Emissione documenti;
JP078.00;JOB SQL/Planner-Pian. processi operativi 750 ced;
JP077.01;JOB SQL/Analisi Costo del Personale;
JP073.13;JOB SQL/Contrattazione Territoriale;
JP0712.02;JOB/Aggiornamento Automatico Contratti - Estesa;
JP0711.31;JOB Archiviazione - Fino 750 Ced/mese;
JP05E.9;JOB SQL Pratiche Estesa;
JP05E.1;JOB SQL/SERVIZI ESTESA;
JP05B.1;JOB/SERVIZI sql base;
JP058.03;JOB SQL/Planner - Emissione Documenti 500 ced.;
JP058.01;JOB SQL/Gest.automatica proc.di calcolo 500 Ced.;
JP0519.00;JOB Presenze Web fino a 50 anagrafiche;
JP0511.41;JOB Invio massivo documenti email - 500 Doc/mese;
JP0511.33;JOB Gestione Fascicoli - Fino 500 Ced/mese;
JP0511.31;JOB Archiviazione - Fino 500 Ced/mese;
JP0511.00;JOB Archiv.Conserv.documenti classse 50/500 ced.;
JP0510.02;JOB SQL/Dich. 770 Fino a 500 Ced.;
JP0510.01;JOB SQL/Dich. 730 Fino a 500 Ced.;
JP02E.9;SISTEMI JOB SQL/Pratiche ESTESA fino a 250 cedolin;
JP02E.1;JOB SERVIZI ESTESO FINO A 250 CEDOLINI;
JP029.02;JOB SQL Gestione Pratiche Dipendenti fino a 250 ce;
JP029.01;JOB SQL Gestione Pratiche Ditta fino a 250 ced.;
JP028.03;JOB Planner Emissione documenti 250 doc/mese;
JP028.01;JOB/Planner - Schedulazione processi di calcolo;
JP027.02;JOB SQL Gestione Budget Personale fino a 250 ced.;
JP027.01;JOB SQL Analisi Costo del Personale fino a 250 ced;
JP023.13;JOB SQL - Contrattazione Territoriale;
JP023.08;JOB SQL/Gestione Agricoltura;
JP0212.02;Job/Aggior.Autom.Contratti-Estesa-Fino a 250 Ced.;
JP0211.31;JOB Archiviazione fino a 250 doc/mese;
JP01E.9;JOB PRATICHE CL.01;
JP01E.1;JOB SQL/SERVIZI ESTESA;
JP01B.1;JOB SERVIZI;
JP019.02;JOB SQL/Gest. Pratiche Dipend. Fino a 100 Ced.;
JP019.01;JOB SQL/Gest. Pratiche Ditta Fino a 100 Ced.;
JP018.01;JOB SQL/Planner-Schedulazione processi di calcolo;
JP018.00;JOB SQL/Planner-Pianific.processi oper. 100 ced.;
JP017.02;JOB BUDGET CL.01;
JP013.13;JOB SQL/Contrattazione Territoriale;
JP013.06;JOB SQL/Gest. Edilizia Fino a 100 Ced.;
JP0119.00;JOB Presenze web fino a 10 anagrafiche;
JP0112.02;JOB/Aggior.Autom.Contratti-Estesa-Fino a 100 Ced.;
JP0111.31;JOB Archiviazione - Fino 100 Ced/mese;
JP00E.9;JOB SQL/Pratiche ESTESA fino a 50 doc/mese;
JP00E.1;JOB SQL/SERVIZI ESTESA fino a 50 doc/mese;
JP00B.1;JOB SQL/SERVIZI BASE Fino a 50 Ced.;
JP0010.02;JOB SQL/Dich. 770 Fino a 50 Ced.;
JL824-61001;HPE Switch 5140 48G POE+ SFP EI SW;
JL812A;HPE ARUBA Switch Istant ON 1830 24G 2SFP;Switch 24 porte Gigabit Ethernet - Montabile su rack 1U - Garanzia a vita
JL808A;HPE ARUBA SWITCH ION 1960 48G 2XGT 2SFP+;Switch L2+ intelligente 48 x 10/100/1000 + 2 x 10 Gigabit SFP+ + 2 x 10 Gigabit Ethernet desktop, montabile su rack
JL686A;HPE Aruba IOn 1930 48G 4SFP+370W;
JL682A;HPE Aruba IOn 1930 24G 4SFP+Switch;"4SFP/SFP+ Switch - Switch - L3 -
gestito - 24 x 10/100/1000 + 4 x 1
Gigabit / 10 Gigabit SFP+ -
montabile su rack"
JL255A;HPE Switch Aruba 2930F 24G PoE+4SFP+Switch;
JIRA_SCRIPTRUNNER;SCRIPTRUNNER FOR JIRA CLOUD;25 utenti - annuale
JIRA_RICH FILTERS;RICH FILTERS FOR JIRA DASHBOARD;25 utenti - annuale
JIRA_MIGRATION;JIRA TOOL MIGRAZIONE- Premium - Una Tantum;25 utenti - annuale
JIRA SERVICE MANAGEMENT;JIRA SERVICE MANAGEMENT - STD-25 utenti-annuale;
JH685A-R;HPE FlexNetwork 5940 48p 10GBaseT;and 6p 40/100GbE QSFP28 with 2 Fans 2 PS Switch Bundle
JH409A;HPE 5940 2p QSFP+ 2p QSFP28 Module;
JH397A;HPE FlexFabric 5940 2-slot Switch;
JH295A;HPE 1950 12XGT 4SFP+ Switch 12P 10G Ethernet;
JH180A;Switch module HpE 5930 Module 24-port SFP+/2-port;
JG937A;HP 5130-48G-POE -4SFP  EI SWCH;
JG936A;HP 5130-24G-POE -4SFP  EI SWCH;
JG921A-MOINT;HPE Switch 1920 8G PoE+ (65W) including Rackmount;
JG900AR;HPE POWER SUPPLY A58X0AF 300W AC;
JG900A;HPE Power Supply Switch A58x0AF 300W AC;
JG898A;HPE FlexFabric 5700-32XGT-8XG-2QSFP+ Switch Refur;
JG896AR;HPE Switch FlexFabric 5700 40XG 2QSFP+;
JG894A;HPE Switch FlexFabric 5700 48G 4XG 2QSFP+;
JG553A;HPE X712 AIRFLOW HIGH VOLUME FAN;
JG552A;HPE X711 Frt(prt) Bck(pwr) HV Fan Tray : HPN DC To;
JG545A;HPE X362 1110W AC PoE Power Supply;
JG544A;HP X362 720W AC POE POWER SUPPLY;
JG544-61101;HP X362 720W AC POE POWER SUPPLY;
JG542A;HPE Switch 5500 48G PoE+ 4SFP HI Gb Ethernet PoE;
JG349A;HP 1910-8G-POE (65W) SWITCH;
JG307A;HP 3600-48-POE  V2 SI SWITCH;
JG305A;HP 3600-48 v2 SI Switch;
JG300B/ABB;Europe - English localization;
JG300B;HPE 3600 48 v2 EI Switch;
JG299B/ABB;Europe - English localization;
JG299B;HP 3600-24 V2 EI SWITCH;
JG240A;HPE Switch 5500-48G POE + EI RFB;
JG237-61001;HP A5120-48G-POE+ EI SWITCH;
JG236A;HPE 5120-24G POE+ EI LAYER 3 MANAGED;
JG225A;HPE SWITCH 5800AF-48G DUAL AC JC680A-FAN JC682A;
JG219A;HPE SWITCH 5820AF-24XG DUAL AC JC680A-FAN JC682A;
JG136A;HPE A-RPS1600 REDUNDANT POWER SYSTEM;
JG081C;HP X240 10G SFP  SFP  5M DAC CABLE;
JE071A;HP switch 5120 48G POE;
JE069A;HP A5120-48G EI SWITCH WITH 2 SLOTS;
JE067A-R;HP 5120-48G EI SWITCH;
JD368B;HP 2P 10-GBE SFP  A5500/E4800/E4500 MODULE;
JD362B;HPE X361 150W AC POWER SUPPLY;
JD362A;HP A5500 150WAC POWER SUPPLY;
JD190A;HP X290 500/800 1m RPS Cable;
JD183A/ABB;Europe - English localization;
JD183A;HP RPS 800 A Redundant Power Supply;
JD119B;HP X120 1G SFP LC LX Transceiver;
JD118B;HP X120 1G SFP LC SX Transceiver;
JD097C;HPE X240 10G SFP  SFP  3M DAC CABLE;
JD095C;HPE X240 10G SFP  SFP  0.65M DAC CABLE;
JD092B;HP X130 10G SFP  LC SR TRANSCEIVER;
JD089B;HP X120 1G SFP RJ45 T Transceiver;
JCP12B.1;JOB SQL/SERVIZI BASE Fino a 200 Ced.;
JCP129.02;JOB SQL/Gest. Pratiche Dipend. Fino a 200 Ced.;
JCP128.00;JOB SQL/Planner-Pianific.processi oper. 200 ced.;
JCP123.13;JOB SQL/Contrattazione Territoriale Fino 200 Ced.;
JCP123.08;JOB SQL/Gest. Agricoltura Fino a 200 Ced.;
JCP123.06;JOB SQL/Gest. Edilizia Fino a 200 Ced.;
JCP1211.41;JOB Invio massivo documenti email - 200 Doc/mese;
JCP1211.31;JOB Archiviazione - Fino 200 Ced/mese;
JCP11B.1;JOB SQL/SERVIZI BASE S.C. 150 Ced.;
JCP119.02;JOB/Gest.Pratiche Dipend.Solo Can.Fino a 150 Ced.;
JCP118.00;JOB/Planner-Pianific.processi oper. SC 150 ced.;
JCP113.13;JOB SQL/Contratt.Territ. Solo Canone-Fino 150 Ced.;
JCP113.08;JOB/Gest.Agricoltura Solo Canone Fino a 150 Ced.;
JCP113.06;JOB/Gest. Edilizia Solo Canone Fino a 150 Ced.;
JCP1111.41;JOB Invio massivo doc.email Solo Can-150 Ced/mese;
JCP1111.31;JOB Archiviazione;
JCP02B.1;JOB SQL/SERVIZI BASE S.C. 250 Ced/mese;
JCP029.02;JOB/Gest.Pratiche Dipend.Solo Can.Fino a 250 Ced.;
JCP028.00;JOB/Planner-Pianific.processi oper. SC 250 ced.;
JCP023.13;JOB SQL/Contratt.Territ. Solo Canone-Fino 250 Ced.;
JCP023.08;JOB/Gest.AgricolturaSolo Canone Fino a 250 Ced.;
JCP023.06;JOB/Gest. Edilizia Solo Canone Fino a 250 Ced.;
JCP0211.41;JOB Invio massivo doc.email Solo Can-250 Ced/mese;
JCP0211.31;JOB Archiviazione Solo Canone-Fino 250 Ced/mese;
JC784C;HP X240 10G SFP 7M DAC CABLE;
JC683A;HPE Front to Back Airflow FanTray Supporto ventola;
JC680A;HP 58x0AF 650W AC Power Supply;HP 58x0AF 650W AC Power Supply - 650 W - 110 V AC, 220 V AC
JC105B;HP Switch 5800 48G (Ricondizionato);
JC105A;HPE A5800-48G SWITCH 48P L3 Managed Giga Bit;
JC104B;HPE Switch FlexFabric 5800 48G PoE+ 1-slot;
JC104A;HP A5800-48G-POE SWITCH;
JC100B/ABB;Europe - English localization;
JC100B;HP 5800-24G Switch;
JC100A;HP 5800-24G SWITCH;
JC099A;HPE A5800-24G-POE SWITCH;
JC092B;HPE 5800 2-PORT 10GBE SFP  MODULE - prodotto renew;
JC091A;HP 5820X/A5800 4-PORT 10-GBE SFP  MODULE;
JAX1B.1;JOB/AZIENDA SERVIZI BASE Incr.10 Ced.<Cl.10;
JA50B.9;JOB/AZIENDA PRATICHE Fino a 500 Ced.;
JA50B.1;JOB/AZIENDA SERVIZI BASE Fino a 500 Ced.;
JA503.13;JOB/Az.Contrattazione Territoriale-Fino 500 ced.;
JA5012.02;Job/Az.Aggior.Autom.Contr.-Estesa-Fino a 500 Ced.;
JA5011.41;JOB SQL/Az Invio massivo docum.email 500 Ced/mese;
JA5011.33;JOB SQL/Azienda Gestione Fascicoli-500 Ced/mese;
JA5011.31;JOB SQL/Azienda Archiviazione-500 Ced/mese;
JA25B.1;JOB/SERVIZI;
JA05B.1;JOB/AZIENDA SERVIZI BASE Fino a 50 Ced.;
JA0510.02;JOB/Azienda Dich.Modello 770 Fino a 50 Ced.;
JA0210.02;JOB/Azienda Dich.Modello 770 Fino a 25 Ced.;
JA0210.01;JOB/Azienda Dich.Modello 730 Fino a 25 Ced.;
JA01B.9;SISTEMI JOB Pratiche;
JA01B.1;JOB AZIENDA Servizi Base fino a 10 ced.;
JA0110.02;JOB AZIENDA Dich. Modello 770 fino a 10 ced.;
J9P81AA;HP 4GB DDR4-2133 ECC Reg RAM ;
J9F48A;HPE MSA 1.2TB 12G SAS 10K SFF(2.5in);HARD DISK MSA 1.2TB 12G SAS 10K SFF(2.5in) Dual Port Enterprise 3yr Warranty Hard Drive
J9F47A;HPE MSA 900GB 12G SAS 10K 2.5in ENT HDD;
J9F42A-R;HP MSA 600GB 12G SAS 15K 2,5 ENT HDD;
J9F38A-R;HP MSA 800GB 12G SAS ME 2.5in EM SSD;
J9C12ET-R;Z240 E3-1225 8GB 1TB WIN10/7 P;
J9982A;HPE 1820-8G-POE  (65W) SWITCH;
J9982-61001;HPE 1820-8G-POE  (65W) SWITCH;
J9855A/ABB;Europe - English localization;
J9855A;HP 2530-48G-2SFP+ SWITCH;
J9854A/ABB;Europe - English localization;
J9854A;HP 2530-24G-POE -2SFP  SWITCH;
J9853A/ABB;Europe - English localization;
J9853A;HP 2530-48G-PoE+-2SFP+ Switch;
J9779A;HP 2530-24-POE  SWITCH;
J9776A;HP 2530-24G SWITCH;
J9775A-R;HP Switch 2530 48 Porte Gigabit + 4 SPF Port;
J9774A;HP PROCURVE 2530-8G-POE  SWITCH;
J9774-61001;Hp Switch 2530-8G PoE support kit;
J9773A;HPE 2530 24G POE SWITCH;
J9773-61001;HP Switch 2530 24G PoE;
J9772A;HP 2530-48G-POE  SWITCH;
J9591A;HP E-MSM460 Dual  Radio 802.11N AP (WW) Multiple S;
J9550A;HP 24-PORT GIG-T V2 ZL MODULE;
J9283D;ARUBA 10G SFP+ TO SFP+ 3M DAC CABLE;
J9280A;HPProcurveSwitch2510G-48ISAMan.Layer2.48Port10/100;
J9279A-R;HP Procurve Switch 2510G-24 Ia a Managed Layer 2 2;
J9151A;HP X132 10G SFP  LC LR Transceiver;
J9138-69001;HP Procurve Switch 2520-24-POE;
J9089A;PROCURVE SWITCH 2610-48-PWR;
J8699A;HP PROCURVE SWITCH 5406ZL-48G INTELL EDGE;
J6U55B-R;HP PAGEWIDE MANAGED P55250DW;
J4858C;HP ProCurve SX-LC Mini-GBic SFF;
J3G87AT;HP NVIDIA QUADRO K620 2GB;
J29-00003;MS Off365 Business OPN ShrDSVR Sngl SUBSVL OLP NL;
IWP-MD C6/UROTT;Frutto Keystone RJ45 Cat.6 UTP Tooless;Adatto per cavo tondo AWG 22-26
IWP-MD C6/BK;Frutto Keystone RJ45 Cat.6 UTP non schermato Nero;Adatto a cavo Cat. 6 non schermato UTP
IWP-MD ADAPT/LIV;Adattatore Frutti RJ45 per Placca Ticino Living Ne;Adattatori Frutti RJ45 per Serie Ticino - UTP/STP
IWP-MD ADAPT/INT;Adattatore Frutti RJ45 per Ticino International;Adattatori Frutti RJ45 per Serie Ticino International Nero - UTP/STP
IUSB-REP15AB;Manhattan Cavo Prolunga Attivo USB 2.0 15m Nero;Hi-Speed A M / B M
IUSB3-HUB392C;Hub USB 3.2 Ultra Slim a 4 Porte Ingresso USB-CT;
IUPS-PCP-DESK10AP;TECHly Multipresa da Tavolo 3 Posti con Porte USB;
I-TOOL-SC48TY;Kit Valigetta 48 in 1 Cacciavite, punte;
ISWT-MARK6-CL;"Segnacavo colorato con numeri ""0-9"" per cavi da 6.";
ISWT-MARK4-CL;"Segnacavo colorato con numeri ""0-9"" per cavi da 4";
ISWTH-30048;TECHly Fascette Laccetto 300x4.8mm - Conf. 100 Pz;
ISWT-CL-SET6BK;TECHly Set clip fermacavo nere 6pz;
ISWT-29235-BK;TechLy Fascette Fermacavi Autobloccanti 292x3,5mm;
ISWT-20335-BK;TechLy Fascette Fermacavi Autobloccanti 203x3,5mm;
ISWT-20325-BK;TechLy Fascette Fermacavi Autobloccanti 200x2,5mm;
ISWT-20026;TECHly Fascette Fermacavi Autobloccanti 200x2,5mm;in Nylon 100pz Bianco Resistenti al calore - Confezione da 100 pz
ISWT-14235-BK;TechLy Fascette Fermacavi Autobloccanti 140x3,6mm;
ISWT-103;LogiLink Supporto adesivo 28x28mm per fascette;
ISA-FP-7.0-K9;Cisco IDS/IPS Industrial Security Appliances K9Lvl;
ISA-ASA-9.16-K9;Cisco FireWall for Industrial Security Appl K9 lvl;
ISA-3000-ENCR-K9;Cisco Industrial Security Appliance Encryp3DES/AES;
ISA-3000-2C2F-K9;Cisco Security Appliance 3000;2 copper 2 fiber ports
ISA30002C2F-CTRLIC;Cisco ISA 3000 Industrial Control License;
IPW-NTS1500-R;AMPLUS Alimentatore Regolabile Univ. 3-12V 1500MHA;
IPM1903-EN25L0;Winsonic 19 LCD monitor, 1280x1024;
IPHONE SE 2022-RFB;APPLE iPhone SE 2022 64GB RED REFURBISHED;
IPC-EW5541-AS;DAHUA Telecamera 5MP WizMind IR Fisheye Network;"Dahua IPC-EW5541-AS-5MP (2592×1944) 25/30fps 1/2.7"" CMOS WizMind IR Fisheye Network IR Fisheye Camera 1.4mm 12V /PoE /WDR /H.265+"
INC012BTBK;Belkin adattatore da usb-c a 2.5GB ethernet;
IMCAREB-1S;IMAGICLE CARE BASIC - 1 ANNO;
IM120-4L;Imagicle Stonefax 4 Canali;
IM120-2L;IMAGICLE STONEFAX 2 CHAN.;
ILWL-ADAP-LC4;Adattattatore a bussola Duplex LC Multimodale OM4;
ILWL-ADAP-DUL/SM;Adattattatore a bussola Duplex LC Monomodale;
ILWL-ADAP-DUC/MONO;Adattatore a Bussola Duplex SC (UPC) /SC (UPC) Mon;
ILOMAINT-HP;HP Manutenzione iLO;
IKVP50C/128GB;Kingston PenDrive 128GB USB-C IronKey;Unità USB IronKey Vault Privacy 50C AES-256 Encrypted, FIPS 197
IKVP50/128GB;Kingston IronKey Vault Privacy 50 Series 128GB;Chiavetta USB 128GB USB 3.2 Gen 1 - Compatibile TAA - 5 anni di garanzia
I-KS PP-24-NE;Pannello Patch Modulare Senza Frutti 24P 1U Nero;
I-HT MOUNTY;Utensile per Inserimento ed Estrazione Dadi a Gabb;
IE2000-DNA-E-L-3Y;Cisco IE 2000 DNA Essentials (12 ports) 3Y;3 Year Term license Service duration in months: 36
IE2000-DNA-E-L;Cisco IE 2000 DNA Essentials License (12 ports);
IE-2000-4TS-G-B;Cisco Switch IE2000 4FE Copper and 2GE SFP ports;Lan Base
IDATA CN-VGA;TechLy Convertitore da VGA/Audio a HDMI;
ICUX7000P;INFOSEC Gruppo di Continuità UPS X1+ EX 700VA;Line Interactive Nero LED Potenza: 700 VA
ICUSBROLLOVR;StarTech.com Cavo per Console CISCO da USB a RJ45;"USB a RJ45 da 1,8 m Cavo Rollover M/M
Compatibile Windows, Mac e Linux - Compatibilità Cisco,Juniper,Ubiquiti o TP-Link"
ICUSB232V2;StarTech Cavo adattatore USB a Seriale RS232 DB9;
ICUSB232DB25;StarTech Cavo adattatore USB/SerialeRS232 DB9/DB25;
ICUE2LCD600;INFOSEC Gruppo di Continuità UPS E2 600VA;"LCD Line Interactive Onda Sinusoidale Potenza: 600 VA; Batteria: 1x12V/7Ah; Schermo LCD"
ICS-012;PepLink 1-Year InControl 2 Subscription;"Only applicable to out-warranty Balance 20, 30, 50,
One, MAX BR Series
Surf SOHO, AP One Series, AP Pro, FusionHub
Essential, FusionHub Pro"
ICOC U6-SLIM-050BK;INTELLINET Cavo patch rete Cat6 UTP Slim 5M Nero;
ICOC U6-SLIM-030BK;INTELLINET Cavo patch rete Cat6 UTP Slim 3M Nero;
ICOC U6-SLIM-020BK2;TechLy Cavo Patch di Rete Cat.6 UTP Slim 2m Nero;
ICOC U6-SLIM-020BK;INTELLINET Cavo patch rete Cat6 UTP Slim 2M Nero;
ICOC U6-SLIM-015BK;INTELLINET Cavo patch rete Cat6 UTP Slim 1,5M Nero;
ICOC U6-SLIM-010BK2;TechLy Cavo Patch di Rete Cat.6 UTP Slim 1m Nero;
ICOC U6-SLIM-010BK;INTELLINET Cavo patch rete Cat6 UTP Slim 1M Nero;
ICOC U6-SLIM-005BK;INTELLINET Cavo patch rete Cat6 UTP Slim 0,5M Nero;
ICOC U6AG-030-BK;INTELLINET Cavo patch rete Cat6A UTP 3M Nero;
ICOC U5EB-100-BK-R;ICNETWORK CAVOPATCH 10MT UTP CAT5E NERO NON SCHERM;
ICOC U5EB-100-BK;ICNETWORK CAVOPATCH 10MT UTP CAT5E NERO NON SCHERM;
ICOC MUSB31-CMAM05T;Techly Cavo USB 3.2 Gen 1 A/M to USB-C/M 0,5m Nero;
ICOC MUSB20-CMAM05W;Cavo USB 3.2 Gen 1 A/M to USB-C/M 0,5m Bianco;
ICOC MDP-010T4K;Techly Cavo Mini DisplayPort M a DisplayPort M 1M;DisplayPort 20-pin 4K 60Hz 1 Metro Bianco
ICOC DSP-H12-050BN;Cavo Convertitore DisplayPort 1.2 a HDMI 1.4 M/M 5;
ICOC DSP-A21-010;DIGITUS CAVO DISPLAYPORT 2.1 M/M 10K 1M Nero;Cavo DisplayPort 20-pin con protezione di bloccaggio fissata ai connettori (blocco)
ICOC 067-NC;Cavo Alimentazione VDE C14 M/ Schuko F 23cm Nero;
ICOC 063-NC;Cavo Alimentazione C19 a Schuko 2,5m;
ICOC 01-NC-USC7;Cavo di Alimentazione C7 F a Spina Americana;NEMA 5-15P 1,8m Nero
ICOC 01-NC-US;Cavo di Alimentazione Americano 1,8 m Nero;
ICOC 01-NC-BC15;Cavo Alimentazione C15 F a Schuko Angolato 2m Nero;
ICC IO-NP1130;MOXA Convertitore USB to Serial 422/485 uPORT 1100;
ICA-TR47;Techly Supporto da Pavimento Super Slim per TV;"Supporto da pavimento super sottile per TV da 32"" a 70""; Supporta peso fino a 40kg;Stand per TV ad altezza regolabile; Inclinazione staffa TV LCD LED: +3°/-10°; Supporta standard VESA 400x400 max"
I-CASE TRAY-ORG1000;"Mensola Gestione Cavi su Rack 19"" 24 Porte 1000mm";"Mensola per armadio rack 19"" profondo 1000 mm"
I-CASE TRAY-400BKC;"Mensola per Rack 19"" 400 mm 2U Nera 2 punti";Mensola per armadi a muro e a pavimento con profondità minima di 520 mm - Max. Carico 22 kg
I-CASE TRAY-400BK;Mensola per Rack 19'' 400 mm 2U Nera 2 punti;
I-CASE TRAY-250BK;"Mensola per Rack 19"" 255 mm 1U Nera 2 punti";"Ripiano fisso forato per armadi a pavimento e a parete, montaggio a sbalzo - Larghezza 19"", 1 HE - Profondità 255mm - Portata fino a 10 Kg"
I-CASE TRAY-250;"Mensola per Rack 19"" 255 mm 1U Grigia 2 punti";"Ripiano fisso forato per armadi a pavimento e a parete, montaggio a sbalzo - Larghezza 19"", 1 HE - Profondità 255mm - Portata fino a 10 Kg"
I-CASE TRAY-1-BK;"INTELLINET Mensola per Rack 19"" 350mm 1U Nera";"Larghezza: 19"" 1 HE - Portata fino a 25 Kg - Colore Nero RAL9005 - Fissaggio su 2 punti"
I-CASE SVRP-4282-1BG;Intellinet Armadio Server Rack NextGen 1000;800x1200 42U Nero Porta Grigliata
I-CASE SVR-I276BK;"INTELLINET Armadio Rack 19"""" per 27U Nero RAL";serie Ideal 600x1000 Porta anteriore reversibile con vetro temprato conforme alla normative EN UNI 12150-1
I-CASE SVR-I146BK;"INTELLINET Armadio Rack 19"" 600x1000 14U Nero";"Armadio Server Rack 19"" 14 U da pavimento 600x1000 Profondità utile: 937 mm - Colore Nero Assemblato"
I-CASE SVR-4282-1BG;"Armadio Server Rack 19"" 800x1200 42U Nero Porta Gr";
I-CASE SVR-2712VTBK;"Intellinet Armadio Server Rack19"" 600x1200 27UNero";Serie Lite Porta Grigliata
I-CASE STRIP-C20;"Multipresa 6 Posti da Rack 19"" con Magnetotermico";Spina C20 1,5U
I-CASE STRIP-81V2;"TECHly Multipresa 8 Posti da Rack 19"" C14 1U";"H05VV-F 3G 1.5 mm² - 2m; Massima Capacità di carico 2,3 Kw;"
I-CASE STRIP-81V;"TECHly Multipresa 8 Posti da Rack 19"" C14 1U";"Multipresa con Interruttore - H05VV-F 3G 1.5 mm² - 2m; Massima Capacità di carico 2,3 Kw;"
I-CASE STRIP-81UDIT;"Multipresa 8 Posti da Rack 19"" Spina Schuko";Angolata 1U
I-CASE STRIP-81U;"TECHly Multipresa 8 Posti da Rack 19""";"con Interruttore Spina Italiana 1U Installabile a rack 19"" occupa 1 unità - Massima Capacità di carico 3,5 Kw"
I-CASE STRIP-18C20;"Multipresa 8 Posti da Rack 19""";
I-CASE STRIP-12C;"Multipresa 12 Posti VDE da Rack 19"" con Inter. Spi";
I-CASE STRIP-10C;"Multipresa 10 Posti VDE da Rack 19"" C14 1U";Multipresa con Interruttore
I-CASE RING-BKL;Anello Passacavi Laterale per Armadi Rack Nero;
I-CASE RING-BK;Passacavi per Armadi di Rete Nero;
I-CASE PSC-NE1;"Pannello Passacavi 19"" con Spazzola 1U";
I-CASE MOUNT50G;Kit Set 50 Viti 50 Dadi e 50 Rondelle;per Montaggio Rack Silver
I-CASE MOUNT-50CAPT;Kit Set 50 Viti 50 Dadi e 50 Rondelle;per Montaggio Rack Silver
I-CASE MOUNT50-BK;Kit Set 50 Viti 50 Dadi e 50 Rondelle;Per montaggio Rack Colore Nero
I-CASE MOUNT50;Kit Set 50 Viti 50 Dadi e 50 Rondelle per Montaggi;
I-CASE MOUNT20;Kit Set 20 Viti 20 Dadi e 20 Rondelle per Montaggi;
I-CASE MOUNT100;INTELLINET Kit Set 100 Viti 100 Dadi 100 Rondelle;Set composto da 100 viti M6, 100 dadi in gabbia M6 e 100 rondelle in plastica per Montaggio Rack Silver armadi server, reti, e da muro
I-CASE FP-4520BK;"TECHly Armadio Rack 19"" a Muro 20U P.450mm Nero";"Armadio Rack 19"" a muro con 2 montanti 20 unità flat pack - Porta in vetro temprato da 5mm removibile e reversibile - Dimensioni (P x L x A): 450 x 570 x 991 mm 20U"
I-CASE FP-4512BK;"INTELLINET Armadio Rack 19"" 12 Unità P.450 mm";Flat Pack Nero
I-CASE CABLE-PL2;"Pannello Passacavi 19"" 1U con Coperchio";
I-CASE CABLE-PBK;"INTELLINET Pannello Passacavi 19"" 1U con Coperchio";"Pannello passacavi 19"" con coperchio, installabile su armadio rack 19"", 10 fori per lato (totale 20), acciaio, 1U di altezza, profondità 7 cm, 0,5 kg,colore Nero"
I-CASE CABLE-2BK;INTELLINET Pannello Passacavi Nero 80x60 mm;
I-CASE CABLE-2;INTELLINET Pannello Passacavi Grigio 80x60 mm;
ICA-MP PHOTO1;LOGILINK Tappetino per Mouse Personalizzabile;
ICA-MP 30-BLAC;Manhattan Tappetino in Gomma 6mm Bulk Nero;
ICA-LCD 545;"Manhattan Supp.da Scrivania per 2 Monitor 17-45""";morsetto a C sul bordo della scrivania - massimo peso supportato 40kg (20 kg per braccio) - supporta VESA 75x75 e 100x100mm
ICA-LCD 2540;"Techly Supporto da Scrivania per 4 Monitor 13-27""";con base di appoggio - massimo peso supportato 40kg (10 kg x 4) - supporta VESA 75x75 e 100x100mm
ICA-LCD 2520V2;"Supporto da Scrivania 2 Monitor 17-32"""; con Base e Supporto per Smartphone
IADAP USB-918;MANHATTAN Adattatore PS2 F a USB A;
IADAP USB32-SATASSD;TechLy Adattatore SSD da USB-CT a NVMe/SATA M.2;
HY4Y9E;HPE TechCare Basic 3Y Proliant DL380 Gen10+ Servic;
HXDM2-10GY;Hamlet box esterno M.2 NVMe Card USB-C 3.2 (Gen 2);Box esterno M.2 2230/2242/2260/2280 - Velocità di trasferimento 10GBps
HWMAINT-IBM_SERVER HPE;Servizi di manutenzione IBM apparati Server HPE;
HWMAINT-IBM_ENCL HPE;Servizi di manutenzione IBM apparati Enclosure HPE;
HWMAINT-IBM_DELL;Servizi di manutenzione IBM apparati Dell;
HWMAINT-IBM_DATADOMAIN;Servizi di manutenzione IBM apparati Data Domain;
HWMAINT-IBM_CISCO;Servizi di manutenzione IBM apparati Cisco;
HWMAINT-IBM_CENTERA;Servizi di manutenzione IBM apparati Centera;
HWMAINT-HP;HP Manutenzione Hardware;
HWCAM1080-P;Hamlet Webcam USB Risoluzione max 1920x1080 2MP;Persiana per privacy, bilanciamento automatico del bianco, noise reduction, campo di visualizzazione 120°
HW2P7E;HPE 5Y Tech Care Essential iLO Advance Non Blade;"Supporto tecnico per HPE Integrated Lights-Out (iLO)    
Advanced Pack c/3 anni di assistenza 24x7 consulenza telefonica                                        5 anni 24x7 tempo di risposta: 15 min"
H-VBRENT-VV-R0MNC-00;VEEAMBackup&ReplicationEnterpriseVMware24/7 1Month;
H-VBRENT-VV-R0000-19;Veeam Software Backup & Replication Enterprise;
H-VBRENT-VV-R0000-18;Veem Backup replication Enterprise;
HV7C7PE;HPE Tech Care Basic Service Post Warranty 2Y;"Contratto di assistenza esteso parti e manodopera 2 anni
on-site 9x5 tempo di risposta: NBD
per P/N: P19563-291, P19563R-B21, P19564-291, P19564R-B21, P37151-291, P37151-B21, R1G01A"
HUC101860CSS200-RFB;Lenovo 600GB SAS hard disk drive 10k RPM;
HU4B2A500DK;HPE DL 38X Gen 11 Support;
HU4B2A5#ZQA;HPE MSA 2060 Support;
HU4B2A5#R2M;HPE iLO Advanced Non Blade Support;
HU4B2A5;HPE 5Y Tech Care Essential Service;Estensione garanzia 5 anni
HU4A6A500DP;HPE DX360 Gen11 Support;
HU4A6A5     WAH;HPE DL 38X Gen 10 Support;
HU4A6A5     R2M;HPE iLO Advanced Non Blade Support;
HU4A6A5;HPE 5Y Tech Care Essential Service;Estensione garanzia 5 anni
HT-881;Grandstream FXO VoIP Gateway 8xFXO 2xGbE 12V/1A;Gateway VoIP per linee telefoniche analogiche - 8 porte RJ11 FXO ed 1 RJ11 FXS (3 REN, 1km su coppia 24 AWG)- Due porte RJ45 da 10/100/1.000 Mbps
HT-841;Grandstream FXO VoIP Gateway 4x FXO 2x GbE 12V/1A;Gateway VoIP per linee telefoniche analogiche - 4 porte RJ11 FXO ed 1 RJ11 FXS (3 REN, 1km su coppia 24 AWG)- Due porte RJ45 da 10/100/1.000 Mbps
HT-813;Grandstream Analog Telephone Adaptor 1 FXS e 1 FXO;Adattatore telefonico 1 porta FXO e 1 porta FXS - supporto Lifeline - 2 profili SIP con 1 porta FXO e 1 FXS - Porte LAN e WAN 100Mbps - Supporto Lifeline Supporta Fax T.38 - Server SIP di failover
HT-812 V2;Grandstream HT-812 v2, Analog telephone adaptor;Grandstream HT-812 v2, Analog telephone adaptor - 2 FXS
HT05B-001P;Supporto da scrivania per monitor da 13 a 32;
HS8A5PE;HPE Garanzia Post Warranty 1 Year DL380 Gen10;
HS8A4E;HPE 5 Year Tech Care Basic DL380 Gen10 Service;
HS7V9E;HPE 5 Year Tech Care Basic DL360 Gen10 Service;
HRTF-1050A-3Y;Sangfor NSF-1050A-I Return to Factory;5 Business days ship after receipt - Hardware Service, 3 Years
HR9-6;B.B. BATTERY 6V 9Ah Batteria Piombo-Acido;151x34x94 (LxLAxA) Terminale T2 Faston 250 (6,3 mm)
HQ012PE;HP 1YPW NBD+DMR DSNJTT79X-44INCH HW;
HQ006E;HP 3Y NBD+DMR DSNJT T79X-44INCH HW;
H-MNLPMT-R00NC-19;Veem Rental Montly price per point 12Months 24/7su;
H-MNLPMT-R00NC-18;Veem Rental Montly price per point 12Months 24/7su;
HMA81GR7CJR8N-WM;Fujitsu 8GB 1Rx8 PC4-23400 DDR4-2933MHz;
HDTB320EK3CA-EX;CANVIO BASICS 2.5 2TB BLACK - VERSIONE RETAIL -;
HDMM5M;StarTech.com Cavo HDMI Ultra HD 4k x 2k 5m;
HDMM3M;StarTech.com Cavo HDMI Ultra HD 4k x 2k da 3M;Cavo Schermato HDMI maschio a HDMI maschio 3M 1.4 Placcato in oro
HDMM2M;StarTech.com Cavo HDMI Ultra HD 4k;
HDMM10M;StarTech.com Cavo HDMI Ultra HD 4k x 2k 10m;
HDADFM5IN;STARTECH Adattatore HDMI a micro HDMI 12cm;
HD3430-BKK1B;Datalogic BarCode Heron HD3430 2D cavo USB e Stand;
HD2VGAE2;StarTech.com Adattatore HDMI a VGA;
H-CCEBCK-0V-R0000-00;Veeam Cloud Connect Backup Rental License;
HB30C4AB;StarTech.com Hub portatile USB 3.0 a 4p USB-C a 4;USB 3.2 Gen 1 SuperSpeed (5 Gbps) Type-A
HAT5310-8T;"Synology HDD 3.5"" Sata 8tb 7200rpm 5YW";"Hard Disk 3.5"" Garanzia 60 mesi"
HAT5310-20T;"Synology HDD SATA 3.5"" 20TB 7200rpm";Garanzia 60 mesi
HAT5300-4T;"Synology HDD 3.5"" SATA 4TB 7200rpm";"Hard Disk 3.5"" Garanzia 60 mesi"
HAT3310-8T;"SYNOLOGY HAT3300 3.5"" SATA HDD 8TB 7200RPM";Hard Disk Garanzia 36 mesi
HAT3300-4T;SYNOLOGY HDD 4TB 3.5  SATA 5400RPM;
HAMA 78400;HAMA 78400 Cavo prolunga USB 5M Standard USB 2.0;
HA124A1/5Y8;HP STARTUP 3PAR 8K RPL STE VC-RC-PP SVC;
HA124A1/5Y5;HP STARTUP 3PAR 8000 SYSTEM REPORTER SVC;
HA124A1/5Y0;HP STARTUP 3PAR 8K FLD DRV - DRV;
HA124A1;HP CP TECH INSTALLATION AND STARTUP;
HA114A1/5XU;HP Startup 3PAR 8200 2N Fld Int Base SVC;
HA114A1;HP CP INSTALLATION & STARTUP;
HA101A3/85J;HPHWServicBrocade4/12-4/24SanSwitchOnSiteNBD5x9 3Y;
HA101A3/7GK;C3000 ENCLOSURE HW SUPPORT;
HA101A3/1N7;MSA2000 G3 SUPPORT;
H94L3E;HPE 5Y TC Bas DX320 Gen11 HW SVC;
H93R4E;HPE Pointnext Tech Care Basic Service 3Y;Contratto di assistenza esteso 3 anni on-site 9x5 - tempo di risposta NextBusinessDay per ProLiant ML350 Gen11
H93F8E;HPE 3 Year Tech Care Basic DL380 Gen11 HW Service;Contratto di assistenza esteso parti e manodopera 3 anni on-site 9x5 tempo di risposta: NBD
H7J32A5/ZGY;HPE StoreOnce 3620 24TB System Support;
H6Y89AA;HP 65W SMART AC ADAPTER;
H6HF6PE;HPE 1 Year post warranty Foundation Care;
H5M57A;HP 3.6KVA 200-240 Volt 20 Outlet WW BasicPower;
H4P04ET;HP EliteBook 9470m;
H4K66AA;HP X1500 MOUSE;
H4B81ET;HP 3-BUTTON USB LASER MOUSE;
H44ZYE;HPE 5Y Tech Care Essential ML350 Gen11 Smart Choic;"HPE Tech Care Essential Service
Contratto di assistenza esteso parti e manodopera 5 anni on-site 24x7 tempo di risposta: 4 h per ProLiant ML350 Gen11"
H44ZXE;HPE Pointnext Tech Care Basic Service 5YW;Contratto di assistenza esteso parti e manodopera 5 anni on-site 9x5 tempo di risposta: NBD per ProLiant ML350 Gen11
H44ZME;HPE Tech Care Basic Service 5 anni OnSite;"Contratto di assistenza esteso parti e manodopera 5 anni on-site 9x5 tempo di risposta: NBD
per ProLiant DL380 Gen11, DL380 Gen11 Network Choice, DL385 Gen11"
H44YZE;HPE Tech Care Basic Service 3 anni On-Site 9x5;Contratto di assistenza esteso parti e manodopera 3 anni on-site 9x5 - Tempo di risposta: NextBusinessDay - per ProLiant DL360 Gen11, DL360 Gen11 Network Choice
H4396B;HP No additional Support Required;
H40D2PE;HPE 2Y PW TC BAS ML350 PW SVC;vs. server HPE ML350 GEN 10 - S/N CZJ018016M
H39Z0PE;HPE 1 Year PW Tech Care Basic ML350p Gen8;"Servizio NBD
Prodotto: 		HP ML350pG8 E5-2609v2 SP7932TV EURO
Numero di serie: 	CZ2439088G
Codice prodotto: 	470065-816"
H39Y8PE;HPE 1 Year Post Warranty Tech Care Basic;
H39Y7PE;HPE Post Warranty 1 Year Tech Care Basic ML350;
H39Y0PE;HPE 1Y PW TC BAS ML110 GEN10 SVC;
H39U0PE;HPE 1Y PostWarranty TC BAS DL380P GEN8 SVC;"HP ENTERPRISE estensione garanzia post  warranty,  12 mesi  NBD - 
Vs. server DL380p G.8-  S/N CZ25031WXX
PROX SCAD. 25.4.2023"
H39Q4PE;HPE TechCare Basic 1Y Proliant Microserver Gen10+;
H39Q3E;HPE 5 Year Tech Care Basic ML350 Gen10 Service;
H39P2E;HPE Pointnext Tech Care Basic Service 5Y;contratto di assistenza esteso 5 anni on-site
H39P1E;HPE 4Y TC BAS ML350 GEN10 SVC;
H39N2E;HPE 3 Year Tech Care Basic ML350 Gen10 Service;
H39M3E;HPE CarePack 3Y TC Bas Microserver Gen10Plus;
H31DRPE;HPE Post Warranty 1Y TC BAS MSA 2040X SVC;
H2C22AA;HP WIRELESS MOUSE X3000;
H28P0E;HPE 3Y TC Ess MSA 2062 Storage SVC;
H1K92A3/YUF;3PAR 8200 REPLICATION STE DRIVE;
H1K92A3/YUE;3PAR 8200 REPLICATION SUITE BASE SUPPORT;
H1K92A3/YUB;HP 3Y 4 HR 24X7 PROACTIVE CARE;
H1K92A3/YUA;HP 3Y 4 HR 24X7 PROACTIVE CARE;
H1K92A3/YTZ;HP 3Y 4 HR 24X7 PROACTIVE CARE;
H1K92A3/YTX;HP 3PAR 8000 1.8TB 10K SFF HDD Supp;
H1K92A3/YT8;HP 3Y 4 HR 24X7 PROACTIVE CARE;
H1K92A3/YM4;HP 3Y 4 HR 24X7 PROACTIVE CARE;
H1K92A3/X84;HPE 3PAR 8000 1.8TB SW 10K SUPP;
H1K92A3/WSF;FOR HP 3PAR INTERNAL ENTITLEMENT PURPOSE;
H1K92A3;HP 3Y 4 HR 24X7 PROACTIVE CARE;
H06L6PE;HPE 2 YEAR POST WARRANRY BASIC SU LTO-7;Tech Care Basic Service Post Warranty Contratto di assistenza esteso parti e manodopera 2 anni on-site 9x5 tempo di risposta: NBD per P/N: BB874A, BB874AR, BB874SB, P9G75A
H06212;Server di registrazione e streaming All-in-one;
GXW-4501;Grandstream VoIP Gateway con 1 porta E1/T1;"Porte Gigabit Eth;
- LCD grafico 128x32;
- Codec Audio G.711A/U, G.722, G.723.1 5.3K/6.3K, G.726, G.729A/B, iLBC, AAL2-G.726-32;
- 2xUSB (3.0)
- Alimentazione 100 ~ 240 V CA/12 V, 2A incluso nella confezione
- Montaggio su rack e desktop."
GXV-3450;Videotelefono Grandstream GXV-3450;Videotelefono Grandstream GXV-3450, Android Video IP Phone 16 account SIP, 2 PoE Gigabit, Display Touch 5 a colori
GXP2200-EXT;Grandstream Modulo Estensione Tasti con Display;per GXP2200, GXP2140, GXP2170 e GXV3240 - 20 tasti
GXP-2140;Grandstream GXP-2140Business IP Phone 4account SIP;"4 linee con supporto di fino a 4 account SIP - 2 porte Gigabit con PoE integrato - Bluetooth - Display LCD a colori da 4.3"" - Audio HD - Supporto di 4 moduli tasti aggiuntivi GXP2200-EXT - 
L'alimentatore è incluso nella confezione"
GXP-1615;Grandstream IP Phone 1account SIP 2PoE EntryLevel;
GXP-1610;Grandstream telefono IP Compatibile SIP 10/100Mbps;
GWN7813P;Grandstream Layer 3 Managed Network Switch 24p;24x GbE RJ45 PoE 802.3 af/at, up to 60W per port, 4x SFP+, stackable, optional redundant PSU. Utilizzabile con il controller GWN sia in Cloud che on premise
GWN7813;Grandstream Layer 3 Managed Network Switch 24p;24x GbE RJ45, 4x SFP+, stackable, optional redundant PSU. Utilizzabile con il controller GWN sia in Cloud che on premise
GWN7811P;Grandstream Layer 3 Managed Network Switch;8x GbE RJ45 PoE 802.3 af/at, up to 30W per port, 2x SFP+, fan-less
GWN7806PL-PRO;Grandstream Switch L2++ 48 porte PoE 6sfp;Utilizzabile con il controller GWN sia in Cloud che on premise
GWN7806P;Grandstream Switch L2+ 48 porte PoE 360W + 6sfp;Utilizzabile con il controller GWN sia in Cloud che on premise
GWN7803PL-PRO;Grandstream Switch Pro Layer 2++ 24x Porte PoE;Switch di rete 24x Porte Gigabit PoE+ - 2x SFP+
GWN7803PH-PRO;Grandstream Switch 24P Gb RJ45 Layer 2++;"24x Porte Gigabit PoE++
2x SFP+
Potenza massima di uscita per porta PoE 60W
Potenza massima di uscita totale PoE 400W
RAM 256MB
Capacità di Commutazione 88 Gbps"
GWN7803P;Grandstream Switch L2+ 24 porte PoE 360W + 4 sfp;Enterprise Layer 2+ Managed Network Switch
GWN7802P;Grandstream Switch L2+ 16 porte PoE 240W + 4 sfp;Enterprise Layer 2+ Managed Network Switch
GWN7801P;Grandstream Switch L2+ 8 porte PoE 120W + 2sfp;Switch PoE Gestionabile 8 porte Gigabit Ethernet (10/100/1000 Mbps) PoE+ su tutte le porte Ethernet
GWN7711P;Grandstream Layer 2 Lite Cloud Managed Switch;"8x Porte Gigabit (4x PoE 802.3af/at) 16Gbps capacità di commutazione - 8K indirizzi MAC Scocca in metallo Montaggio da tavolo/a parete
Alimentatore incluso"
GWN7711;Grandstream Switch Layer 2 Lite 8x GbE RJ45;Cloud Managed Switch Protocollo di rete IPv4, IEEE 802.3i, IEEE 802.3u, IEEE 802.3ab, IEEE 802.3x, IEEE 802.1p, IEEE 802.3af, IEEE 802.3at
GWN7672;Grandstream GWN7672 Indoor BE11000 Tri-band Wi-Fi;
GWN7670;Grandstream GWN7670 Wireless Access Point indoor;"Wi-Fi 7 e 2x2:2 MIMO integrati con tecnologia MLO, 4KQAM, MRU e tecnologia Preamble Puncturing  - Porte: 2x 2,5G Ethernet WAN/LAN  - PoE/PoE+ Raggio di copertura fino a 175 metri - Supporta 256 dispositivi client Wi-Fi contemporanei Auto-adattamento dell'alimentazione al rilevamento automatico di PoE+ - Il controller integrato gestisce fino a 50 AP locali GWN; GDMS Networking offre una gestione illimitata degli AP, mentre GWN Manager offre un software di gestione locale degli AP"
GWN7662;Grandstream AX5400 Access Point Indoor Wi-Fi 6;2×2:2 2.4G, 4×4:4 5G,1x GbE, 1x 2,5G, PoE, up to 175m coverage, up to 256 wireless clients
GWN7660ELR;Grandstream Access Point Outdoor AX3000 Wi-Fi 6;Access Point, 2.4/5G, 1x GbE, 1x SFP 2.5G, PoE, up to 300m coverage, up to 256 wireless clients, 3Gbps aggregate wireless throughput, 50 AP local controller, IP67
GWN7660;Grandstream GWN7660 Wireless Access Point indoor;"Wi-Fi 7 e 2x2:2 MU-MIMO con tecnologia DL/UL OFDMA  - 2 porte Ethernet 10/100/1000 Base-T con auto-rilevamento  - PoE/PoE+ - Raggio di copertura fino a 175 metri - Supporta 500 dispositivi client Wi-Fi contemporanei Auto-adattamento dell'alimentazione al rilevamento automatico di PoE+ - Il controller integrato gestisce fino a 50 AP locali GWN; GDMS Networking offre una gestione illimitata degli AP, mentre GWN Manager offre un software di gestione locale degli AP"
GWN7624;Grandstream GWN7624 Wireless Access Point InWall;Access Point Wi-Fi dual-band 802.11ac Wave-2 MU-MIMO - Gestione Avanzata VLAN, QoS, autenticazione 802.1X
GWN7603;Grandstream Wireless Access Point indoor;Velocità wireless aggregata di 1,27 Gbps, velocità wireline 1x Gigabit e 3x Gigabit - 2 antenne interne omnidirezionali - Raggio di copertura fino a 100 metri - Supporto fino a oltre 100 dispositivi client Wi-Fi
GWN7602;Grandstream GWN7602 Wireless Access Point indoor;Wi-Fi6 - Support up to 80 Wi-Fi client devices - Up to 100 meters coverage range
GUV3050;Grandstream Cuffie biaurali Bluetooth HD Audio;"Fino a due dispositivi connessi contemporaneamente
USB adapter - Base di ricarica - Busy light - Cancellazione del rumore"
GUV3005;Grandstream Cuffie biaurali USB HD Audio BusyLigh;
GUV3000;Grandstream Cuffie biaurali serie GUV USB HD Audio;
GTX1050-TI-4GT;MSI GEFORCE GTX 1050 TI 4GT OC;
GT730-SL-2GD3-BRK;ASUS SCHEDA VIDEO GT730-SL-2GD3-BRK;
GT1030-4GHD4-LP;MSI Scheda Video Nvidia GeForce GT 1030 4GHD4;Memoria video 4 GB DDR4 - PCI Express 3.0 - Low Profile - 2 Schermi supportati - Uscita HDMI, DisplayPort
GS-NVMETC;Vultech Box Esterno Per SSD M.2 PCI-EX NVME;Type-C USB 3.1 Gen. 2
GS-M2STC;Vultech Box Esterno Per SSD M.2 SATA NGFF;Type-C USB 3.1 Gen. 2
GSFP-43-20B;GPON Transceiver SFP SMF 2.5G/1.25G 1490nmTx/1310n;
GSC3610;Grandstream GSC3610 FullHD IP camera IP67 PoE;ONVIF - Full HD - Risoluzione sensori 2MPixel
GSC-3570;Grandstream GSC3570 HD Intercom & Facility Control;"Stazione interfonica e di controllo degli impianti
4 account SIP
Touchscreen capacitivo da 7"" 1024x600
Wi-Fi 802.11 ac dual-band
4 porte di ingresso allarme e 1 porta uscita allarme
Audio HD Full Duplex
Alimentato via PoE"
GSC3518HS;Grandstream GSC3518HS SIP/Multicast Speaker;Talk-Back Horn Speaker, 50W HD speaker, 3 microphones, AI noise reduction, 1x Ethernet 10/100 PoE input, 1x Ethernet 10/100 PoE/PoE+ output
GSC-3505;Grandstream GSC-3505 SIP Speaker;"WiFi dual-band 802.11 a/b/g/n integrato
Bluetooth 4.0 + EDR integrato
Multicast paging e SIP paging
porta 10/100 Mbps con PoE integrato
Altoparlante da 8W"
GSB.10;SPR SQL/REPORTER VIA WEB SERVICES Cl.B 3 Pdl-3 dit;
GSB.08;SPRING Importazione dati/doc da sistemi est. 3pdl;
GSA2.08;SPRING SQL Import.dati/doc da sistemi est. Cl A2;
GSA2.01;SPRING SQL/MODULO BASE Cl. A2 2 pdl - 2 ditte;
GSA.08;SPR/IMPORT.DATI E DOC.DA SISTEMI ESTERNI Cl A=1;
GS305P-200PES;NETGEAR GS305Pv2 Switch Gigabit PoE+ a 5 porte;Porte 5 x 10/100/1000 (4 PoE 63 W) - 3 anni di garanzia
GS1100-16-EU0103F;ZYXEL Switch 16P 10/100/1000;Switch Montabile su rack 16 porte Gigabit Ethernet - 5 anni di garanzia
GS10.08;SPRING Import. dati/doc da sistemi est. start;
GRP-2670;"Grandstream IP GRP-2602 Telephone 7"" TouchScreen";12 linee, 6 SIP account - Touchscreen capacitivo da 7 pollici
GRP-2636;Grandstream IP NETWORK TELEPHONE 6 account SIP;doppie porte gigabit con PoE integrato
GRP-2616;Grandstream GRP-2616, IP NETWORK TELEPHONE;6 account SIP, doppie porte Gigabit, WiFi integrato
GRP-2615;Grandstream GRP-2615, IP NETWORK TELEPHONE-16 acco;
GRP-2614;Grandstream GRP-2614 - Wi-Fi IP Phone;Grandstream GRP-2614 - Wi-Fi IP Phone, 6 account SIP, Bluetooth, Porte Gigabit con PoE integrato
GRP-2604P;Grandstream GRP2604P IP NETWORK TELEPHONE;PoE IP PHONE, 3 linee, 6 account SIP, Gigabit, 10 BLF
GRP2604P;Grandstream POE IP Network Telephone Gigabit 10BLF;"3 linee, 6 account SIP
Vivavoce full duplex con audio HD
10 tasti BLF
Porte Gigabit Ethernet 10/100/1000 Mbps
Conferenza a 5 vie
Frontalino intercambiabile per personalizzare logo
Alimentazione PoE"
GRP-2604;Grandstream GRP2604 IP NETWORK TELEPHONE;PoE IP PHONE, 3 linee, 6 account SIP, Gigabit, 10 BLF
GRP-2602W;Grandstream IP GRP2602P Telephone;
GRP-2602P;Grandstream IP GRP-2602P Telephone;2 linee, 4 SIP account - supporto EHS - Vivavoce full duplex con audio HD  - Schermatura del rumore di fondo - Doppio firmware - Frontalino intercambiabile - supporto GDMS - Alimentabile tramite PoE
GR680ET;HP Notebook 6710B C2DUO T7250 15.4POL XP PRO;
GPIO;Scheda di adattamento segnali GPIO su contatti rel;
GOTOASSIST_RW;LogMe In GoToAssist Concurrent Service Renewal 1Y;Scadenza 25/06/2021
GOSIGN;DYKE GoSign licenza Pro 1 anno;
GOLDPMI;Licenza Standard Gold PMI;"Modulo Base
Interfaccia Home Banking
Controllo
Raffronto Condizioni Bancarie
Statistiche Lavoro Bancario
Riconciliazione Manuale E Automatica
Liquidazione Interessi
Previsione
Interrogazione Portafoglio Clienti
Ottimizzazione Girofondi
Proiezione Saldi (Cash Flow Finanziario)
Finanza
Finanziamenti
Mutui E Leasing
Personalizzazione
Tool Di Personalizzazione Analisi Finanziarie
Ottimizzazione Tempi
Pagamento Ri.Ba. Fornitore
Integrazione
Integrazione Con Il Vostro Gestionale (Esolver)"
GOLD SUPPORT;Gold Support per backup apparati rete/firewall;
GLC-T;1000BASE-T SFP (Refurbished);
GLC-SX-MMD;CISCO 1000BASE-SX SFP TRANSCEIVER;
GIGC530AGOIP;Cordless Dect IP SIP Gigaset c530 a GO IP;
GHP631;Grandstream GHP631 Compact Hotel IP Phone;"
Grandstream GHP631 - Compact Hotel IP Phone, 2 SIP accounts, 2 lines, 1x Ethernet 10/100 PoE, 480x320 (3.5"") Color LCD, no PSU, Black"
GHP621;Grandstream GHP621 IP POE Desktop Hotel Phone;(no screen), Black, 2 SIP accounts, remote management via GDMS (alimentatore non incluso)
GHP620;Grandstream GHP620-IP Desktop Hotel Phone (white);
GHP611;Grandstream IP POE Hotel Phone Black;2 SIP accounts, remote management via GDMS (alimentatore non incluso) - Colore Nero
GHA.03;SPRING SQL/GDPR-Anal.impatto-Cl.A 1Pdl-1Ditta;
GHA.01;SPRING SQL/GDPR Gest.Trattamenti/Valutaz.rischiA/1;
GFB.01;Archiviazione Operativa;
GFA2.01;SPRING SQL/ARCHIVIAZIONE-Cl A2 2 Pdl - 2 Ditte;
GFA.01;SPRING SQL ARCHIVIAZIONE OPERATIVA;
GEB.21;SPRING SQL Reporter Disegnatore Cl.B 3pdl 3 ditte;
GEB.01;SPRING SQL/ANALISI E REP.FLUSSI FIN-Cl B 3Ditte;
GEA2.21;SPRING SQL/REPORTER DISEGNATORE CL.A 2 PDL;
GEA.21;SPRING SQL Reporter Disegnatore Cl.A 1pdl1Ditta;
GEA.01;SPRING SQL ANALISI E REPORTING FLUSSI FINANZIARI;
GDT-9510N;FEC PC Industriale CPU Intel Core i7-1255U;"Configurazione composta da:                                                                    0PF6ABF0 GDT-9510N CORE I7-1255U 
45503174 SSD M.2 256GB 2280 NVME 
0SW948MI LICENZA WINDOWS 11 PRO. 64
CPU Intel Core i7-1255U
GPU Intel® Iris® Xe Graphics Graphics max 1.4Ghz
RAM 32GB (on board 2 x SODIMM DDR4)
2x SSD 256GB M.2 (Configurate in RAID1) 
Wi-Fi con BT e antenne esterne incluso
Dimensioni: 123*123*45mm
BIOS features: Wake On Lan, UEFI, Auto power on when power failure, PXE
Garanzia 12 mesi on-center presso sede FEC ITALIA"
GDT-7760;MICRO BOX PC Intel® Celeron® J4025 4/120GGB 1Y;"Intel Celeron J4025 2,9GHz burst DUAL core, 4MB L2 cache
4 GB RAM SO-DIMM DDR4
SSD (Solid State Disk) SATA3 120GB MLC 2,5""
scheda video integrata, audio integrato, 1 X LAN 10/100/1000 integrata
Cabinet alluminio anodizzato NERO
Alimentatore esterno DC 12V 65W
Garanzia 12 mesi SWAP24
Microsoft® Windows® 10 IOT Enterprise 2021 Entry Preinstallato (Licenza)"
GDT-7100N;FEC mini BOX PC INDUSTRIALE GDT-7100N SFF;CPU IntelR N100 4C 4T 3,4GHZ max FANLESS - 8GB RAM DDR4 - SSD 256GB NVMe - Wi-Fi con BT e antenne esterne incluso - Chassis in estreso di alluminio - Alimentazione esterna 19V DC 65W - Dimensioni e peso: 127,5 x 145 x 34 mm senza piedini / 950gr ca - Garanzia 12 mesi on-center presso sede FEC ITALIA
GDS37X0-RFID-RD;Grandstream GDS37x0-RFID-RD USB RFID Card reader;Grandstream GDS37x0-RFID-RD, USB RFID Card reader 125khz per GDS3710 HD door System.
GDS37X0-INWALL;Grandstream GDS-INWALL, scatola per il montaggio a;Grandstream GDS-INWALL, scatola per il montaggio ad incasso per GDS3710 HD door System.
GDS37X0-FOB;Grandstream GDS37x0-FOB RFID TAG;Grandstream GDS37x0-FOB, RFID TAG 125khz per GDS3710 HD door System
GDS372X-RAINCOVER;Grandstream GDS372X Rain Cover;Copertura antipioggia per videocitofoni IP della serie GDS3720
GDS372X-FLUSH-MOUNTING BO;Grandstream FLUSH-MOUNTING BOX Scatola da incasso;Scatola di montaggio a incasso per videocitofono IP GDS3725/GDS3726
GDS3726;Grandstream Videocitofono IP a tasto unico IP66;Videocitofono IP 3W, 2x MIC, NFC, RFID, Certificazione IP66 e Anti-Vandalo IK10 - Telecamera 2K ultra HD
GDS3712;Grandstream GDS3712 hemispheric IP video intercom;Videocitofono Esterno SIP con un tasto con videocamera ad alta definizione 1920x1080 Pixel - alimentato in PoE (IEEE 802.3af Class3) - Classe di protezione: IP66 e antivandalo IK10
GDS3710;Grandstream GDS3710 HD IP video door phone;Grandstream GDS3710 HD IP video door phone
GDS3702;Grandstream IP DOOR PHONE Interfono IP Audio HD;
GDJVVIDO;GroupDocs.Viewer for Java - Developer OEM;
GDC.01;SPRING SQL Gestione Magazzino;
GDB.09;SPRING SQL Gestione Contenitori a Rendere;
GDB.01;Spring SQL - Gestione Magazzino 3pdl;
GDA2.01;SPRING SQL/GEST MAGAZZINO Cl A2 2 Pdl - 2 Ditte;
GDA.07;SPRING SQL Gestione Distinta Base ClA 1Pdl 1Ditta;
GDA.05;SPRING SQL - Lotti di magazzino;
GDA.01;SPRING SQL Gestione Magazzino A1;
GD15.01;SPRING SQL Gestione Magazzino cl.B 150 doc/mese;
GCC-SECURITY-3H;Grandstream GCC6000 Series 3 Years Firewall;"Anti-Malware Protection
IDS/IPS
Application Identification and Control
Advanced Web Security
Email Security (Coming Soon)"
GCC6010;Grandstream All-in-one device VPN Router Switch;All-in-one device: VPN Router, NGFW, Switch and IP PBX. 2x SFP, 5x GbE WAN/LAN, 4x PoE-Out, 2.5Gbps NAT routing, VPN 1Gbps, IDS/IPS 900Mbps, local AP controller
GCA2.01;SPRING SQL/GEST.ORDINI FORN. Cl A2 2 Pdl - 2 Ditte;
GCA.01;SPRING Gestione Ordini Fornitori;
GBX20-EXT;Grandstream Estensione Tasti;"per GRP2624, GRP2650, GRP-2670, GRP2615 , GXV3450 e
GXV3350 IP Video Phone"
GBC.17;SPRING SQL/Agenti e Provvigioni Cl. C 5Pdl;
GBC.05;SPRING SQL/Listini Clienti Fornitori Cl. C 5 Pdl;
GBB.05;SPRING SQL/LISTIN.CLI.E.FORN. Cl B 3 Pdl - 3 Ditte;
GBA2.05;SPRING SQL Listini Clienti/Fornitori Cl.A2;
GBA2.03;SPRING SQL/GESTIONE VENDITE Cl A2 2 Pdl - 2 Ditte;
GBA2.01;SPRING SQL Gestione Ordini Clienti e Preventivi A2;
GBA.07;SPRING SQL/GEST.ADDEBITI E CONTRIB.AMBIENTALI A1;
GBA.05;SPRING SQL Listini Clienti/Fornitori Cl.A 1pdl1Dit;
GBA.01;SPRING Gestione Ordini Clienti;
GB10.01;SPRING SQL/GEST.ORDINI.CLI.-Mono-START 100 doc;
GB05.01;Gestione Ordini Clienti;start a1 50. doc. mese
GAD17.50;SPRING SQL/HUB Sistemi/Fatture 500 doc/mese;
GAD15.50;SPRING SQL/HUB Sistemi/Fatture fino a 400 doc/mese;
GAD13.50;SPRING SQL HUB Sistemi/Fatture 300 doc/mese;
GAD11.50;SPRING SQL/HUB Sistemi/Fatture 200 doc/mese;
GAD09.50;SPRING HUB 150 doc mese;
GAD07.50;SPRING SQL/HUB Sistemi/Fatture 100 Doc/mese;
GAD03.50;SPRING HUB 50 Doc Mese;
GAC-2500;Grandstream GAC-2500, IP Conference Phone-;7 partecipanti, Wi-Fi e Bluetooth, voce a 360° e 3m, touch screen
GAC.40;SPRING SQL/Gestione Integrata Fatt.Elettr. C;
GAC.07;SPRING SQL Plafond IVA Acquisti;
GAB.52;SPRING SQL/HUB Sistemi-Cl.B 3 Pdl - 3 Ditte;
GAB.40;SPRING Gestione integrata Fattura Elettronica 3pdl;
GAB.25;INTEGR.GESCOM(Spring SQL) Cl B 3 Pdl - 3 Ditte;
GAB.23;Spring SQL - Gestione Beni Ammortizz. 3pdl;
GAB.19;SPRING SQL/GEST.CENTRI.ANALISI Cl B 3Pdl - 3Ditte;
GAB.17;SPRING SQL/CONTAB.ANALITICA Cl B 3 Pdl - 3 Ditte;
GAB.13;SPRING SQL Tracciabilità Flussi Finanziari B;
GAB.07;SPRING SQL/PLAFOND.IVA.ACQ. Cl B 3Pdl - 3Ditte;
GAB.05;SPRING SQL Bilanci Gestionali;
GAA2.52;SPRING SQL/HUB Sistemi-Cl.A 2 Pdl - 2 Ditte;
GAA2.40;SPRING Gestione integr. Fatt. Elettronica 2Pdl;
GAA2.25;SPRING SQL INTEGR.GESCOM Cl A2 2 Pdl - 2 Ditte;
GAA2.23;SPRING SQL/GEST.BENI AMMORTIZZ.Cl A2 2Pdl-2Ditte;
GAA2.13;SPRING Tracciabilità Flussi Finanziari 2 PDL;
GAA2.05;SPRING SQL/BILANCI GEST. Cl A2 2Pdl - 2Ditte;
GAA2.04;SPR Automaz. contab. con Sistemi AI Cl.A 2p/2ditte;
GAA.44;SPRING SQL Acquisiz. e Contabilizz. Fatt. Passive;
GAA.42;SPRING A1 Gestione Flussi FTE Attive;
GAA.40;SPRING SQL/GEST. INTEGRATA FATTURA ELETTRONICA A1;
GAA.25;INTEGR.GESCOM(Spring SQL) Cl A 1 Pdl - 1 Ditta;
GAA.23;SPRING SQL/GEST.BENI AMMORTIZZ. Cl A 1 Pdl-1 Ditta;
GAA.19;SPRING SQL GESTIONE CENTRI DI ANALISI;
GAA.15;Spring SQL - ContabilitÓ per Centri di Imputaz.;
GAA.09;SPRING SQL Gestione IVA sul margine - Cl. Start A1;
GAA.05;SPRING SQL/BILANCI GEST. Cl A 1Pdl - 1Ditta;
GA10.44;SPRING SQL Acquisizione e Contab. Fatture Passive;Classe B 100 doc/mese monoditta
GA10.25;INTEGR.GESCOM(Spring SQL)-Mono-START 100 doc;
GA10.05;SPRING SQL/BILANCI GEST.-Mono-START 100 doc;
GA05.40;SPRING Gestione integrata Fattura Elettronica;
GA05.25;SPRING Integrazione Gescom;
GA05.23;Spring Gestione Beni Ammortizzabili CL. B;
GA05.05;Bilanci Gestionali;Start A1 50. doc mese
G8R97AV-9161-R;HP EliteBook 840 G2;
G8R97AV-6856;HP EliteBook 840 G2;
G8R97AV-4347;HP EliteBook 840 G2;
G3S-00241;Microsoft Windows Server Essentials SLng LSA OLV;NL 1Y Aq Y1 AP Rata annuale - Impegno triennale
G3Q58A;HP LASERJET PRO MFP M130NW;
G1X73EA;SPROUT PRO HP 23-S505;
G10CE1;SPRING SQL/Config. Estesa Classe C 5 Pdl;
G10BZE1;Spring SQL - Configurazione Estesa;ditta aggiuntiva
G10BXE1;SPRING SQL/Config.ESTESA Incr.1 Pdl-1 Ditta Cl.B;
G10BXE;SPRING SQL Configurazione Estesa 1pdl agg;
G10BXB;SPRING PDL Aggiuntivo;
G10BE1;Spring SQL - Configurazione Estesa;
G10BE;SPRING SQL/Config. ESTESA Cl.B 3 Pdl-3 Ditte;
G10BB1;SPRING SQL - BASE Classe B 3 PDL - 3 Ditte;
G10AZE1;SPRING SQL/CONFIGURAZIONE ESTESA incr.1ditta;
G10AZB1;Spring SQL - Configurazione Base;Incremento 1 Ditta Classe A - 1 pdl/1 ditta
G10AE;SPRING SQL Config. Estesa Classe A 1pdl 1 Ditta;
G10AB1;SPRING SQL - Configurazione Base Cl.A 1ditta;
G10AB;SPRING SQL/Config. BASE Cl.A 1 Pdl-1 Ditta;
G10A2E1;SPRING SQL/Config. ESTESA Cl.A2 2 Pdl-2 Ditte;
G10A2B1;SPRING SQL/Config. BASE Cl.B 2 Pdl-2 Ditte;
G1015B1;SPRING SQL Configurazione Base cl.B 150 doc/mese;
G1010B1;SPRING SQL/Config. BASE Monodit-START-Fino 100 Doc;
G1005B1;Spring SQL - Configurazione Base;Start A1 50 doc. mese
G1005B;SPRING SQL Configurazione BASE;
FWD-65X8600P;SONY FWD-65X8600P - 65;
FW-100BZ40J;"Sony Bravia Professional Display BZ40J 100"" 4K UHD";2 altoparlanti - USB 2 porte - HDR10 Dolby Vision HLG10 - Wi-Fi,LAN,Bluetooth - HDMI - 3 anni di garanzia
FUSION 360;Autodesk Fusion 360 CLOUD;Commercial New Single-user Subscription
FT80WEB1;PROFIS/FattureWeb 800 doc/mese;
FT70WEB1;PROFIS/FattureWeb 700 doc/mese;
FT60WEB1;PROFIS/FattureWeb;600 Documenti mese
FT50WEB1;PROFIS Fatture Web 500 Doc;
FT45WEB1;PROFIS/FattureWeb;
FT40WEB1;PROFIS/FattureWeb (Emissione Fatture/Gest.Incassi);400 doc/mese
FT40WEB.1;PROFIS/Fatture Web - Gestione Incassi;
FT40WEB;PROFIS/FattureWeb 400 doc./mese;
FT30WEB1;PROFIS/FattureWeb (Emissione Fatture/Gest.Incassi);fino a 300 doc/mese
FT30WEB.1;PROFIS/Fatture Web - Gestione Incassi;
FT30WEB;PROFIS/FattureWeb;300 doc. mese
FT25WEB1;PROFIS/FattureWeb 250 doc/mese;
FT20WEB1;PROFIS Fatture Web 200 doc/mese;
FT20WEB.1;PROFIS/Fatture Web - Gestione Incassi;200 doc. mese
FT20WEB;PROFIS/FattureWeb;200 documenti Mese
FT15WEBAZ.03;Sportello Fatture passive per Azienda-150 doc/mese;
FT15WEB1;PROFIS/FattureWeb (Emissione Fatture/Gest.Incassi);fino a 150 doc/mese
FT15WEB;PROFIS/FattureWeb 150 doc./mese;
FT10WEBAZ.03;Sportello fatture passive 100 Doc. mese;
FT10WEBAZ;FattureWeb Azienda 100 Documenti mese;
FT10WEB1;PROFIS/FattureWeb (Emissione Fatture/Gest.Incassi);100 doc/mese
FT10WEB;PROFIS Fatture Web 100 Doc;
FT100WEB1;PROFIS/FattureWeb (Emissione Fatture/Gest.Incassi);1000 doc/mese
FT05WEBAZ.03;Sportello Fatture passive per Azienda-50 doc/mese;
FT05WEBAZ;FattureWeb per l'Azienda- 50 doc/mese;
FT05WEB1;PROFIS/FattureWeb (Emissione Fatture/Gest.Incassi);fino a 50 doc/mese
FT05WEB;PROFIS Fatture Web 50 doc mese;
FT02WEBAZ.03;Sportello fatture passive fino a 25 Doc./mese;
FT02WEBAZ;FattureWeb Azienda fino a 25 Doc./mese;
FT02WEB1;PROFIS Fatture Web 25 doc/mese;
FT02WEB.1;PROFIS FattureWEB Gestione Incassi 25 doc/mese;
FT02WEB;PROFIS FattureWEB 25 doc/mese;
FT01WEB1;PROFIS/FattureWeb (Emissione Fatture/Gest.Incassi);10 doc/mese
FT01WEB.1;PROFIS/Fatture Web - Gestione Incassi 10 doc/mese;
FT01WEB;PROFIS/Fatture Web 10 doc/mese;
FT00WEBAZ;FattureWeb per l'Azienda - 5 doc/mese;
FS-SN-M6#14101;Modello M6 vite e dado, 50pz/confezione;Modello M6 vite e dado, 50pz/confezione
FS-SN-M6;FS.Com vite e dado modello M6 50pz/confezione;
FS-SN-M5#29032;FS.COM Vite e dado modello M5 50pz/confezione;
FSBOX-V4;FS Box Kit Strumenti Multifunzione per Transceiver;Supporto per Transceiver FS & Cavi DAC/AOC, Rosso
FQC-10572;MICROSOFT Licenza Windows 11 Pro 64 ESD;
FQC-10538;MICROSOFT Licenza Windows 11 Pro 64-bit DVD-ROM;
FQC-08913;Win Pro 10 64Bit Italian 1pk DSP OEI DVD;
FPA5022N;Armadio a parete 22U L. 600xP. 520xH. 1054;
FMT4DL-OEO10GSFP#30515;FMT4DL-OEO10GSFP,Transponder WDM (Convertitore);a 4 Canali, 8 Slot SFP/SFP+
FMT04-CH1U#39214;FS FMT04-CH1U, 4 Slots 1U Managed Chassis Unloaded;Platform, Redundant AC PSUs, Support SNMP V1 Network Management
FMP5IIG;TECNOWARE MULTIPRESA 5 PRESE ITA/SCH 10/16A BLACK;Multipresa Filtrata, Interruttore Luminoso, Child Protection, Spina Ingresso Italia, 5 Uscite Filtrate Inclinate 45_ Tipo Schuko/Italia 10/16 A, Colore Nero
FIRE TV STICK;Amazon Fire TV Stick Basic Edition;
FIDO2-NFC+;uTrust FIDO2 NFC+ Chiave USB Type A;"Chiave USB
 per autenticazione a Due fattori (2FA)"
FIDO2;Token2 FIDO bundle (2 x FIDO2 USB-A Keys);Dispositivo di sicurezza per il massimo livello di autenticazione a più fattori degli account utente - servizi compatibili HOTP, U2F e FIDO2 - chiave di sicurezza T2F2 certificata dalla FIDO® Alliance ( certificazione Level1 )
FIB841003;MicroConnect SC/APC-LC/UPC 3m 9/125 OS2;
FIB441003;MicroConnect LC/UPC-LC/UPC 3m 9/125 OS2;
FIB422010P;Bretella ottica LC/UPC-SC/UPC 10m 50/125 OM4;
FIB422003P;MicroConnect LC/UPC-SC/UPC 3m 50/125 OM4;
FI-819PRB;Fujitsu scanner post stampante;Scanner post stampante per fi-8150, 8170, 8190
FI-8150;Fujitsu Scanner FI-8150;Formato massimo scansione A4 ADF - Risoluzione 600 dpi
FI-7260-R;FI-7260 Scanner Fujitsu A4 F/R piano+rot.;
FI-6230-R;FUJITSU Scanner Fi-6230;
FI-6110;FI-6110 SCANNER DOCUMENTALE FUJITSU;
FHD-FPP5DRL;FHD ad Alta Densità 1U Montaggio su Rack Custodia;FHD ad Alta Densità 1U Montaggio su Rack Custodia Cieca, Pannello di Gestione dei Cavi Staccabile e Barra, Contiene fino a 4 x Cassetti o Pannelli FHD
FHD-FAPB#35526;FS Pannello Adattatore in Fibra di Blanking FHD;Cassetta TAP MTP® FHD® 40/100G, 2 porte live maschio MTP®-12, porta TAP maschio MTP®-12, rapporto di divisione 50/50
FHD-1U-CMP400#70419;FS Fibers Rack Mount Modular Enclosure Unloaded;Contenitore modulare per fibra ottica FHD da 1U per montaggio a rack - fino a 4 cassette o pannelli adattatori per fibra ottica con gestori cavi posteriori
FHD-1MTP6LCDOM4A#57017;FS.COM FHD MTP®-12 Cassetto Ottico 12 Fibre OM4;FHD MTP®-12 Cassetto Ottico, 12 Fibre OM4 Multimodale, Tipo A, MTP® a 6x LC Duplex (Acqua), 0.35dB max
FHD-1MTP6LCDOM4A;FS.COM FHD MTP®-12 Cassetto Ottico 12 Fibre OM4;FHD MTP®-12 Cassetto Ottico, 12 Fibre OM4 Multimodale, Tipo A, MTP® a 6x LC Duplex (Acqua), 0.35dB max
FHD-1MTP4LCDOM4U#68402;FS FHD Cassetta MTP-LC OM4 Multimodale Universale;8 Fibre, MTP®-8 (Maschio) a 4 x LC Duplex (Aqua), 0,35dB Max
FEC_SWAP24_012;"FEC Estensione garanzia 36 mesi PC AiO 22""";
FEC_SWAP24_01;"FEC Estensione garanzia 36 mesi PC AiO 15.6""";
FEC_SWAP24/KASKO;Estensione garanzia Swap 24/KASKO da 12 a 36 mesi;Tablet e base
FEC_STAND BASE;Stand Base appoggio da tavolo;
FEC_MENSOLA_02;Supporto per sostegno lettore barcode a brandeggio;
FEC_BATTERIA;Batteria di ricambio 2630 mAH Tablet;
FEC_ALIMENTATORE;Caricatore esterno per n.2 batterie;
FEC_012;"PC all one rugged wifi ambienti industriali 22""";
FEC_01;"PC all one rugged wifi ambienti industriali 15""";
FEC SWAP24 36;FEC Estensione di garanzia SWAP24 kasko a 36;Estensione di garanzia FEC ITALIA SWAP24 con copertura kasko da 12 a 36 mesi
FC270;FS.COM Webcam USB Full HD 1080p HD 1080P;1x USB 2.0, Tipo A - 2 Microfoni Omnidirezionali - 1080p 30fps(1920x1080) - Microsoft Teams, Google Meet, ZOOM, Cisco Webex, GoToMeeting ecc.
FC04P-WIFI;FINGERCLOCK 4 Plus RFID con WIFI;
FC04P;Technodrive Terminale FINGERCLOCK 4 PLUS;
FAX2549-R;GFI Software Gestione Fax GFI FAX 30 Utenti;
F9272;Kit Ventole con termostato;
F6M49AAE;VMWARE VSPHERE ESSENTIALS PLUS 3Y;
F5-SVC-BIG-VE+PREL13;F5 BIG-IP Serv.Premium Virtual Edition Level 1-3;Level 1-3 Premium Service for BIG-IP Virtual Edition (7x24) (VersionPlus only)F5-BIG-AWF-VE-25MV18
F3W43ET;HP DP TO HDMI 1.4 ADAPTER;
F2B56AA;HP USB EXTERNAL DVDRW DRIVE;"Unità disco DVD-RW USB esterno per HP 245 G10 Notebook; Elite x360; EliteBook 830 G10 Notebook; Pro x360"
F0W81AA-R;HP EliteDisplay 24 LED mod. E241i;
F0W81AA;HP EliteDisplay 24 LED mod. E241i;
EZBIX40.01;eS Simpresa BI/Integr.MS Power BI Incr.1 Pdl Cl.40;
EZBIX30.01;ESOLVER BI-Integrazione MS Power BI Incr.1pdl;
EZBIX15.03;ESOLVER BI-Vendite Incr.1pdl;
EZBIX10.09;ESOLVER BI-Acquisti Incr.1dpl;
EZBIX05.11;eSOLVER Simpresa BI/Gestione Risorse;
EZBIX05.10;ESOLVER BI-Magazzino  Incr.1pdl;
EZBIX05.07;ESOLVER BI-Contabil. Analit/Indus Incr.1 Pdl Cl.5;
EZBIX05.05;eSOLVER Simpresa BI/Flussi finanziari;Solidarietà digitale
EZBIX05.03;ESOLVER BI-Vendite Incremento 1 posto classe C;
EZBIX05.02;eS Simpresa BI/Contab e amministr.Incr.1 Pdl Cl.5;
EZBI50.01;eSOLVER Simpresa BI/Integrazione MS Power BI;Classe fino a 50
EZBI40.01;eSOLVER Simpresa BI/Integraz. MS Power BI 40 Pdl;
EZBI30.01;eSOLVER Simpresa BI/Integrazione MS Power BI;Solidarietà digitale
EZBI20.01;Simpresa BI - Integrazione MS Power BI 20pdl;
EZBI15.11;Simpresa BI - Gestione Risorse 15pdl;
EZBI15.09;ESOLVER BI acquisti 15 pdl;
EZBI15.05;ESOLVER BI-Flussi finanziari 15pdl;
EZBI15.03;ESOLVER BI-Vendite 15pdl;
EZBI15.02;ESOLVER BI-Contabilità e amministrazione 15pdl;
EZBI15.01;eSOLVER Simpresa BI/Integraz. MS Power BI 15 Pdl;
EZBI10.10;ESOLVER BI-Magazzino 10 Pdl;
EZBI10.09;eSOLVER Simpresa BI/Acquisti classe D;
EZBI10.05;eSOLVER Simpresa BI/Flussi finanziari 10PDL;
EZBI10.03;eSOLVER Simpresa BI/Vendite Classe D;
EZBI10.02;Simpresa BI - Contabilità e amministrazione 10pdl;
EZBI10.01;eSOLVER Simpresa BI/Integraz. MS Power BI 10 Pdl;
EZBI05.14;ESOLVER BI-Produzione Manifatturiera 5 Pdl;
EZBI05.12;ESOLVER BI-Qualità 5 Pdl;
EZBI05.11;eSOLVER Simpresa BI/Gestione Risorse;
EZBI05.10;eSOLVER Simpresa BI/Magazzino;Solidarietà digitale
EZBI05.09;eSOLVER Simpresa BI/Acquisti;Solidarietà digitale
EZBI05.07;eSOLVER Simpresa BI/Contabil. Analitica e Industr.;Solidarietà digitale
EZBI05.05;eSOLVER Simpresa BI/Flussi finanziari 5 Pdl;
EZBI05.03;eSOLVER Simpresa BI/Vendite 5 Pdl;
EZBI05.02;Simpresa BI/Contabilità e amministrazione 5pdl;
EZBI05.01;ESOLVER BI-Integrazione MS Power BI 5 Pdl;
EZBI03.14;ESOLVER BI - Produzione Manifatturiera 3 pdl;
EZBI03.11;ESOLVER Simpresa BI/Gestione Risorse;
EZBI03.10;ESOLVER Simpresa BI/Magazzino;
EZBI03.09;eSOLVER Simpresa BI/Acquisti 3 Pdl;
EZBI03.07;ES Simpresa BI/Contabilità Analitica e Industriale;
EZBI03.05;ESOLVER Simpresa BI/Flussi Finanziari;
EZBI03.03;ESOLVER Simpresa BI/Vendite;
EZBI03.02;ESOLVER BI - Contabilità e amministrazione B;
EZBI03.01;ESOLVER Simpresa BI/Integrazione MS Power BI;
EZ19X20.07;eS Integr.con Mobile Agent CANINO-Incr.1 pdl Cl.20;
EZ19X15.07;eS Integr.con Mobile Agent CANINO-Incr.1 pdl Cl.15;
EZ19X05.11;eS Integr.con App Gest.Interventi Inc.1 pdl Cl.5;
EZ1920.19;ESOLVER Integrazione e-commerce (API2Cart) 20 pdl;
EZ1920.07;eSOLVER Integr.con App Mobile Agent(CANINO)-20 pdl;
EZ1915.11;eSOLVER Integr.con App Gest.Interventi(Emmebit);
EZ1915.07;eSOLVER Integr.con App Mobile Agent(CANINO)-15 pdl;
EZ1910.18;eSOLVER Integraz.con App Gest.Agenti(Emmebit)10pdl;
EZ1910.14;ESOLVER Integrazione con Esolver CRM 10 pdl;
EZ1905.14;ESOLVER Integrazione con Esolver CRM 5pdl;
EZ1905.11;eS Integr.con App Gest.Interventi(Emmebit) 5 pdl;
EZ1905.09;eSOLVER Integrazione con Phase MES 5pdl;
EZ1903.23;eSOLVER Integrazione con Quadrivium WMS 3pdl;
EZ1903.15;eSOLVER Integrazione con CRM VTENEXT-3 pdlVTENEXT;
EZ1903.09;eSolver Integrazione con Phase MES 3 PDL;
EZ1003.04;eS Analisi Contabil.Analit.(QlikView)-Cl.B 3 PdL;
EZ1003.02;eS Analisi Comm.li Vendite-QlikView Cl. fino a 3;
EZ1003.01;ESOLVER Analisi Finanziarie Qlikview;Classe B
EZ01X30.21;eSOLVER Reporter Disegnatore Incr.1 Pdl Cl.30;
EZ01X15.21;ESOLVER Reporter Disegnatore Incr.1 Pdl;
EZ01X15.09;ESOLVER Analisi e Reporting Flussi Fin.Incr.1pdl;
EZ01X10.21;eSOLVER Reporter Disegnatore Incr.1 Pdl Cl.10;
EZ01X10.09;eS Analisi e Reporting Flussi Fin.Incr.1 Pdl Cl.10;
EZ01X10.07;eS Analisi e Reporting Magazzino Incr.1 Pdl Cl.10;
EZ01X10.04;eS Analisi e Report.Budget Acq-Incr 1 Pdl Cl.10;
EZ01X10.02;ESOLVER Analisi e Report.Budget Vend.-Incr1pdl;
EZ01X05.21;ESOLVER Reporter Disegnatore Incr.1 Pdl Cl.5;
EZ01X05.09;eSOLVER Analisi e Rep. flussi fin. incr. 1 posto;
EZ01X05.07;eS Analisi e Reporting Magazzino Incr.1 Pdl Cl.5;
EZ01X05.05;eSOLVER Analisi e Reporting Risorse;
EZ01X05.02;eS Analisi e Report.Budget Vend.-Incr 1 pdl Cl.5;
EZ0130.21;eSOLVER Reporter Disegnatore Cl.30;
EZ0115.21;eSOLVER Reporter Disegnatore Cl.E;
EZ0115.11;eS Analisi e Reporting Produzione Servizi 15 Pdl;
EZ0115.09;eSOLVER Analisi e Reporting Flussi Finanziari Cl.E;
EZ0115.07;eSOLVER Analisi e Reporting Magazzino Cl.E;
EZ0115.05;eSOLVER Analisi e Reporting Risorse 15 Pdl;
EZ0110.21;eSOLVER Reporter Disegnatore;
EZ0110.09;ESOLVER Analisi e Reporting Flussi Finanziari;
EZ0110.07;eSOLVER Analisi e Reporting Magazzino;
EZ0110.05;eSOLVER Analisi e Reporting Risorse;Classe D fino a 10
EZ0110.02;eSOLVER Analisi e Reporting Budget Vendite;Classe D fino a 10
EZ0105.21;Reporter Disegnatore;
EZ0105.11;eS Analisi e Reporting Produzione Servizi 5 Pdl;Classe C fino a 5
EZ0105.09;ESOLVER Analisi e Reporting Flussi Finanziari;
EZ0105.07;Analisi e Reporting Magazzino;
EZ0105.05;eSOLVER Analisi e Reporting Risorse 5 Pdl;Classe C fino a 5
EZ0105.04;eSOLVER Analisi e Reporting Budget Acquisti;
EZ0105.02;ESOLVER Analisi e Reporting Budget Vendite;
EZ0103.21S;ESOLVER Reporter Disegnatore start A3;
EZ0103.21;ESOLVER Reporter Disegnatore;
EZ0103.11;eS Analisi e Reporting Produzione Servizi 3 Pdl;
EZ0103.09S;eSOLVER Analisi e Reporting Flussi Finanz.START 3;
EZ0103.09;ESOLVER Analisi e Reporting Flussi Finanziari 3pdl;Classe B
EZ0103.07;ESOLVER Analisi e Reporting Magazzino;
EZ0103.05;eSOLVER Analisi e Reporting Risorse 3 Pdl;
EZ0103.04;ESOLVER Analisi e Reporting Budget Acquisti;
EZ0103.03;eSOLVER Analisi e Reporting Acquisti 3 pdl;
EZ0103.02;ESOLVER Analisi e Reporting Budget Vendite;
EZ0103.01;eSOLVER Analisi e Reporting Vendite 3 pdl;
EZ0102.21S;ESOLVER Reporter Disegnatore START 2;
EZ0101.21S;ESOLVER Reporter Disegnatore START 1;
EXT-SUB-PRO-3-A;Cerberus FTP Server Pro Edition for 3 year rinnovo;Extends the service agreement on an existing license of Cerberus FTP Server Enterprise for 3 year
EXT-PRO-1;Cerberus Extends service agreement;
EXM-4F;FlexModule Plus 4x SFP+ Module;
EV4.6;eSolver Collegam. con registratore di cassa e POS;
EV4.5;ESOLVER Punti Vendita - Collegamento con POS;
EV4.4;ESOLVER Punti Vendita-Collegamento Registro Cassa;
EV034.1;ESOLVER PUNTI VENDITA-Emissione Doc. al banco B;
EV033.4E;ESOLVER Punti Vendita - Colleg. con reg. di cassa;
EV033.1E;ESOLVER Punti Vendita - Emissione Documenti al ban;
ETP101C/W2SKIKE;"Microtech Tablet E-tab PRO 10.1"" WI-FI Win 11Pro";Processore Quad Core Intel® Celeron N5105 - Risoluzione Schermo 1920x1200px - Memoria RAM 8GB ROM 128GB - Colore Grigio
ET088AV-CONF;HP DC7700 C2D1.86/1GB/250GB/DVDRW/NOFDD/FIWI 3Y XP;
ESX10E;ESOLVER PdL Aggiuntivo GESTIONE DEL SISTEMA;
ESTGARNAZIA5YR;Estensione garanzia fino a 5Yr per TrisP1a;
ESTCANONEG;Canone Assistenza (gestionali);
ESTCANONE;Canone Assistenza (professionali);
ESMODA_0;Sistema IntegratoEsolver Moda;
ES683609-BULK;eSTUFF Cover CHICAGO Full Body Defender Case Black;Cover posteriore per tablet con protezione per lo schermo per Samsung Galaxy A8 10.5 - Black
ES2Z20B;ESOLVER Gestione Sistema Base Incr. 1 ditta 20pdl;
ES2Z05E;ESOLVER Incremento Ditte;
ES2Z03E;ESOLVER Gestione del Sistema 3 pdl - incr. 1 ditta;
ES2Z03B;ESOLVER Gestione del Sistema - Increm. 1 ditta;
ES2X40E;eSOLVER Gestione del Sistema Estesa;
ES2X30B;eSOLVER Gestione del Sistema Base;Incr.1 Pdl Cl.30
ES2X25B;eS Gest.del Sistema Base-Incr.1 pdl/1 Ditta;
ES2X20E;eSOLVER Gestione del Sistema Estesa;
ES2X15E;ESOLVER Gestione del Sistema Estesa - 1 pdl agg.;
ES2X15B;eSOLVER Gestione del Sistema Base Incr.1pdl Cl.E;
ES2X10E;ESOLVER Gestione del Sistema estesa 1 pdl agg.;
ES2X10B;eS Gest.del Sistema Base-Incr.1 pdl/1 Ditta Cl.10;Incremento 1 posto classe D
ES2X05E;ESOLVER Gestione del Sistema estesa Incr.1 Pdl;
ES2X05B;ESOLVER Gestione del Sistema Base 1 pdl agg;
ES250B;eSOLVER Gestione del Sistema Base;Classe fino a 50
ES240B;eSOLVER Gestione del Sistema Base;
ES230E;eSOLVER Gestione del Sistema Estesa 30Pdl/30Ditte;
ES230B;eSOLVER Gestione del Sistema Base;
ES225E;eSOLVER Gestione del Sistema Estesa 25 Pdl/25Ditte;
ES225B;eSOLVER Gestione del Sistema Base-25 pdl/25 Ditte;
ES220E;eSOLVER Gestione del Sistema Estesa;
ES220B;eSOLVER Gestione del Sistema Base;
ES215E;eSolver Gestione Sistema 15pdl;
ES215B;eSolver Gestione del Sistema Base - Cl. 15pdl;
ES210E;ESOLVER GESTIONE DEL SISTEMA;
ES210B;GESTIONE DEL SISTEMA;
ES205E;ESOLVER Gestione del Sistema Estesa 5pdl;
ES205B;ESOLVER Gestione del Sistema Base 5pdl/5Ditte;
ES203E;ESOLVER Gestione del Sistema;
ES203B;ESOLVER Gestione del Sistema Base 3 pdl/3 ditte;
ES10E;ESOLVER GESTIONE DEL SISTEMA ESTESA;
ES0X40.18;eS Import.dati/docum.da sist.est.Incr.1 Pdl Cl.40;
ES0X40.15;eSOLVER Gestione Processi autorizzativi;
ES0X40.13;eSOLVER Integrazione con Terminali Portatili;
ES0X40.11;eSOLVER Gestione Accessi Operatori;
ES0X40.10;eSOLVER Gestione Multilingua (Inglese)-Inc. Cl.40;
ES0X40.05;eS Acquisizione dinamica Documenti e Anagrafiche;
ES0X40.03;eSOLVER Gestione gruppi aziendali;
ES0X40.02;eSOLVER Gestione Divisioni - Incr. Cl. 40;
ES0X30.20;eSOLVER Reporter via web services Incr. 1 pdl;
ES0X30.18;eSOLVER Importaz.dati e docum.da sistemi esterni;Incr.1 Pdl Cl.30
ES0X30.15;eSOLVER Gestione Processi autorizzativi;
ES0X30.11;eSOLVER Gestione Accessi Operatori;Incr.1 Pdl Cl.30
ES0X30.10;eSOLVER Gestione Multilingua (Inglese) Incr. 1 pdl;
ES0X30.03;eSOLVER Gestione Gruppi Aziendali Incr. 1pdl;
ES0X30.02;ESOLVER Modulo gestione Divisioni 1pdl agg.;
ES0X25.18;eS Import.dati/docum.da sist.est.Incr.1 Pdl Cl.25;
ES0X25.15;eS Gestione Processi autorizz.-Incr.1 Pdl;
ES0X25.11;eSOLVER Gest.Accessi Operatori - Incr.1 Pdl;
ES0X25.10;eSOLVER Gestione Multilingua (Inglese)-Incr.1pdl;
ES0X20.23;eSOLVER DMS Integrazione con dipartimentali incr.1;
ES0X20.20;eSOLVER Reporter via web servicesIncr.1 Pdl Cl.20;
ES0X20.18;eS Import.dati/docum.da sist.est.Incr.1 Pdl Cl.20;
ES0X20.11;eSOLVER Gestione Accessi Operatori;
ES0X15.23;eSOLVER DMS-Integraz.con dipartim.Incr.1 Pdl Cl.15;
ES0X15.18;eSOLVER Import.dati/doc.da sist est Incr.1pdl Cl.E;
ES0X15.15;eSOLVER Gest. Processi autorizz. incr. 1pdl Cl.E;
ES0X15.13;ESOLVER Integrazione con Terminali;
ES0X15.11;ESOLVER Gestione Accesso Operatori - 1 pdl agg.;
ES0X15.05;ESOLVER Acquisizione dinamica Documenti;
ES0X15.03;ESOLVER Gestione Gruppi Aziendali - 1pdl agg.;
ES0X15.02;ESOLVER Gestione Divisioni - Incr.1pdl;
ES0X10.20;eSOLVER Reporter via web servicesIncr.1 Pdl Cl.10;
ES0X10.18;ESOLVER Import. Dati/Doc da sistemi est. Incr cl10;
ES0X10.15;eS Gestione Processi autorizz.-Incr.1 Pdl Cl.10;
ES0X10.13;eS Integr.Con Terminali Portatili-Incr.1 Pdl Cl.10;Incremento 1 posto classe D
ES0X10.12;eS Gest.Processi autorizzativi-Incr.1 Pdl Cl.10;Incremento 1 posto classe D
ES0X10.11;ESOLVER Gestione Accessi Operatori;
ES0X10.09;ESOLVER Posto Agg.Emissione Doc.Elettronici Avanz.;
ES0X10.05;ESOLVER Posto Agg. Acquisiz. dinamica Doc e Anagr.;
ES0X10.02;eSOLVER Gestione Divisioni - Incr. Cl. 10;Incremento 1 posto classe D
ES0X10.01;eSOLVER Modulo Base D incr 1 pdl;
ES0X05.23;ESOLVER DMS-Integraz.con dipartim.Incr.1 Pdl Cl.5;
ES0X05.20;ESOLVER Reporter via web services Incr.1pdl;
ES0X05.18;eSOLVER Importaz.dati e docum.da sistemi esterni;
ES0X05.15;eS Gestione Processi autorizz.-Incr.1 Pdl Cl.5;
ES0X05.13;eS Integr.Con Terminali Portatili-Incr.1 Pdl Cl.5;
ES0X05.12;ESOLVER Gestione Processi autorizzativi - pdl agg;
ES0X05.11;ESOLVER Gestione Accessi Operatori -pdl agg;
ES0X05.05;eSAcquisizioneDinamicaDocumen.AnagrafichePLAg;
ES0X05.03;ESOLVER Gestione gruppi aziendali PL aggiuntivo;
ES0X05.02;eSOLVER Gestione Divisioni - Incr. Cl. 5;
ES05B;ESOLVER Gestione del Sistema;
ES050.23;ESOLVER DMS-Integrazione con dipartimentali-50 pdl;
ES050.15;ESOLVER Gestione Processi autorizzativi-50 Pdl;
ES050.13;eSOLVER Integrazione con Terminali Portatili;Classe fino a 50
ES050.12;eSOLVER Gestione Processi autorizzativi;Classe fino a 50
ES050.11;eSOLVER Gestione Accessi Operatori;Classe fino a 50
ES050.10;eSOLVER Gestione Multilingua (Inglese);Classe fino a 50
ES050.05;eS Acquisizione dinamica Documenti e Anagrafiche;Classe fino a 50
ES040.13;eSOLVER Integrazione con Terminali Portatili;
ES040.12;eSOLVER Gestione Processi autorizzativi;
ES040.11;eSOLVER Gestione Accessi Operatori;
ES040.10;eSOLVER Gestione Multilingua (Inglese);
ES040.05;eS Acquisizione dinamica Documenti e Anagrafiche;
ES040.03;eSOLVER Gestione gruppi aziendali;
ES040.02;eSOLVER Gestione Divisioni;
ES030.23;eSOLVER DMS-Integrazione con dipartimentali-30 pdl;
ES030.20;ESOLVER Reporter via web services 30pdl;
ES030.18;ESOLVER Importaz.dati/docum.da sistemi est. 30pdl;
ES030.15;eSOLVER Gestione Processi autorizzativi 30pdl;
ES030.13;eSOLVER Integrazione con Terminali Portatili;
ES030.11;eSOLVER Gestione Accessi Operatori;
ES030.10;eSOLVER Gestione Multilingua (Inglese);
ES030.05;eS Acquisizione dinamica Documenti e Anagrafiche;
ES030.03;eSOLVER Gestione gruppi aziendali;
ES030.02;ESOLVER Modulo gestione Divisioni;
ES025.18;eS Importaz.dati e docum.da sistemi esterni-25 Pdl;
ES025.15;eSOLVER Gestione Processi autorizzativi-25 Pdl;
ES025.11;eSOLVER Gestione Accessi Operatori - 25 Pdl;
ES025.10;eSOLVER Gestione Multilingua (Inglese) - 25 Pdl;
ES025.02;eSOLVER Gestione Divisioni - 25 Pdl;
ES020.23;eSOLVER DMS-Integrazione con dipartimentali-20 pdl;
ES020.20;eSOLVER Reporter via web services-20 Pdl;
ES020.18;ESOLVER Importaz.dati/docum.da sistemi est.20 Pdl;
ES020.15;eSOLVER Gestione Processi autorizzativi 20 Ditte;Classe F
ES020.13;ESOLVER Integraz. con Terminali Portatili-20 Pdl;
ES020.12;eSOLVER Gestione Processi autorizzativi;
ES020.11;eSOLVER Gestione Accessi Operatori;
ES020.10;ESOLVER Gestione Multilingua (Inglese) - 20 Pdl;
ES020.05;ESOLVER Acq. dinam. Doc. e Anagr. Cl. fino a 20;
ES020.02;eSOLVER Gestione Divisioni 20 pdl;
ES015.23;ESOLVER DMS - Integrazione con dipartimentali 15p;
ES015.21;ESOLVER DMS - Disegnatore 15pdl;
ES015.20;eSOLVER Reporter via web services;
ES015.18;eSOLVER Importaz.dati e docum.da sistemi esterni;
ES015.16;eS integraz.dati e docum.via web services-15 Pdl;Classe E fino a 15
ES015.15;eSOLVER Gestione Processi autorizzativi-15 Pdl;Classe E fino a 15
ES015.12;eSolver Gestione Processi Autorizzativi;
ES015.11;eSolver Gestione Accessi Operatori;
ES015.10;ESOLVER Gestione Multilingua (Inglese);
ES015.05;ESOLVER Acquis.Dinam.Doc. e Anagr. Cl.C;
ES015.03;eSOLVER Gestione gruppi aziendali 15pdl;
ES015.02;ESOLVER Gestione Divisioni 15 PDL/15 ditte;
ES010.23;ESOLVER DMS-Integrazione con dipartimentali-10 pdl;
ES010.21;ESOLVER DMS - Disegnatore  10 pdl;
ES010.20;eSOLVER Reporter via web services-10 Pdl;
ES010.18;ESOLVER Import. Dati/Doc. da sistemi esterni 10pdl;
ES010.16;eSolver Integraz. dati documenti via web services;
ES010.15;eSOLVER Gestione Processi autorizzativi-10 Pdl;
ES010.13;ESOLVER Integrazione con Terminali Portatili;
ES010.12;ESOLVER Gestione Processi Autorizzativi 10 pdl;
ES010.11;ESOLVER Gestione Accessi Operatori;
ES010.10;eSOLVER Gestione Multilingua (Inglese);
ES010.05;ESOLVER Acquisizione dinamica Doc. e Anagrafiche;
ES010.03;eSOLVER Gestione gruppi aziendali;
ES010.02;eSOLVER Gestione Divisioni - 10 Pdl;
ES010.01;ESOLVER Modulo Base;
ES005.23;eSOLVER DMS Integrazione con dipartimentali 5pdl;
ES005.21;ESOLVER DMS - Disegnatore - 5 pdl;
ES005.20;ESOLVER Reporter via web services - Classe C 5 PdL;
ES005.18;eSOLVER Importaz.dati e docum.da sistemi esterni;
ES005.15;eSOLVER Gestione Processi autorizzativi-5 Pdl;
ES005.13;ESOLVER Integrazione con Terminali Portatili Cl.C;
ES005.12;Gestione Processi autorizzativi;
ES005.11;eSOLVER Gestione Accessi Operatori - 5 Pdl;
ES005.05;ESOLVER Acquisiz. dinamica Documenti e Anagrafiche;
ES005.02;ESOLVER Gestione Divisioni - 5 Pdl;
ES003.23;eSOLVER DMS-Integrazione con dipartimentali-3 pdl;
ES003.20;eSOLVER Reporter via web services-3 pdl;
ES003.18;ESOLVER Importaz.dati e docum.da sistemi esterni B;
ES003.15;eSOLVER Gestione Processi autorizzativi-3 Pdl;
ES003.13;ESOLVER Integrazione con terminali portatili;Classe B
ES003.11S;eSOLVER Gestione Accessi Operatori START;
ES003.11;ESOLVER Gestione Accessi Operatori;
ES003.05;ESOLVER Acquisiz. Dinamica Documenti e Anagrafiche;
ES003.03;eSOLVER Gestione gruppi aziendali - 3 Pdl;
ES003.02;ESOLVER Gestione Divisioni;
ES003.01;eSOLVER Modulo Base - 3 Pdl;
ERA20.00;Pannello controllo ordini 20 pdl (Canino);
ERA1X01.01;App Mobile Agent + 1 Agente;
ERA115.01;App Mobile Agent fino a 15 Agenti;
ERA110.01;App Mobile Agent fino a 10 Agenti;
ERA03.00;Pannello controllo ordini 3 pdl;
EQ105;eSOLVER Gestione Qualità 5 pdl;
EPEN-R3-E;ESET PROTECT ENTERPRISE 100-249 RENEW 3 YEARS;
EPAU-UN-3Y;Sangfor Endpoint Secure Manager for Protect Agent;
EPAU-UN-1Y;Sangfor Endpoint Secure Protect Agent;"FOR PC/WORKSTATION/LINUX/MAC/SERVER, INCLUDES
BASELINE ASSESSMENT, ENGINE ZERO, NEURAL-X, ENHANCED
RANSOMWARE PROTECTION, SOFTWARE AND SECURITY 1001+ AGENTS
UPDATES, XDDR, 7X24 SUPPORT.-á1-YEAR SUBSCRIPTION FOR"
EP90X05.07;eS Contabilità produzione servizi-Incr.1 Pdl Cl.5;
EP90X05.03;eS Contab.prestaz.a risorse condiv-Incr.1Pdl Cl.5;
EP9010.11;eSOLVER Contabilità costo del venduto;Classe D fino a 10
EP9010.09;eSOLVER Controllo costi consuntivi di centro;Classe D fino a 10
EP9010.07;eSOLVER Contabilità della produzione servizi;Classe D fino a 10
EP9010.06;eSOLVER Contabilità dei materiali;Classe D fino a 10
EP9010.05;eSOLVER Contabilità produzione manifatturiera;Classe D fino a 10
EP9010.03;eSOLVER Contabilità prestaz.a risorse condivise;Classe D fino a 10
EP9005.11;ESOLVER Contabilità costo del venduto Classe C;
EP9005.09;eSOLVER Controllo costi consuntivi di centro;
EP9005.07;ESOLVER Contabilità della produz. servizi C;
EP9005.06;eSOLVER Contabilità dei materiali;
EP9005.05;eSOLVER Contabilità produzione manifatturiera;
EP9005.03;ESOLVER Contab. prestaz. risorse condivise C;
EP9003.11;ESOLVER Contabilità costo del venduto;
EP9003.09;eSOLVER Controllo costi consuntivi di centro;
EP9003.07;eSOLVER Contabilità della produzione servizi;
EP9003.06;eSOLVER Contabilità dei materiali;
EP9003.05;ESOLVER Contabilità produzione manifatturiera;
EP9003.03;ESOLVER Contabilità prestaz.a risorse condivise;
EP51-CM-3Y;Sangfor Endpoint Secure Manager for Protect Agent;
EP50X05.09;eSOLVER Pianificaz. fabbisogni capacità produtt.;
EP50X05.07;eSOLVER Gestione della produzione;
EP50X05.05;eSOLVER Cicli di lavorazione;
EP50X05.03;ESOLVER Costificazione prodotti Incr. 1 p cl. 5;
EP50X05.01;eSOLVER Gestione distinta base;
EP5010.07;ESOLVER Gest. della produzione Cl. fino a 10;
EP5010.05;ESOLVER Cicli di lavorazione Cl. fino a 10;
EP5010.03;ESOLVER Costificazione prodotti Cl. fino a 10;
EP5010.01;ESOLVER Gest. distinta base Cl. fino a 10;
EP5005.09;ESOLVER Pianificazione Fabbisogni attività prod;
EP5005.07;ESOLVER Gestione della Produzione;
EP5005.05;ESOLVER Cicli di Lavorazione;
EP5005.03;ESOLVER Costificazione prodotti Cl. fino a 5;
EP5005.01;ESOLVER Gestione Distinta Base;
EP5003.09;ESOLVER Pianificazione Fabbisogni attvità prod.;
EP5003.07;ESOLVER Gestione della Produzione;
EP5003.05;ESOLVER Cicli di Lavorazione;
EP5003.03;ESOLVER Costificazione Prodotti 3pdl;
EP5003.01;ESOLVERGestione Distinta Base;
EP32X05.10;eSOLVER Gestione Servizi di Assistenza;
EP3215.13;eS Fatturazione diretta prestazioni-Cl. E 15 pdl;
EP3215.10;eSOLVER Gestione Servizi di Assistenza-15 Pdl;
EP3215.07;eS Gestione Manutenzione Programmata-Cl. E 15 pdl;
EP3215.01;eSOLVER Gestione Parco Impianti-Cl. E 15 pdl;
EP3205.19;eS Rilevaz.unità prodotte per Serv.a misura-5 Pdl;Classe C fino a 5
EP3205.13;eS Fatturazione diretta prestazioni-Cl. C 5 pdl;Classe C fino a 5
EP3205.10;eSOLVER Gestione Servizi di Assistenza-5 Pdl;Classe C fino a 5
EP3205.07;eS Gestione Manutenzione Programmata-Cl. C 5 pdl;Classe C fino a 5
EP3205.01;eSOLVER Gestione Parco Impianti-Cl.C 5 pdl;Classe C fino a 5
EP3203.19;ESOLVER Rilevaz. unità prodotte Servizi a misura;
EP3203.13;ESOLVER Fatturazione diretta prestazioni;
EP3203.10;ESOLVER Gestione Servizi di Assistenza;
EP3203.07;ESOLVER Gestione Manutenzione Programmata;
EP3203.01;ESOLVER Gestione Parco Impianti;
EP3015.15;eSOLVER Gestione Contratti di Noleggio-15 Pdl;
EP3015.11;eSOLVER Gestione Contratti Servizi a Canone-15 Pdl;
EP3015.07;ES Generazione Contratti da Ciclo Attivo 15 PL;
EP3005.17;eSOLVER Prefatturazione Servizi-5 Pdl;Classe C fino a 5
EP3005.15;eSOLVER Gestione Contratti di Noleggio-5 Pdl;Classe C fino a 5
EP3005.13;eSOLVER Gest.Contratti per Servizi a misura-5 Pdl;Classe C fino a 5
EP3005.11;eSOLVER Gestione Contratti Servizi a Canone-5 Pdl;Classe C fino a 5
EP3005.07;eS Generazione Contratti da Ciclo Attivo 5 PL;Classe C fino a 5
EP3003.17;ESOLVER Prefatturazione Servizi - 3PdL;
EP3003.15;ESOLVER Gestione Contratti di Noleggio;
EP3003.13;ESOLVER Gestione Contratti per Servizi a misura;
EP3003.11;ESOLVER Gestione Contratti Servizi a Canone;
EP3003.07;ESOLVER Generazione Contratti da Ciclo Attivo;
EP2-25283;HPE Windows Server CAL 2025 IT 1pk DSP OEI5 Clt;
EP2-25265;Windows Server CAL 2025 Italian 1pk DSP 1 Clt User;
EP2-25153;Microsoft Windows Server 2025 Datacenter OEI 1PK;64Bit Italian 1pk DSP OEI DVD 16 Core
EP2-20078;"Microsoft Surface Pro 13"" Copilot+ PC for Business";"Tablet Copilot+ PC - Processore Intel Core Ultra 7 (Serie 2) - 268V/2.2 GHz, fino a 5GHz/12MB Cache - Display 13"" OLED touchscreen 2880x1920 @ 120 Hz 267ppi - Memoria 32 GB LPDDR5X - Disco 1TB SSD - Garanzia limitata 1 anno"
EP2-19975;Microsoft Surface USB4 Dock Black;
EP2-06669;Microsoft Office Home and Business 2024 Box;Italian EuroZone 1 License Medialess
EP10X05.13;ESOLVER Rilevazione prestazioni-Incr.1 Pdl Cl.5;
EP10X05.00;ESOLVER Mod.Base Ges.Risorse Prod-Incr.1 Pdl Cl.5;
EP-10WH;Vultech OYSTER TWS Auricolari Bluetooth 5.0;
EP1015.15;eSOLVER Pianific.Interventi Risorse Produtt-15 Pdl;
EP1015.13;eSOLVER Rilevazione delle prestazioni;
EP1015.11;eSOLVER Gestione Agenda -15 Pdl;Classe E fino a 15
EP1015.09;eSOLVER Pianificaz.attività di progetto -15 Pdl;Classe E fino a 15
EP1015.00;eSOLVER Modulo Base Gestione Risorse Produttive;
EP1010.15;eSOLVER Pianificaz.Interventi Risorse Produttive;Classe D fino a 10
EP1010.13;eSOLVER Rilevazione delle prestazioni;Classe D fino a 10
EP1010.11;eSOLVER Gestione Agenda;Classe D fino a 10
EP1010.00;eSOLVER Modulo Base Gestione Risorse Produttive;Classe D fino a 10
EP1005.15;eSOLVER Pianific.Interventi Risorse Produtt-5 Pdl;Classe C fino a 5
EP1005.13;ESOLVER Rilevazione delle prestazioni - 5 Pdl;
EP1005.11;eSOLVER Gestione Agenda -5 Pdl;Classe C fino a 5
EP1005.09;eSOLVER Pianificazione attività di progetto;-5 Pdl
EP1005.00;ESOLVER Modulo Base Gest.Risorse Produttive-5 Pdl;
EP1003.15;ESOLVER Pianificaz.Interventi Risorse Produttive B;
EP1003.13;ESOLVER Rilevazione prestazioni 3 PDL;
EP1003.11;ESOLVER Gestione Contratti Servizi a Canone;
EP1003.09;ESOLVER Pianificazione attività di progetto B;
EP1003.00;ESOLVER Modulo Base Risorse Produttive;
EP00X05.05;eSOLVER Modulo Base Produzione Manifatturiera;
EP00X05.03;eSOLVER Modulo Base Produzione Servizi;
EP0020.05;ESOLVER Modulo Base Produzione manifatturiera;
EP0015.03;eSOLVER Modulo Base Produzione Servizi-15 Pdl;
EP0010.05;ESOLVER Modulo Base Produz.Manifatturiera-10 Pdl;
EP0005.05;Esolver Modulo Base Produzione Manifatturiera 5Pdl;
EP0005.03;ESOLVER Modulo Base Produzione Servizi-5 Pdl;
EP0003.05;ESOLVER Modulo Base Produzione Manifatturiera;
EP0003.03;ESOLVER Modulo Base Produzione Servizi;
EO-HS1303WEGWW;SAMSUNG AURICOLARE A FILO WHITE;
EN-WB-FHD03;Encore WebCam FullHD 1920X1080P USB 2.0 30Fps 5MPx;
EMX40.01E;ESOLVER MODA Modulo Base Incr. 1pdl cl.40;
EMX05.01E;ESOLVER Modulo Base Moda Posto di Lavori aggiuntiv;
EMX05.01B;ESOLVER Modulo Base Moda (conf. base);
EMT03BD;ESOLVER Banche Dati Motori;
EMT0313S;ESOLVER Motori Officina Start;
EMT03.01S;ESOLVER Modulo Base Motori Start;
EML-SGC-SUB;Broadcom Email Safeguard Cloud Subscription 1Y;
EML-SGC-EXT-100-249-1Y;SYMC EMAIL SAFEGUARD PER USER BAND A 100-249 1 YR;
EMDR-NC;ESET MDR 1-999999 Service;
EM869AA;EM869AA HP Monitor TFT 1940 19;
EM4100;Generic EM4100 Schede ID RFID 125 kHz, 1,8mm, 50pz;
EM40.01E;ESOLVER MODA Modulo Base 40 pdl;
EM0522E;ESOLVER Moda/Produzione;
EM0514E;ESOLVER Moda/Logistica  5 pdl;
EM0513E;ESOLVER Moda/Ciclo Passivo  5 pdl;
EM0512E;ESOLVER Moda/Ciclo Attivo  5 pdl;
EM0512B;ESOLVER Moda/Ciclo Attivo (conf. base);
EM05.01E;ESOLVER Modulo Base Moda;
EM05.01B;ESOLVER Modulo Base Moda - Classe C fino a 5;
EM0322E;ESOLVER MODA Produzione esteso;
EM0314E;ESOLVER Moda/Logistica;
EM0314B;ESOLVER Moda/Logistica (conf. base);
EM0313E;ESOLVER Moda/Ciclo Passivo;
EM0313B;ESOLVER Moda/Ciclo Passivo (conf. base);
EM0312E;ESOLVER Moda/Ciclo Attivo;
EM0312B;ESOLVER MODA Ciclo Attivo;
EM03.13;E-SOLVER Collegamento con registratore di cassa;
EM03.10;ESOLVER Emissione Documenti al banco;
EM03.01B;ESOLVER MODA Modulo Base;
EL4403A;HUX POWER Presa multipla 2USB 1HDMI 1VGA 2 rete;
EKR_ORCHESTRA;EKR ORCHESTRA Licenza PIM Product Inf Manager;
EIX20.35;App Gest.Int. Condizioni Commerciali incr. 1 disp.;classe 20
EIX20.33;App Gest.Int. Schede di Intervento incr.1 disp.;classe 20
EIX20.31;App Gest.Int. Modulo Base Dispositivo incr.1 disp.;classe 20
EIX05.31;App Gest. Interventi Mod. Base incr.1 disp. (CL.5);
EI11.35;App Gest.Int. Condizioni Commerciali 20 Disp.;
EI11.33;App Gestione Interventi Schede Intervento 20 Dispo;
EI11.31;App Gestione Interventi Modulo Base 20 Dispositivi;
EI05.31;App Gest. Interventi Modulo Base classe 5 Disposit;
EI01P.03;EMMEBIT Gestione Agenti, Base Pack dispositivo;
EI01P.01;EMMEBIT Gestione Agenti, Base Pack server;
EI01.25;App Gest. Int. Server - Condizioni Commerciali;
EI01.23;App Gestione Interventi Server - Schede Intervento;
EI01.21;App Gestione Interventi Modulo Base Server;
EI01.15;ESOLVER Gest.Int.FeaturePack3 Disp. (vis.prezzi);
EI01.13;ESOLVER Gest.Int.FeaturePack3 Server (vis.prezzi);
EI01.11;ESOLVER Gest.Int.FeaturePack2 Disp. (allegati);
EI01.09;ESOLVER Gest.Int.FeaturePack2 Server (allegati);
EI01.07;ESOLVER Gest.Int.FeaturePack1 Disp. (schede int);
EI01.05;ESOLVER Gest.Int.FeaturePack1 Server-schede interv;
EI01.03;ESOLVER APP Gest. Interventi Base Pack Dispositivo;
EI01.01;ESOLVER APP Gestione Interventi Base Pack Server;
EH105.03;ESOLVER PRIVACY GDPR-Analisi Impatto/Valut.rischi;
EH105.01;ESOLVER/GDPR Gest.Trattamenti/Valutazione rischi;
EH103.03;GDPR Valutazione Risc. classe B;
EH103.01;ESOLVER/GDPR Gest.Trattamenti/Valutazione rischi;
EH101.01S;ESOLVER PRIVACY GDPR - Gestione Trattamenti-START;
EG0012KP;FEC Garanzia Swap24 12 Mesi Kasko palmari;
EG001200JWJNK-RFB;HPE SPS-Drive HDD 1.2TB 12G 10K SFF SAS DS SC;
EFMAINTPLUS;ExtraFax Server Maint.Plus/Anno;
EF1X10.01;ESOLVER PDL Aggiuntivo Archiviazione Operativa;
EF1X10.00;ES Archiviazione e conservaz. documenti 1 PDL cl.D;
EF1X05.09;eSOLVER Integr. con GDOC via web services incr.pdl;
EF1X05.01;ESOLVER Archiviazione Operativa Sistema Integrato;
EF1X05.00;eSOLVER Archiviaz.+Conserv.docum.-Incr.1 Pdl Cl.5;
EF110.01;ESOLVER Archiviazione OperativaSistemaIntegrato;
EF110.00;eSOLVER Archiviazione + Conservazione documenti;
EF105.09;eSOLVER Integraz. con GDOC via web services 5pdl;
EF105.02;ESOLVER Conservaz. Digitale Sistema Integr. 5 PDL;
EF105.01;ESOLVER Archiviazione Operativa Sist.Integrato;
EF105.00;eSOLVER Archiviazione+Conservazione docum.-5 Pdl;
EF103.09;eSOLVER Integrazione con GDOC via web services;3pdl
EF103.05;Archiviazione massiva con codice a barre;
EF103.02;ESOLVER Conserv.Sostitutiva Sist. Integrato;
EF103.01;ESOLVER Archiv.Operativa Sistema Integrato cl.B;
EF103.00;ESOLVER Archiviazione e conservazione documenti;classe B
EF101.00S;eSOLVER Archiviazione+Conservazione docum.-START;
EEX05B;ESOLVER Sistema Integrato Base 1pdl aggiuntivo;
EEG203S;ESOLVER Sistema Integrato Gestionale START;
EE418AA;HP Silver Flat Panel Speaker Bar (applicabile ai m;
EE3Z05E;Sistemi integrato Esolver;Incremento ditta aggiuntiva
EE3Z05B;Sistema Integrato eSOLVER-Base Incr 1 Ditta Cl.5;
EE3Z03E;eSOLVER Sistema Integrato  - 1 ditta aggiuntiva;
EE3Z03B;Sistema Integrato eSOLVER-Base Incr 1 Ditta Cl.3;
EE3X15E;ESOLVER Sistema integrato Estesa Incr.1 Pdl;
EE3X10B;Sistema Integrato eSOLVER - Base;
EE3X05B;Sistema Integrato eSOLVER - Base- incr. 1 PDL;
EE310E;Sistema Integrato eSOLVER - Estesa 10 Pdl/10 Ditte;
EE310B;Sistema Integrato eSOLVER - Base 10 Pdl/10 Ditte;
EE305E;Sistema Integrato eSOLVER - Estesa cl.C;
EE305B;Sistema Integrato eSOLVER - Classe C 5 PdL;
EE303S;Sistema Integrato eSOLVER - START;
EE303E;ESOLVER Sistema Integrato Estesa 3 Pdl/3 Ditte;
EE303B;Sistema Integrato eSOLVER - Base 3 Pdl/3 Ditte;
EE301S;Sistema Integrato eSOLVER - START;
EE2X05B;SISTEMA INTEGRATO eSOLVER;
EE203E;SISTEMA INTEGRATO eSOLVER;3 PDL
EE203B;ESOLVER SISTEMA INTEGRATO;
EE202S;ESOLVER Sistema Integrato START 2;
EE03B;ESOLVER Sistema Integrato;
EDWISER-REPORTS-BDL;Edwiser Reports Bundle 1Y;
EDWISER_REMUI_BDL;Remui Edwiser Bundle 1Y - 10 Business Licenses;
EDU-C-NCP-VOUCHER-PR;Nutanix Certified Professional(NCP) Voucher;"Education, Nutanix Certified Professional (NCP) single-use
exam voucher. Limited to new customers in EMEA.
Maximum of 2 vouchers per customer. Term: Must be
consumed within 12 months of purchase date."
ED3X10.02;eSOLVER Gestione Etichette Logistiche (SSCC);
ED3X05.02;eSOLVER Gestione Etichette Logistiche (SSCC) incr.;
ED3X05.01;eSOLVER Gestione contenitori a rendere incr.1pdl;
ED310.02;eSOLVER Gestione Etichette Logistiche (SSCC);
ED310.01;eSOLVER Gestione contenitori a rendere;Classe D fino a 10
ED305.02;Gestione etichette logistica SSCC;
ED305.01;eSOLVER Gestione contenitori a rendere;
ED2X10E;eSOLVER Area Logistica - ESTESA;
ED2X10.07;eSOLVER Gest. distinta base Incr. 1 p cl. 10;
ED2X10.03;ESOLVER Gestione Matricole Incr. 1 pdl cl.D;
ED2X10.02;eSOLVER Gestione tracciabilità lotti;
ED2X05E;ESOLVER Area Logistica - Estesa - Incr.Cl.C;
ED2X05.07;ESOLVER Gest. distinta base Incr. 1 p cl. 5;
ED2X05.05;ESOLVER Ordini di Magazzino 1pdl agg.;
ED2X05.04;eSOLVER Gest. varianti articolo Incr. 1 p cl. 5;
ED2X05.03;eSOLVER Gestione matricole PL aggiuntivo;
ED2X05.02;eSOLVER Gestione tracciabilità lotti PL aggiuntivo;
ED2X05.01;ESOLVER Gestione Aree di Magazzino 1pdl agg.;
ED215E;eSOLVER Area Logistica - ESTESA Cl.E;
ED215.07;eSOLVER Gestione distinta base Cl.E;
ED215.03;eSOLVER Gestione matricole Cl.E;
ED210E;eSOLVER Area Logistica - ESTESA;
ED210.07;eSOLVER Gest. distinta base Cl. fino a 10;
ED210.04;ESOLVER Gestione Varianti Articolo;
ED210.03;ESOLVER Gestione Matricole;
ED210.02;eSOLVER Gest. tracciabilità lotti Cl. fino a 10;
ED210.01;ESOLVER Gest. Aree di Magazzino Cl. fino a 10;
ED205E;ESOLVER Area Logistica Estesa CL. C;
ED205.07;eSOLVER Gest. distinta base Cl. fino a 5;
ED205.06;ESOLVER Pianificazione Approvvigionamenti;
ED205.05;eSOLVER Ordini di magazzino cl.C;
ED205.04;ESOLVER Gest. varianti articolo Cl. fino a 5;
ED205.03;ESOLVER Gestione Matricole;
ED205.02;ESOLVER Gestione Tracciabilità Lotti;
ED205.01;eSOLVER Gestione Aree di Magazzino;
ED203E;eSOLVER Area Logistica - ESTESA 3 Pdl;
ED203.07S;ESOLVER Gestione Distinta Base;
ED203.07;ESOLVER Gestione Distinta Base 3pdl;
ED203.06;ESOLVER Pianificazione Approvvigionamenti;
ED203.05;ESOLVER Ordini di Magazzino e Liste di Prelievo;
ED203.04S;eSOLVER Gestione varianti articolo - START;
ED203.04;ESOLVER Gestione Varianti Articolo;
ED203.03S;eSOLVER Gestione matricole - START;Solidarietà digitale
ED203.03;ESOLVER Gestione Matricole;
ED203.02S;eSOLVER Gestione tracciabilità lotti -START;
ED203.02;ESOLVER Gestione Tracciabilità Lotti;
ED203.01S;eSOLVER Gestione Aree di Magazzino - START;Solidarietà digitale
ED203.01;ESOLVER Gestione Aree di Magazzino;
ED202.07S;ESOLVER Gestione Distinta Base START 2;
ED202.02S;ESOLVER Gestione TracciabilitÓ Lotti START 2;
ED201.07S;eSOLVER Gestione Distinta Base - START;
ED201.02S;eSOLVER Gestione tracciabilità lotti -START;
ED1X10.03;eSOLVER Movimentazione articoli di Magazzino;
ED1X05.03;ESOLVER Moviment. Articoli di Magazzino 1pdl agg.;
ED1X05.02;ESOLVER Gestione inventari;1 PDL aggiuntivo
ED110.03;eSOLVER Movimentazione articoli Magazzino 10 pdl;
ED105.03;Movimentazione Articoli di Magazzino;
ED105.02;ESOLVER Gestione Inventari;
ED105.01;ESOLVER Movimentazione Articoli di Magazzino;
ED103.03S;ESOLVER Movimentazione art. di magazzino start A3;
ED103.03;ESOLVER Movimentazione Articoli di Magazzino;
ED103.02S;ESOLVER Gestione Inventari;
ED103.02;ESOLVER Gestione Inventari;
ED103.01;ESOLVER Movimentazione Articoli di Magazzino;
ED102.03S;ESOLVER Movimentaz. articoli di Magazz. START 2;
ED102.02S;ESOLVER Gestione inventari START 2;
ED101.03S;eSOLVER Contabilità di Magazzino - START;
ECRM00.03;ESOLVER CRM Plugin Exchange 1 Account (1-5account);
ECRM00.01;ESOLVER CRM 1 account 500 MB (fascia 1-5 account);
ECRM.SP;eSOLVER CRM - Incremento spazio 1 GB;
ECHOSHOW8;Alexa Echo Show 8;
ECHODOT;Echo Dot (3. generazione);
EC2X15.11;ESOLVER Approvvig.per commessa Incr.1 Pdl;
EC2X10E;eSOLVER Area Ciclo Passivo - ESTESA;
EC2X10.11;eSOLVER Approvvigionamenti per commessa;
EC2X10.08;eSOLVER Gestione Budget Acquisti incr.1 pdl;
EC2X10.06;eSOLVER Controllo fatture di Trasporto;
EC2X10.05;eSOLVER Gestione Conto Lavoro Passivo;
EC2X10.04;eSOLVER Gestione Contratti Fornitori Incr.1pdl;
EC2X10.02;eS Richieste di acquisto-Incr.Cl.D;
EC2X05E;ESOLVER Area Ciclo Passivo-ESTESA Incr.1 Pdl Cl.5;
EC2X05B;ESOLVER Area Ciclo Passivo Incr.1 Pdl;
EC2X05.11;ESOLVER Approvvigionamenti per commessa - pdl agg;
EC2X05.10;eS Approvvig.per magazz/su ordine-Incr 1 pdl Cl.5;
EC2X05.06;eS Controllo fatture di Trasporto Incr.1 PL CL.C;
EC2X05.05;eSOLVER Gest. Conto Lavoro Passivo Incr. 1 p cl. 5;
EC2X05.02;ESOLVER Richieste di acquisto-Incr.Cl.C;
EC215E;eSOLVER Area Ciclo Passivo - ESTESA;Classe E fino a 15
EC215.11;eSOLVER Approvvigionamenti per commessa;Classe E fino a 15
EC215.06;eSOLVER Controllo fatture di Trasporto;Classe E fino a 15
EC215.05;eSOLVER Gestione Conto Lavoro Passivo;Classe E fino a 15
EC215.04;eSOLVER Gestione Contratti Fornitori;Classe E fino a 15
EC215.03;ESOLVER Modulo Ordini Aperti Fornitori -15 PDL;
EC215.02;eSOLVER Richieste di acquisto;Classe E fino a 15
EC210E;eSOLVER Area Ciclo Passivo - ESTESA;
EC210B;ESOLVER Area Ciclo Passivo - Base;
EC210.11;eSOLVER Approvvigionamenti per commessa;
EC210.08;ESOLVER Gestione Budget Acquisti 10 pdl;
EC210.07;ESOLVER Solleciti a Fornitori;
EC210.06;eSOLVER Controllo fatture di Trasporto;
EC210.05;eSOLVER Gestione Conto Lavoro Passivo;
EC210.04;ESOLVER Gestione Contratti Fornitori - 10PdL;
EC210.03;eSolver Ordini Aperti Fornitori;
EC210.02;eS Richieste di acquisto-Cl.D 10 PdL;
EC205E;ESOLVER Area Ciclo Passivo - ESTESA 5 Pdl;
EC205B;AREA CICLO PASSIVO;
EC205.11;ESOLVER Approvvigionamenti per commessa;
EC205.10;eS Approvvigion.per magazzino e su ordine-5 Pdl;
EC205.08;eSOLVER Gestione Budget Acquisti;eSOLVER Gestione Budget Acquisti
EC205.07;ESOLVER Solleciti a Fornitori C;
EC205.06;eSOLVER Controllo fatture di Trasporto;
EC205.05;ESOLVER Gestione Conto Lavoro Passivo;
EC205.04;eSOLVER Gestione Contratti Fornitori;
EC205.03;eSOLVER Ordini aperti Fornitori Cl. fino a 5;
EC205.02;ESOLVER Richieste di acquisto-Cl.C 5 PdL;
EC203E;eSOLVER Area Ciclo Passivo - ESTESA 3 Pdl;
EC203B;ESOLVER AREA CICLO PASSIVO;
EC203.11;ESOLVER Approvvigionamenti per commessa 3pdl;
EC203.10S;eSOLVER Approvvigion.per magazzino/su ordine-START;
EC203.10;ESOLVER Approvvig. per magazzino e su ordine;
EC203.08;eSOLVER Gestione Budget Acquisti 3 pdl;Classe B fino a 3
EC203.07;ESOLVER Solleciti a Fornitori;
EC203.05;ESOLVER Gestione Conto Lavoro Passivo;
EC203.04;eSOLVER Gestione Contratti Fornitori;
EC203.03;Esolver Ordini Aperti Fornitori 3pdl;
EC203.02;ESOLVER Richieste di Acquisto;
EC1X15.01;ESOLVER Preventivi Fornitori Incr. 1 pdl;
EC1X10.01;eSOLVER Preventivi Fornitori Incr. 1 p cl. 10;
EC1X05.01;eSOLVER Preventivi Fornitori Incr. 1 p cl. 5;
EC115.01;eSOLVER Preventivi Fornitori;Classe E fino a 15
EC110.01;ESOLVER Preventivi Fornitori Cl. fino a 10;
EC105.06;eSolver Fatture Fornitori;
EC105.05;eSOLVER Ricevimento Merci Cl. fino a 5pdl;
EC105.01;Preventivi Fornitori;
EC103.06;ESOLVER Fatture fornitori;
EC103.02;eSOLVER Ordini Fornitori 3 pdl;
EC103.01;ESOLVER Preventivi Fornitori;
EC101.01S;eSOLVER Preventivi Fornitori - START;
EC05B;ESOLVER AREA CICLO PASSIVO BASE;
EC03B;ESOLVER Area Ciclo Passivo;
EB6X15.03;eSOLVER Gestione Opportunità 1 pdl agg;
EB6X15.02;eSOLVER Comunicazioni Marketing - Incr. Cl. 15;
EB6X15.01;eSOLVER Gestione Relazioni 1pdl agg;
EB6X10.03;eSOLVER Gestione Opportunità;Incremento 1 posto classe D
EB6X10.02;eSOLVER Comunicazioni Marketing;Incremento 1 posto classe D
EB6X10.01;eSOLVER Gestione Relazioni;Incremento 1 posto classe D
EB6X05.03;eSOLVER Gestione OpportunitÓ - Incr. Cl.5;
EB6X05.02;eSOLVER Comunicazioni Marketing . Incr. CL. 5;
EB6X05.01;eSOLVER Gestione Relazioni PL aggiuntivo;
EB615.03;ESOLVER Gestione Opportunità - 15 Pdl;
EB615.02;eSOLVER Comunicazioni Marketing - 15 Pdl;
EB615.01;ESOLVER Gestione Relazioni 15pdl;
EB610.03;eSOLVER Gestione Opportunità - 10 Pdl;Classe D fino a 10
EB610.02;eSOLVER Comunicazioni Marketing - 10 Pdl;Classe D fino a 10
EB610.01;ESOLVER Gestione Relazioni - pass.cl. D;
EB605.03;eSOLVER - Gestione Opportunità;
EB605.02;eSOLVER - Comunicazioni Marketing;
EB605.01;ESOLVER Gestione Relazioni;
EB603.03;ESOLVER Gestione Opportunità B;
EB603.02;eSOLVER Comunicazioni Marketing;
EB603.01;ESOLVER Gestione Relazioni;
EB5X15.04;eSOLVER Controllo Incassi Agente;
EB5X15.03;eSOLVER Gestione Enasarco;
EB5X15.01;eSOLVER Gestione Provvigioni;
EB5X10.03;ESOLVER Gestione Enasarco - Posto Agg. 2;
EB5X10.01;ESOLVER Gestione Provvigioni - Posti Agg. 2;
EB5X05.04;ESOLVER Controllo Incassi Agente Incr.1pdl;
EB5X05.03;eSOLVER Gestione Enasarco - Incr. Cl. 5;
EB5X05.01;eSOLVER Gestione Provvigioni - Incr. Cl. 5;
EB515.08;eSOLVER App Rete Agenti- Automazione Forza Vendita;
EB515.04;eSOLVER Controllo Incassi Agente;
EB515.03;eSOLVER Gestione Enasarco;
EB515.01;eSOLVER Gestione Provvigioni;
EB510.06;App Rete Agenti 10 utenti;
EB510.04;eSOLVER Controllo Incassi Agente - 10 Pdl;
EB510.03;ESOLVER Gestione Enasarco - 10 Pdl;
EB510.01;ESOLVER Gestione Provvigioni;
EB505.04;ESOLVER Controllo Incassi Agente;
EB505.03;eSOLVER Gestione Enasarco - 5 Pdl;
EB505.01;eSOLVER Gestione Provvigioni - 5 Pdl;
EB503.05;ESOLVER Integrazione App Rete Agenti-Sol.Integr.;
EB503.04;ESOLVER Controllo incassi Agente;
EB503.03S;ESOLVER Gestione Enasarco;
EB503.03;ESOLVER Gestione Enasarco;
EB503.01S;ESOLVER Gestione provvigioni;
EB503.01;ESOLVER Gestione Provvigioni 3pdl;
EB502.03S;ESOLVER Gestione Enasarco START 2;
EB502.01S;ESOLVER Gestione Provvigioni START 2;
EB501.01S;eSOLVER Gestione Provvigioni - START;
EB3X15E;eSOLVER Area Ciclo Attivo -ESTESA Incr.1 Pdl Cl.15;
EB3X15B;eSOLVER Area Ciclo Attivo - BASE  Incr.1pdl Cl.E;
EB3X10E;eSOLVER Area Ciclo Attivo - ESTESA;Incremento 1 posto classe D
EB3X10B;eSOLVER Area Ciclo Attivo - BASE  Incr.1 Pdl Cl.10;
EB3X05E;ESOLVER Area Ciclo Attivo Estesa 1 pdl agg.;
EB3X05B;eSOLVER Area Ciclo Attivo - BASE  Incr.1 Pdl Cl.5;
EB315E;ESOLVER Area Ciclo Attivo Estesa 15pdl;
EB315B;eSOLVER Area Ciclo Attivo - BASE Cl.E;
EB310E;ESOLVER Area Ciclo Attivo 10 PDL;
EB310B;eSOLVER Area Ciclo Attivo - BASE 10 Pdl;
EB305E;eSOLVER Area Ciclo Attivo - ESTESA;
EB305B;eSOLVER Area Ciclo Attivo - BASE 5Pdl;
EB303E;eSOLVER Area Ciclo Attivo - ESTESA;
EB303B;eSOLVER Area Ciclo Attivo - BASE 3 Pdl;
EB2X15.20;eSOLVER Gestione Kit Commerciale;
EB2X15.13;eSOLVER EDI - Documenti su Tracciato EURITMO;
EB2X15.10;eSOLVER Gestione Conto Lavoro Attivo - Inc. Cl. 15;
EB2X15.08;eSOLVER Agroalimentari-Gestione art.62 L.27/2012;
EB2X15.07;eSOLVER Gestione Budget Vendite Incr.1pdl;
EB2X15.06;eSOLVER Ordini di spedizione;
EB2X15.05;eSOLVER Ordini aperti clienti Incr. 1 p cl. 15;
EB2X15.03;ESOLVER Gest. Add. e contr. Amb. Incr.1pdl;
EB2X15.02;eSOLVER Gestione Promozioni Incr.1pdl;
EB2X10B;ESOLVER Area Ciclo Attivo BASE - 1PdL agg;
EB2X10.32;eSOLVER DDT in formato PEPPOL;incremento 1 pdl
EB2X10.20;eSOLVER Gestione Kit Commerciale;Incremento 1 posto classe D
EB2X10.13;ESOLVER EDI - Doc.su Tracciato EURITMO-Incr.Cl.D;
EB2X10.10;eSOLVER Gestione Conto Lavoro Attivo;Incremento 1 posto classe D
EB2X10.08;ESOLVER Agroaliment-Gest.art.62 L.27/2012-Inc.1pdl;
EB2X10.07;eSOLVER Gestione Budget Vendite incr. 1 pdl;
EB2X10.06;ESOLVER Ordini di Spedizione - Posto Agg. 2;
EB2X10.05;ESOLVER Ordini Aperti Clienti Incr. 1p cl. 10;
EB2X10.03;eSOLVER Gestione addebiti e contributi ambientali;Incremento 1 posto classe D
EB2X10.02;ESOLVER Gest. promozioni - Posto Agg. 2;
EB2X05B;ESOLVER Area Ciclo Attivo Base Incr.1 Pdl;
EB2X05.20;eSOLVER Gestione Kit Commerciale-Incr. 1 Pdl Cl.5;
EB2X05.13;eSOLVER EDI - Doc.su Tracciato EURITMO-Incr.Cl.C;
EB2X05.10;eSOLVER Gestione Conto Lavoro Attivo;
EB2X05.08;eSOLVER Agroaliment-Gest. art.62 L.27/2012-In. 5;
EB2X05.06;eSOLVER Ordini di spedizione Incr.1p cl.5;
EB2X05.03;eSOLVER Gest. Add. e contr. Amb. Incr. 1 p cl. 5;
EB2X05.02;eSOLVER Gestione Promozioni Incr.1 cl.5;
EB215.20;eSOLVER Gestione Kit Commerciale;
EB215.13;eSOLVER EDI - Documenti su Tracciato EURITMO;
EB215.10;ESOLVER Gestione Conto Lavoro Attivo 15pdl;
EB215.08;eSOLVER Agroalimentari-Gestione art.62 L.27/2012;
EB215.07;ESOLVER Gestione Budget Vendite 15pdl;
EB215.06;eSOLVER Ordini di spedizione;
EB215.05;eSOLVER Ordini aperti clienti Cl. fino a 15;
EB215.03;eSOLVER Gestione addebiti e contrib ambient. Cl.E;
EB215.02;eSOLVER Gestione Promozioni 15pdl;
EB210B;ESOLVER Area Ciclo Attivo - 10PdL;
EB210.32;eSOLVER DDT in formato PEPPOL;10 PDL
EB210.20;ESOLVER Gestione Kit Commerciale CL.D;
EB210.13;ESOLVER EDI - Documenti su Tracciato EURITMO;
EB210.10;ESOLVER Gestione Conto Lavoro Attivo;
EB210.08;ESOLVER Agroalim.Gest.art. 62 L.27/2012 - 10PdL;
EB210.07;eSOLVER Gestione Budget Vendite;
EB210.06;ESOLVER Ordini di Spedizione;
EB210.05;ESOLVER Ordini Aperti Clienti 10 PDL;
EB210.03;ESOLVER Gestione Addebiti e Contributi Ambientali;
EB210.02;ESOLVER Gestione Promozioni;
EB205E;ESOLVER AREA CICLO ATTIVO;
EB205.20;ESOLVER Gestione Kit Commerciale-5 Pdl;
EB205.13;ESOLVER EDI - Documenti su tracciato EURITMO;
EB205.10;ESOLVER Gestione Conto Lavoro Attivo;
EB205.08;ESOLVER Agroalimentari Gest. art62 L27/2012;
EB205.07;eSOLVER Gestione Budget Vendite;
EB205.06;ESOLVER Ordini di Spedizione;
EB205.05;ESOLVER Ordini aperti clienti;
EB205.03;Esolver Gestione Addebiti e Contributi Ambientali;
EB205.02;ESOLVER Gestione Promozioni;
EB205.01;ESOLVER Listini Vendite e Politiche Commerciali;
EB203E;ESOLVER Area Ciclo Attivo;Estesa
EB203B;ESOLVER AREA CICLO ATTIVO;
EB203.20S;ESOLVER Gestione Kit Commerciale - START;
EB203.20;eSOLVER Gestione Kit Commerciale-3 Pdl;
EB203.10;ESOLVER Gestione Conto Lavoro Attivo;
EB203.08;ESOLVER Agroalimentari Gestione art. 62 L. 27/2012;
EB203.07;eSOLVER Gestione Budget Vendite 3 pdl;Classe B fino a 3
EB203.06;ESOLVER Ordini di Spedizione;
EB203.05;ESOLVER Ordini Aperti Clienti 3 PDL;
EB203.03;ESOLVER Gestione Addebiti e contributi ambientali;
EB203.02;eSOLVERGest. Promozioni Cl. fino a 3;
EB201S;ESOLVER Area Ciclo Attivo START A1;
EB2015.03;ESOLVER Gest. Add. e Contr. Ambientali 15pdl;
EB1X15.09;ESOLVER Gestione documenti NSO-15 Pdl incr.1pdl;
EB1X15.05;eSOLVER Fatturazione automatica da Ordini;
EB1X15.01;eSOLVER Preventivi a Clienti;
EB1X10.05;ESOLVER Fatturaz. aut. da Ordini Incr. 1 p cl. 10;
EB1X10.01;ESOLVER Preventivi a Clienti Incr. 1 p cl. 10;
EB1X05.05;eSOLVER Fatturaz. aut. da Ordini Incr. 1 p cl. 5;
EB1X05.01;eSOLVER Preventivi a Clienti Incr. 1 p cl. 5;
EB115.09;ESOLVER Gestione documenti NSO-15 Pdl;
EB115.05;eSOLVER Fatturazione automatica da Ordini;
EB115.01;eSOLVER Preventivi a Clienti;
EB110.09;ESOLVER Gestione documenti NSO-10 Pdl;
EB110.05;eSOLVER Fatturaz. aut. da Ordini Cl. fino a 10;
EB110.01;ESOLVER Preventivi a Clienti;
EB10E;ESOLVER AREA CICLO ATTIVO ESTESA;
EB105.07;ESOLVER Gestione Flussi FTE Attive 5 pdl;
EB105.05;Fatturazione Automatica da Ordini;
EB105.04;eSolver Fatturazione Clienti;
EB105.03;ESOLVER Documenti di Trasporto 5 pdl;
EB105.01;ESOLVER Preventivi a Clienti;
EB103.09;ESOLVER Gestione documenti NSO 3pdl;
EB103.07;eSOLVER Gestione Flussi FTE Attive- 3 Pdl;
EB103.05;ESOLVER Fatturazione Automatica da Ordini 3pdl;
EB103.04;ESOLVER Fatturazione clienti Cl.B;
EB103.01S;ESOLVER Preventivi a Clienti;
EB103.01;ESOLVER Preventivi a Clienti 3pdl;
EB102.01S;ESOLVER Preventivi a Clienti - START;
EB05B;ESOLVER AREA CICLO ATTIVO BASE;
EB010SP;Eaton Eaton Easy Battery+ batteria di ricambio;12 V, 2 x 6V / 9Ah, per 5P
EATS16;Eaton-ATS 16-Switch di rindondanza;
EA4X15.02;ESOLVER Riconc.Estratto Conto Bancario Incr.1pdl;
EA4X15.01;ESOLVER  Rapp. Bancari e Linee di Cred. Incr 1pdl;
EA4X10.02;eS Riconc.Estratto Conto Bancario-Incr.Cl.D;
EA4X10.01;eS Rapporti Bancari e Linee di Credito-Incr.Cl.D;
EA4X05.04;eSolver Anticipazioni Bancarie-Incr.Cl.C;
EA4X05.02;eSolver Riconc.Estratto Conto Bancario-Incr.Cl.C;
EA4X05.01;eSolve Rapporti Bancari Linee di Credito-Incr.Cl.C;
EA415.04;eSOLVER Anticipazioni Bancarie 15pdl;
EA415.02;eSOLVER Riconciliaz. Estratto Conto Bancario Cl.E;
EA415.01;eSOLVER Rapporti Bancari e Linee di Credito Cl.E;
EA410.02;eS Riconc.Estratto Conto Bancario-Cl.D 10 PdL;
EA410.01;eS Rapporti Bancari e Linee di Credito-Cl.D 10 PdL;
EA405.04;ESOLVER Anticipazioni Bancarie;
EA405.02;ESOLVER Riconciliazione Estratto Conto Bancario;
EA405.01;ESOLVER Rapporti Bancari e Linee di Credito;
EA403.04;ESOLVER Anticipazioni Bancarie 3pdl;
EA403.02;ESOLVER Riconciliaz. Estratto Conto Bancario 3pdl;
EA403.01;ESOLVER Rapporti Bancari e Linee di Credito 3pdl;
EA3X15E;eSOLVER Area Amministrativa ESTESA Incr.1pdl Cl.E;
EA3X10E;eS Area Amministrativa ESTESA Incr.1 Pdl Cl.10;
EA3X05E;eSolver Area Amministrativa ESTESA Incr.1 Pdl Cl.5;
EA3X05B;eSOLVER Area Amministrativa BASE-Incr.1 Pdl Cl.5;
EA315E;eSOLVER Area Amministrativa ESTESA Cl.E;
EA310E;eSOLVER Area Amministrativa ESTESA 10 Pdl;
EA305E;eSOLVER Area Amministrativa ESTESA;
EA305B;eSOLVER Area Amministrativa BASE;
EA303E;eSOLVER Area Amministrativa ESTESA 3Pdl;
EA303B;eSOLVER Area Amministrativa BASE-3 Pdl;
EA2X15.09;ESOLVER Rinegoziaz.Scadenze di Pag. Incr.1pdl;
EA2X10.10;eSOLVER Elaborazioni Partite Multiaziendali;
EA2X10.09;eSOLVER Rinegoziazione Scadenze di Pagamento;
EA2X10.08;eSOLVER Compensazione Partite Clienti e Fornitori;incr.Cl.D
EA2X10.06;eSOLVER Gestione solleciti di pagamento;
EA2X10.05;eS Analisi tempi di pagamento e gestione interessi;
EA2X10.04;eSOLVER Acquisizione insoluti;
EA2X05.10;eSOLVERElaborazioniPartiteMultiaziendali PL Agg.;
EA2X05.08;eSOLVERCompensazionePartiteClientiFornitoriPL Ag;
EA2X05.06;eSOLVER Gest. solleciti di pagam. Incr. 1 p cl. 5;
EA2X05.04;eSOLVER Acquisizione insoluti Incr. 1 p cl. 5;
EA2X05.03;eSOLVER Gestione Cambiali-Increm.1pl Classe C;
EA215.10;eSOLVER Elaborazioni Partite Multiaziendali 15pdl;
EA215.08;eSOLVER Compensaz. Partite Clienti/Fornitori 15pdl;
EA210E;ESOLVER Area Amministrativa Estesa - 10PdL;
EA210.10;ESOLVER Elabor. Partite Multiaziendali - 10PdL;
EA210.09;eSolver Rinegoziaz.Scad. di Pagamento-Cl.D 10 Pdl;
EA210.08;ESOLVER Compensaz. Partite Clienti e Forn. - 10PdL;
EA210.06;eSOLVER Gest. solleciti di pagam. Cl. fino a 10;
EA210.05;eSolver Analisi tempi pag.-gest.inter. mora 10 PL;
EA210.04;eSOLVER Acquisizione insoluti Cl. fino a 10;
EA205E;eSOLVER Area Amministrativa ESTESA;
EA205B;eSOLVER Area Amministrativa;
EA205.10;ESOLVER Elaborazioni Partite Multiaziendali;
EA205.09;ESOLVER Rinegoziazione Scadenze di Pagamento;
EA205.08;ESOLVER Compensazione Partite Clienti e Fornitori;
EA205.06;ESOLVER Gestione Solleciti di Pagamento;
EA205.05;ESOLVER Analisi tempi pag.gest.interessi di mora;
EA205.04;ESOLVER Acquisizione Insoluti;
EA205.03;Gestione Cambiali;
EA205.02;Gestione Movimenti di Cassa;
EA203E;ESOLVER Area Amministrativa ESTESA;
EA203B;ESOLVER AREA AMMINISTRATIVA;
EA203.10;eSOLVER Elaborazioni Partite Multiaziendali;
EA203.09;Rinegoziazione Scadenze di Pagamento;
EA203.08;ESOLVER Compensazione Partite Clienti e Fornitori;
EA203.06;ESOLVER Gestione Solleciti di Pagamento;
EA203.05;ESOLVER Analisi tempi pag. e gest. interessi mora;
EA203.04S;ESOLVER Acquisizione Insoluti;
EA203.04;ESOLVER Acquisizione Insoluti;
EA203.02S;eSOLVER Gestione Movimenti di Cassa - START;
EA203.02;eSOLVER Gestione Movimenti di Cassa - 3 Pdl;
EA202.06S;ESOLVER Gestione solleciti di pagamento START2;
EA1Z25.03;ES Automaz. contab. con Sistemi AI incr.1 cl25pdl;
EA1Z20.03;ES Automaz. contab. con Sistemi AI incr.1 cl20pdl;
EA1Z15.03;ES Automaz. contab. con Sistemi AI incr.1 cl15pdl;
EA1Z10.03;ES Automaz. contab. con Sistemi AI incr.1 cl10pdl;
EA1Z05.03;ES Automaz. contab. con Sistemi AI incr.1 cl5pdl;
EA1Z03.03;ES Automaz. contab. con Sistemi AI incr.1 cl3pdl;
EA1X15.12;ESOLVER Plafond IVA Incr. 1 pdl;
EA1X15.08;ESOLVER Gestione Centri Analisi e Rib. Incr.1pdl;
EA1X15.05;eSOLVER Bilanci Gestionali  Incr.1pdl Cl.E;
EA1X10.17;eSOLVER Trasmiss. dati per 730 precomp. Incr.pdl;
EA1X10.12;eSOLVER Plafond IVA Incr. 1 p cl. 10;
EA1X10.08;eSOLVER Gestione Centri di Analisi e Ribaltamenti;Incr. Cl. 10
EA1X10.05;eSOLVER Bilanci Gestionali;
EA1X05.52;ESOLVER HUB Sistemi-Incr.Cl.C;
EA1X05.16;ESOLVER Integrazione GESCOM 1pdl agg.;
EA1X05.15;eSOLVER Adempimenti antielusione Incr.1pdl;
EA1X05.12;eSOLVER Plafond IVA Incr. 1 p cl. 5;
EA1X05.08;eSOLVER Gestione Centri di Analisi - Incr. Cl. 5;
EA1X05.05;eSOLVER Bilanci Gestionali Incr. 1 p cl. 5;
EA1DX03.50;ESOLVER HUB Sistemi/Fatture increm. 250 doc/mese;
EA1D33.50;ESOLVER Hub Sistemi Fatture;Cl. 10.000 doc. mese
EA1D23.50;ESOLVER HUB Sistemi/Fatture 2000 Doc/mese;
EA1D21.50;ESOLVER HUB Sistemi/Fatture 1000 doc/mese;
EA1D19.50;ESOLVER Hub Sistemi/Fatture 750 Doc/mese;
EA1D17.50;ESOLVER HUB Sistemi/Fatture;
EA1D15.50;ESOLVER HUB Sistemi/Fatture 400 Doc/mese;
EA1D13.50;ESOLVER HUB Sistemi/Fatture 300 doc/mese;
EA1D11.50;ESOLVER HUB Sistemi/Fatture 200 doc. mese;
EA1D09.50;ESOLVER HUB Sistemi/Fatture fino a 150 doc/mese;
EA1D07.50;ESOLVER HUB Sistemi/Fatture 100 doc/mese;
EA1D05.50;ESOLVER HUB Sistemi/Fatture fino a 75 doc/mese;
EA1D03.50;ESOLVER HUB Sistemi/Fatture 50 doc./mese;
EA125.03;ES Automazione contabilità con Sistemi AI 25pdl;
EA120.03;ES Automazione contabilità con Sistemi AI 20pdl;
EA115.12;eSOLVER Plafond IVA Cl.E;
EA115.08;eSOLVER Gestione Centri di Analisi e Ribalt. Cl.E;
EA115.05;eSOLVER Bilanci Gestionali Cl.E;
EA115.03;ES Automazione contabilità con Sistemi AI 15pdl;
EA110.52;eSOLVER HUB Sistemi 10 pdl;
EA110.40;ESOLVER Gestione Integrata Fattura Elettronica;Classe D
EA110.18;ESOLVER Tracciabilità Flussi Finanziari - 10PdL;
EA110.17;eSOLVER Trasmiss.spese per 730 precompilato-10 Pdl;
EA110.12;ESOLVER Plafond IVA - 10PdL;
EA110.08;ESOLVER Centri di Analisi e Ribaltamenti - 10PdL;
EA110.05;ESOLVER Bilanci Gestionali - 10PdL;
EA110.03;ES Automazione contabilità con Sistemi AI 10pdl;
EA105.52;eSOLVER HUB Sistemi cl.C;
EA105.44;ESOLVER Acquisiz. e Contabilizzazione FTE Passive;
EA105.42;ESOLVER Gestione Flussi FTE Attive C;
EA105.40;ESOLVER Gestione Integrata Fattura Elettronica C;
EA105.19;eSOLVER HUB Sistemi/Adempimenti antielusione;Classe C fino a 5
EA105.18;ESOLVER TracciabilitÓ flussi finanziari;
EA105.17;ESOLVER Trasmiss.spese per 730 precompilato-5 Pdl;
EA105.16;Integrazione GESCOM;
EA105.15;ESOLVER Adempimenti Antielusione Classe C;
EA105.12;eSOLVER Plafond IVA Cl. fino a 5;
EA105.08;eSOLVER Gestione Centri di Analisi - 5 Pdl;
EA105.07;ESOLVER Contabilità Analitica Base-Cl.C 5 PdL;
EA105.05;eSOLVER Bilanci Gestionali Cl. fino a 5;
EA105.03;ES Automazione contabilità con Sistemi AI 5pdl;
EA103.52;eSOLVER HUB Sistemi-3 Pdl;
EA103.40S;ESOLVER Start 3 Gestione Fattura Elettronica;
EA103.40;ESOLVER Gestione Integrata fattura Elettronica B;
EA103.19;ESOLVER HUB Sistemi adempimenti antielusione;
EA103.18;ESOLVER Tracciabilità Flussi Finanziari;
EA103.17;ESOLVER Trasmissione Spese per 730 precompilato;
EA103.16S;INTEGRAZIONE GESCOM eSOLVER - Cl.START 3PL;
EA103.16;ESOLVER integrazione Gescom;
EA103.15;ESOLVER Adempimenti antielusione-Cl.B;
EA103.13;ESOLVER Gestione IVA sul Margine;
EA103.12S;ESOLVER Plafond IVA;
EA103.12;ESOLVER Plafond IVA;
EA103.09;ESOLVER Gestione Beni Ammortizzabili B;
EA103.08S;ESOLVER Gestione Centri di Analisi - START 3 PL;
EA103.08;ESOLVER Gestione Centri Analisi e Ribalt. 3pdl;
EA103.07;eSOLVER Contabilit. Analitica;
EA103.05;eSOLVER Bilanci Gestionali Cl. fino a 3;
EA103.03;ES Automazione contabilità con Sistemi AI 3pdl;
EA102.40S;ESOLVER Gest.Integrata Fattura Elettronica-START2;
EA102.18S;ESOLVER Tracciabilità Flussi Finanziari START2;
EA102.16S;INTEGRAZIONE GESCOM eSOLVER - START 2;
EA102.12S;eSOLVER Plafond IVA - START 2;
EA101.52S;Esolver HUB Sistemi START 1;
EA101.44S;ESOLVER Acquisiz. e Contabil. FTE Passive - START;
EA101.40S;ESOLVER Gest. integr. Fattura Elettron. Esolver A1;
EA101.03S;ES Automazione contabilità con Sistemi AI START1;
EA05B;ESOLVER AREA AMMINISTRATIVA BASE;
EA03B;ESOLVER Area Amministrativa;
E7Y71A;HP 3PAR 8000 SFF(2.5IN) FLD INT ENCLOS configurato;
E7Y55A;HP M6710 480GB 6G SAS 2.5IN CMLC SSD;
E7X97A;HP 3PAR 7000 4-PT 1GB ETH ADAPTER;
E7X67A;HP 3PAR STORESERV 7200C 2N;
E6U64ABE;HP ILO ADVANCED INCLUDING 3YR 24X7 ELECTRONIC;
E6U59ABE;HPE iLO Advanced 1Server incl 1Y 24x7 TS U E-LTU;
E5Y43A;HP ONEVIEW INCL 3YR 24X7 SUPP FIO BUNDLE PHYS 1 SV;
E5E76AA;HP X500 Mouse cablato ottico colore Nero 600 dpi;
E4U30AA;HP ELITE DISPLAY E190I IPS;
E3E03A;HP OFFICEJET PRO 6230;
E150GS;eSOLVER Gestione Soci Cooperative-Fino 150 Soci;
E10G30-F2;Synology Dual-Port E10g21-F2 10gbe Sfp+ Add-On Car;
E10G21-F2;Synology Dual-Port E10g21-F2 10gbe Sfp+ Add-On Car;
E10G18-T1;Synology E10G18-T1 adatt. Ethernet1 RJ45 10 GBit/s;
E10341;INCOLLATRICE COLLA A CALDO 8 MM;
E100X150RFID;Etichette 100x150 mm RFID UHF bianche;
E100X150PPLWG;ZEBRA 100x50 mm PPL Bianco Lucido Perm.;stampa 1 colore fondo verde - 25/120 - 5.000 etichette
E100X150PPLW;ZEBRA 100x50 mm PPL Bianco Lucido Perm.;Neutre - 25/120 - 5.000 etichette
E0X95AA;HP Intel Ethernet I210-T1 GBE NIC per serie 800;
E0QYPLL;IBM Business Automation Workflow Enterprise;IBM Business Automation Workflow Enterprise Virtual Processor Core SW Subscription and Support Renewal 12 Months
E0PMHLL;IBM Cloud Pak for Business Automation;Virtual Processor Core Annual SW Subscription & Support Renewal 12 Months
E0P9LLL;IBM Business Automation Workflow Enterprise;for Non-Production Environment Processor Value Unit (PVU) Annual SW Subscription & Support Renewal 12 Months
E0P9JLL;IBM BUSINESS AUTOMATION WORKFLOW ENTERPRISE;IBM BUSINESS AUTOMATION WORKFLOW ENTERPRISE PROCESSOR VALUE UNIT (PVU) ANNUAL SW SUBSCRIPTION & SUPPORT RENEWAL 12 MONTHS
E0LWGLL;IBMSpectrumProtectExtEd10Proc1YSWSub&SuppRnw;
E0LWBLL;IBM Spectrum Protect for DB 10Proc;
E0DV8LL;IBM Rational Software Architect Designer Authorize;User Annual SW Subscription & Support Renewal
E0DUULL;IBM Engineering Workflow Management Developer;for Workgroups Starter Pack 10 Authorized User Single Install Annual SW Subscription & Support Renewal
E0BRLLL;IBM INTEGRATION DESIGNER PER AUTHORIZED USER;IBM INTEGRATION DESIGNER PER AUTHORIZED USER ANNUAL SW SUBSCRIPTION & SUPPORT RENEWAL
E0BDDLL;IBM BIGFIX LIFECYCLE CLIENT DEVICE ANNUAL SW SUBSC;
E0AQ5LL;IBM Engineering Workflow Management Developer;Floating User Single Install Annual SW Subscription & Support Renewal
E0AQ3LL;IBM Engineering Workflow Management Contributor;Floating User Single Install Annual SW Subscription & Support Renewal
E0AMCLL;IBM Engineering Workflow Management Developer;for Workgroups Authorized User Single Install Annual SW Subscription & Support Renewal
E077BLL;IBM Engineering Lifecycle Optimization Publishing;Authorized User Annual SW Subscription & Support Renewal
E075NLL;IBM Engineering Requirements Management DOORS;family Floating User SW Subscription & Support Renewal
E074XLL;IBM Engineering Requirements Management DOORS;family Authorized User SW Subscription & Support Renewal
E05M7LL;IBM Engineering Test Management Quality;Professional Authorized User Single Install Annual SW Subscription & Support Renewal
E052E;ESOLVER Gestione Sistema Versione Estesa;
E02Z1LL;HCL Websphere Portal Server AnnualSW Subscription;
E02VTLL-R;Renewal Maintenance for Portal Subscription;
E02VTLL;HCL WebsphirePortalServer2AuthorizedUsers;
E027NLL;IBM License Metric Tool per Estab. Ann SW Maint Rn;
E026GLL;IBM Web Content Manager Annual SW Subscription;
E025QLL;IBM WebSphere Appl Srvr Value Unit Ann SW Maint Re;
E01TYLL;IBM WEBSPHERE ADAPTER FOR SAP;IBM WEBSPHERE ADAPTER FOR SAP SOFTWARE APPLICATION INSTANCE ANNUAL SW SUBSCRIPTION & SUPPORT RENEWAL
E012DLL;IBM Rational Functional Tester Floating User;Annual SW Subscription & Support Renewal
E00ZZLL;HCL Notes with Collab. Express User SW Maint Rnwl;
DZH318Z0BPS6:0001:P1M:M;Microsoft Azure Plan;
DW-SFP10G40-31#44006;FS C31 10G DWDM SFP+ 100GHz 1552.52nm 40km;DOM Duplex LC SMF Modulo Transceiver per la Trasmissione per Switch FS
DW-SFP10G40-30#44005;FS C30 10G DWDM SFP+ 100GHz 1553.33nm 40km;DOM Duplex LC SMF Modulo Transceiver per la Trasmissione per Switch FS
DW-SFP10G40-29#44004;FS C29 10G DWDM SFP+ 100GHz 1554.13nm 40km;DOM Duplex LC SMF Modulo Transceiver per la Trasmissione per FS Switch
DW-SFP10G40-28#44003;FS C28 10G DWDM SFP+ 100GHz 1554.94nm 40km;DOM Duplex LC SMF Modulo Transceiver per la Trasmissione per FS Switch
DW-SFP10G40-27#44002;FS Transceiver C27 10G DWDM SFP+ 100GHz;1555.75nm 40km DOM Duplex LC SMF Modulo Transceiver per la Trasmissione per Switch
DWR-932W;D-LINK HOTSPOT MOBILE WI-FI 4G LTE 150MBPS;
DWR-932;MOBILE WI-FI 4G HOTSPOT 150 MBPS;
DWR-921;D-LINK 4G LTE Router Embedded LTE/HSPA Module;
DWDMSFP10G-40#50416;FS H3C C30 Compatible SFP+ 10G DWDM 1553.33nm;100GHz 40km DOM Duplex LC/UPC SMF Optical Transceiver Module for Transmission
DWDM-SFP10G-40;H3C C30 DWDM-SFP10G-53.33-40 modulo ottico;
DUB-E250;D-Link Adattatore di rete USB-C a Ethernet 2,5Gb;Adattatore di rete - USB-C / Thunderbolt 3 - 2.5GBase-T x 1 USB-C TO 2.5G ETHERNET ADAPTER IN
DTXON/256GB;Kingston DataTraveler Onyx Chiavetta USB 256GB;Chiavetta USB - 256GB - USB 3.2 Gen 1 Colore nero opaco
DTX/64GB;Kingston pen disk usb 3.2 64gb datatraveler exodia;
DTX/32GB;32GB KINGSTON DATATRAVELER EXODIA USB 3.2 GEN 1;
DTX/256GB;KINGSTON Datatraveler Exodia 256Gb Usb 3.2 Gen1;USB 3.2 Gen 1 SuperSpeed (5 Gbps) Type-A - Garanzia 24 mesi
DTX/128GB;KINGSTON Datatraveler Exodia 128Gb Usb 3.2 Gen;
DTW-423313;Datwyler Patch Cord Duplex LCD/LCD E9, 3 m;
DTKN/64GB;Kingston 64GB Usb3.2 Metal Datatraveler Kyson;
DTKN/32GB;Kingston 32gb Usb3.2 Metal Datatraveler Kyson;
DTIG4/32GB;KINGSTON 32GB USB 3.0 DATATRAVELER I G4 - RED;
DTA-94A150071;SINGLE SLOT DOCK DL-AXIST USB C/ALIM NO LINE CORD;
DT70/256GB;KINGSTON Datatraveler 70 256GB USB-C 3.2 Gen 1;Chiavetta USB Velocità di classe USB 3.2 Gen 1 - 5 anni di garanzia
DT70/128GB;Kingston USB Key DataTraveler 70 128 GB;USB-C 3.2 Gen 1
DT100G3/64GB;KINGSTON 64GB USB 3.0 DATATRAVELER 100 G3;
DT100G3/32GB;KINGSTON 32GB USB 3.0 DATATRAVELER 100 G3;
DS-K1TA70MI-T;Terminale rilevazione temperatura corporea;
DS8108SR7U2100A;ZEBRA Lettore Barcode DS8108 2D CAVO USB INCLUSO;Brandeggiabile - Interfacce supportate: Emulazione Tastiera / RS232 / USB
DS8108SR00007ZZ;ZEBRA Lettore Barcode DS8108 2D solo lettore;Brandeggiabile - Interfacce supportate: Emulazione Tastiera / RS232 / USB
DS425+;Synology DiskStation NAS DS 4-BAY 3YW;Intel Celeron J4125 4-core 2.0 GHz, fino a 2.7 GHz - Garanzia 36 mesi
DS423+;SYNOLOGY Nas DS423+ Tower DS 4-BAY PLUS HDD/SSD;DiskStation NAS Numero Bay totali 4 SATA/SSD - Processore CELERON J4125 4core 2.0GHz fino a 2.7GHz - RAM installata 2GB DDR4 - Garanzia 36 mesi
DS3678-HP3U42A0SFW;Zebra Scanner Portatile Bluetooth DS3678-HP USBKit;Scanner per codici a barre portatile Bluetooth 4.0 - con decodifica - Garanzia limitata 3 anni
DS216SE;Synology DISKSTATION DS216SE;
DS1821P;SYNOLOGY NAS DS1821+ 8Bay;"Velocità LAN: 10/100/1000
    Numero porte USB : 4
    Formato Chassis: Tower
    Numero Bay Totali: 8
    Capacità Totale Dischi Inclusi: 0 Gb
    Numero Dischi Inclusi: 0
    Unità di memoria: SATA"
DP-760;Grandstream Ripetitore DECT per staz. base DP750;
DP-750;Grandstream DECT VoIP Base Station per DP-720;
DP-722;Grandstream DP-722, Cordless DECT da abbinare alle;
DP-720-REF;Grandstream Cordless DECT VoIP fino 10 account SIP;da abbinare a DP-750 - REFURBISHED
DP-720;Grandstream Cordless DECT VoIP fino 10 account SIP;
DP2VGA3;Adattatore DisplayPort a VGA;
DP2HDMM2MB;STARTECH.com Cavo DisplayPort a HDMI 2mt;
DP2HDMI2;STARTECH.com Adattatore DisplayPort a HDMI;
DP14VMM1M;STARTECH Cavo DisplayPort a 20 pin 1.4 M/M 1 Metro;Certificato VESA 8K (7680x4320p) 32,4 Gbps 60Hz HDR10 4K 120Hz (3840x2160p) Schermato
DN3023;DIGITUS ADATTATORE DA USB 3.0 A RETE ETH RJ45;
DN10130;Scheda di Rete PCI-Express Gigabit;
DK-2932-03;Digitus cavo FO PCord LC-PC to SC-PC Dupl OS2 3m;
DK1617030WH;Digitus cavo di rete UPS cat. 6 mt. 3 bianco;
DK1617020WH;Digitus cavo di rete UPS cat. 6 mt. 2 bianco;
DK1617010WH;Digitus cavo di rete UPS cat. 6 mt. 1 bianco;
DK1522070BL;DIGITUS CAVO RETE NON SCHERM.UTP CAT5E MT7 BLACK;
DK1522050BL;DIGITUS CAVO RETE SCHERM.UTP CAT5E 5mt. BLACK;
DK1522010BL;DIGITUS CAVO RETE SCHERM.UTP CAT5E MT1 BLACK;
DK1512100BL;DIGITUS CAVO RETE UTP 5E NONSCHERM MT. 10 BLACK;
DK1512050BL;DIGITUS CAVO RETE NON SCHERM.UTP CAT 5E MT5 BLACK;
DK1512030BL;DIGITUS CavoRete UTP CAT. 5E NERO Mt. 3;
DK1512020BL;DIGITUS CavoRete UTP CAT5E non schermato MT2 BLACK;
DK1512010BL;DIGITUS CavoRete 1M UTPC.5E Nero nonSchermato;
DK1512005BL;DIGITUS CAVO RETE UTP 5E NONSCHERM MT. 0,5BLACK;
DK15120025BL;Digitus cavo rete UTP cat5e non scherm 0.25m Black;
DK15120025;Digitus cavo rete UTP cat5e non scherm 0.25m Grey;
DIVI THEMES;elegant themes Divi Themes per Wordpress;All-In-One WordPress Theme & Visual Page Builder
DIGITAL-DL-CODE;Cisco Digital Download Code for Software License;
DH6-ABAA;Ascom d43 Basic, Dect Cordless Phone;
DG7GMGF0PWHT:0002;Microsoft Windows Server 2025 1 User CAL;Licenza Commerciale DG7GMGF0PWHT:0002:PU:OT:COM
DG7GMGF0PWHT;Microsoft Windows Server 2025 1 User CAL;
DG7GMGF0PWHC-0003;Windows Server 2025 Standard 16 Core License Pack;License Commercial MPN: DG7GMGF0PWHC:0003:PU:OT:COM
DG7GMGF0PWHC:0003;Windows Server 2025 Standard - 16 Core License Pac;
DG7GMGF0PWHB:0004;Microsoft Win.Serv.2025 RDS 1 User CAL COMMERCIAL;Windows Server 2025 Remote Desktop Services - 1 User CAL - Licenza perpetua Commerciale        DG7GMGF0PWHB:0004:PU:OT:COM
DG7GMGF0PWHB:0001;Microsoft Win.Serv.2025 RDS 1 Dev.CAL COMMERCIAL;Windows Server 2025 Remote Desktop Services - 1 Device CAL - Licenza perpetua Commerciale        DG7GMGF0PWHB:0001:PU:OT:COM
DG7GMGF0MF3T:0002;Microsoft SQL Server 2022 - 1 User CAL;Licenza perpetua Commerciale DG7GMGF0MF3T:0002:PU:OT:COM
DG7GMGF0M80J:0002;Microsoft SQL Server 2022 Standard Edition;Licenza perpetua Commerciale DG7GMGF0M80J:0002:PU:OT:COM
DG7GMGF0D7HX:0009;Microsoft Win.Serv. 2022 Rem.Desk.Serv. 1 User CAL;Windows Server 2022 Remote Desktop Services - 1 User CAL
DG7GMGF0D7HX:0006;Microsoft Win.Serv.2022 RDS 1 Dev.CAL COMMERCIAL;Windows Server 2022 Remote Desktop Services - 1 Device CAL - COMMERCIAL                          DG7GMGF0D7HX:0006:PU:OT:COM
DG7GMGF0D7FZ:0002;Office LTSC Standard 2021;TD# SK161824
DG7GMGF0D5VX:0007;Microsoft Windows Server 2022 1 User CAL;TD# SK169867
DEVEXTREME SUBSCRIPTION;Licenza DevExtreme Subscription;
DEN-EWR-60T-050;DataCore SANsymphony EN Edition 5Year Term License;(50-99 TB)
DELL-E2020H;"DELL E2020H Monitor LED 20"" 1600x900 3YW";
DDT-944600001;AXIST PDA 802.11a/b/g/n CCXv4 MIMO BT 2D ANDROID;
DB340405001W;DIGITUS Cavo adattatore DisplayPortª, mini DP - DP;
DB340400001S;DIGITUS ADATT. DP MASCHIO - HDMI FEMMINA 4Kx2K;Adattatore da Display Port a HDMI 15cm Supporta fino a 1080p con 60 Hz Supporta DP++ Dual-Mode 1920x1080 Pixel
DB340106020S;DIGITUS Cavo adattatore 8K da mini DP a DP 2M;
DAUBNBC084;Dell adattatore video HDMI Maschio a VGA Femmina;Adattatore video HDMI maschio a HD-15 (VGA) femmina nero
DAKER DK PLUS-R;UPS DAKER per Server e Rack Dati;
DA70361;DIGITUS Set cacciaviti di precisione 115pz;
DA70156;DIGITUS Adatt. da PC USB2 a SerialeRS232 9PIN m.;
DA70148;DIGITUS ADATTATORE DA USB 2.0 A IDE E SATA;
D9Y32ET#ABB-R;HP Docking station UltraSlim HP 2013;
D9Y32ET;HP ULTRASLIM DOCK 2013;
D9Y32AA-RFB;HP UltraSlim Docking Station RFB;
D9Y32AA-R;HP Ultra Slim Docking 2013;
D9Y32AA;HP Ultra Slim Docking 2013;
D9Y19AV-R;HP 2013 UltraSlim Docking Station usata;
D9Y19AV;HP 2013 UltraSlim Docking Station;
D9S33AV-6774;HP ProBook 650 G1;
D8R81AV-3526-R;HP EliteBook 840 G1;
D7Q14AT;HP MONITOR Z22I 21.5 IPSG;
D7Q13AT;HP Z23I 23 IPS MONITOR;
D7P53A4;HP Monitor LED IPS mod. Z24i;
D596TLL-R;IBM WebSphere portal server and subscription;
D561HLL;IBMLic.MetricTool x Establish.Lic.+SWSubs.Sup.1Yr;
D51NDLV;Integration Platform for IBM DB/2 and Support;
D4EU01-8G;SYNOLOGY 8GB DDR4 2666MHZ ECC UNBUFFERED DIMM;"Modulo di memoria 8 GB 	DDR4 SDRAM - DIMM 288-PIN"
D4EC-2666-8G;Synology 8Gb DDR4 2666Mhz Ecc Udimm;
D1VC7LL;HCL IBMNotes Domino Complete Collaboration;Authorized User Monthly License 1 Year
D18JWLL;HCL Domino Collaboration Express 1 Month Term;License & S&S Authorized User
D0HSILL;IBMBIGFIXLifecyClientDevLic+SWSub&Supp1Y;
D00YSET;"HP Zbook X 16 G1i Ultra 7-255H 16"" 32GB/1TB 3Y";"Workstation mobile AI - Processore Intel Core Ultra 7 (Serie 2) 255H/2GHz fino a 5.1GHz/24MB Cache - Display 16"" WLED 1920 x 1200 / WUXGA @ 60Hz - Memoria 32GB DDR5 (1 x 32GB) - Disco 1TB SSD NVMe - Garanzia Onsite per 3 anni"
CZ992A;HP OFFICEJET 250 MOBILE AIO;
CXZZSMA;Rinnovo Citrix CSS Select 1Y;
CX-0314LCY-RXPJ;DJI OSMO Adattatore Nero da 3,5 mm;
CUBEG-5AC60AYPAIR;MikroTik high-speed 60 GHz CPE GbEth 5GHz failover;
CTR-SMB;Lenovo Contratto Manutenzione Hardware;
C-TPM-2.0-U-CM;Nutanix TPM 2.0 Module Unprovisioned;
C-TPM-2.0-U-A-CM;Nutanix TPM 2.0 Module Unprovisioned;Trusted Platform Module
CTL-472-S;WACOM Tavoletta Grafica ONE by WACOM SMALL;
CT4000P3PSSD8;Crucial P3 Plus SSD NVMe 4TB M.2 2280 PCIe 4.0;Unità di memoria a stato solido interno 5 anni di garanzia
CT32G56C46S5;Crucial memoria RAM DDR5 32GB PC5-44800 5600MHz;Modulo memoria RAM 32GB SO DIMM 262-pin
CT2000BX500SSD1;Crucial BX500 SSD 2TB 2.5' SATA 6Gb/s 600 MBps;
CT16G4SFD824A;Crucial CT16G4SFD824A Memoria da 16 GB;
C-SSD-3.84TB-B-CM;Nutanix HDD Solid State Drive 3.84 TB SSD;
CS00873489;TRENDMICRO WorryFreeBusSec Std Rinnovo 1Y;
CS00873487;TRENDMICROWorryFreeBusSecV9STD5UT1Y;
CRS317-1G-16S+RM;MikroTik, Cloud Router Switch 317, 1G, 16S+RM;with 800MHz CPU, 1GB RAM, 1xGigabit LAN, 16xSFP+ cages, RouterOS L5 or SwitchOS (dual boot), passive cooling 1U rackmount enclosure, Dual redundant PSU
CRS305-1G-4S+IN;MikroTik-- CRS305-1G-4S+IN 4 SFP+ dual-boot;
CRO21990503;NILOX cavo Ethernet UTP 5e 3m grigio;
CRD-MC93-2SUCHG-01;Zebra Battery charging station (1 term + 1 batt);
CR649C;HP DESIGNJET T795 EPRINTER;
CQ0W1EA;"HP OmniBook 5 Laptop AI 16"" Core7-255U 16GB/1TB 1Y";"Notebook OmniBook 5 - Processore Intel Core Ultra 7 255U - Display 16"" OLED Risoluzione 1920x1200 - Memoria 32GB LPDDR5X - Disco SSD 1TB M.2 - Windows 11 Home"
C-PWR-4FC13C14A-CM;Nutanix Power Cable C13 to C14 4Ft 10A;
CPSSD-M.2NVME-1TB;CoreParts 1TB M.2 PCIe NVMe 3D NAND, TLC 2044/1800;
CPEBP-NGTP;Security Services - Enterprise Based Protection;Copertura dal 05/05/2020 al 04/05/2021
CPAP-SG5200-NGTP-HA;C.P.5200NextGenert.ThreatPrev.Appl.ForHighAvailab.;
CPAP-SG1180-NGTP;CHECKPOINT 1180 NGTP Appliances 10 blades suite;
CPAC-RAM8GB-5000;Memory Upgr Kit from 8GB to 16GB for 5000;
CP990670IT;Check Point Enterprise Based Protection 1y;
CP81000000_1;Check Point Collaborative Enterprise Std Sup. 1y;
CP23000190;Check Point CBSB-VS-3-VSLS 3 Virtual System;
CP23000185;Check Point  3 Virtual System Package;
CP13000000;CHECKPOINT CES Collabor.Enterpr.Supp.Standard 3Yr;
CP03OSSECH76;EPSON Estensione Garanzia 3 Anni Di Assistenza;Coverplus Onsite Per Cv-C6000
CP00000127;Check Point Security Services;
CONSATTV;Attivazione una tantum Conservazione Sostitutiva;
CODETWO-ESIG365-1Y;CodeTwo Email Signatures 365 1Y;Microsoft 365 email signature management software
CODETWO365;CodeTwo Office 365 Migration;New license for CodeTwo Office 365 Migration
CODETWO;CodeTwo Exchange Migration;
C-NVM-3.84TB-B-S-CM;Nutanix HDD 3.84TB NVMe SSD;
C-NVM-3.84TB-B-CM;Nutanix HDD 3.84TB NVMe Solid State Drive;
C-NIC-25G2D1-CM;Nutanix SMC 25/10GbE 2-port NIC BCM 5741;Transceiver not included
C-NIC-25G2A2-CM;Nutanix Mellanox 25/10GbE 2-port NIC (CX6 25GbE);transceiver not included
C-NIC-10G2D1BT-CM;Nutanix SMC 10GbE 2-port Base-T NIC (BCM57416);
CN628AE;HP Cartuccia d'inchiostro 971XL giallo;
CN627AE;HP Cartuccia d'inchiostro 971XL, magenta;
CN626AE;HP Cartuccia d inchiostro 971XL  ciano;
CN625AE;HP Cartuccia inchiostro 970XL Nero;
CN598-67004;HP Duplex Module 6 Cot;Unità duplex Originale
CN418EU;"Targus borsa Classic + per Notebook da 17.3""";
CMV-5U3W;"FS Manager Orizzontale Monofacciale 5U per 19""";"ABS 3"" Profondità EIA 19"" Scaffale/armadio #64186"
CMLP-A4PTWT;FS.COM Segnacavo Adesivo Bianco A4 300pz/10 fogli;
CMK64GX5M2B5200C40;Corsair 64GB (2x32GB) DDR5 DRAM 5200MHz C40 Memory;
CMH-SFD1U#29038;Manager Orizzontale Monofacciale, 1RU, Condotto pe;
CMH-SFD1U;"FS Manager Orizzontale Monofacciale 1U per 19""";"ABS 3.43"" Profondità #29038"
CMH-4DRB1U#68690;"FS Passacavi Orizzontale da Incasso 1U per 19""";
CMH-4DRB1U;"FS Passacavi Orizzontale da Incasso 1U per 19""";
C-MEM-64GB-4800-CM;Nutanix 64GB Memory Module (4800MHz DDR5 RDM);
C-MEM-32GB-5600-S-CM;Nutanix 32GB Memory Module (5600MHz DDR5 RDM);
CM00872146;TRENDMICROWorryFreeBusSecv9.xAdvBdle GOV 1Yrenewal;
C-LOM-10G2D1BT-CM;Nutanix LOM Module Broadcom 10GbE 2-port Base-TNIC;NIC (BCM 57416)
CK2H7ET;HP ProDesk 4 Tower G1i Ultra 7 265 16/512GB 3YW;"Personal computer tower AI - Processore Intel Core Ultra 7 (Serie 2) 265 / 2.4 GHz (fino a 5.3 GHz, (20 processori) - Memoria 16GB (installati) / 64GB (max) DDR5 SDRAM - Disco 	SSD 512GB PCI Express M.2 NVM Express (NVMe) - Scheda video 	Intel Graphics Dynamic Video Memory Technology fino a 8 TOPS - Garanzia 3 anni Onsite"
CK2H6ET;Hp ProDesk 4 Tower Ultra 5 235 16GB/1T 3YW;Personal computer tower ProDesk 4 G1i AI - Processore Intel Core Ultra 5 (Serie 2) 235 / 3.4 GHz (fino a 5 GHz, (14 processori) - Memoria 16GB (installati)/64GB (max) DDR5 SDRAM - Disco SSD 1 TB PCI Express M.2 NVM Express (NVMe) - Garanzia 3 anni Onsite
CK2H5ET;HP ProDesk 4 Tower G1i Ultra 5-235 16/512GB 3YW;Personal computer tower ProDesk 4 G1i AI - Processore Intel Core Ultra 5 (Serie 2) 235 / 3.4 GHz (fino a 5 GHz, 14 processori) - Memoria 16GB (installati) / 64 GB (max) DDR5 SDRAM - Disco SSD 512GB PCI Express M.2 NVM Express (NVMe) - Scheda Grafica Intel Graphics Dynamic Video - Garanzia 3 anni Onsite
CK2H3ET;HP ProDesk 4 SFF G1i Ultra 7 265 16GB/1TB 3YW;Computer Desktop Small Form Factor ProDesk 4 G1i AI - Processore Intel Core Ultra 7 (Serie 2) 265 / 2.4 GHz (fino a 5.3 GHz, (20 processori) - Memoria 16GB (installati) / 64 GB (max) DDR5 SDRAM - Disco SSD 1 TB PCI Express M.2 NVMe - Garanzia 3 anni di assistenza hardware HP in loco il giorno lavorativo successivo
CK2H2ET;HP ProDesk 4 G1i SFF Ultra 7 265 16/512GB 3YW;Personal computer SmallFormFactor ProDesk 4 G1i AI - Processore Intel Core Ultra 7 (Serie 2) 265/2.4GHz (fino a 5.3 GHz (20 processori) - Memoria 16GB (installati) /64 GB (max) - DDR5 SDRAM - Disco SSD 512 GB PCI Express M.2 NVM Express (NVMe) - Scheda Grafica Intel Graphics Dynamic Video Memory Technology fino a 8 TOPS - Garanzia 3 anni onsite
CK2G9ET;HP ProDesk 4 SFF G1i Ultra 5 235 16GB/512GB W11P;PC Desktop ProDesk 4 SmallFormFactor G1i - Processore Intel Core Ultra 5 235 3,4 GHz - Memoria 16GB DDR5 5600MHz DIMM - Disco SSD 512GB M.2 PCIe NVMe - Scheda grafica Intel Graphics - Garanzia 3 anni di supporto hardware HP on-site il giorno lavorativo successivo
CK1N5ET;"Hp ProBook 4 G1i 16"" Ultra5-225U 16/512GB 3Y";"Notebook  ProBook 4 G1i AI - Processore Intel Core Ultra 5 (Serie 2) 225U/1.5 GHz fino a 4.8GHz 12MB Cache - Diplay 16"" WLED 1920 x 1200 / WUXGA @ 60 Hz - Memoria 16 GB DDR5 (1 x 16 GB) - Disco 512GB SSD NVMe - 3 anni di assistenza per le parti, la manodopera e la riparazione Offsite."
CK1N3ET;"Hp ProBook 4 G1i 14"" Ultra5-225U 16/512GB 3Y";"Notebook ProBook 4 G1i AI - Processore Intel Core Ultra 5 (Serie 2) 225U/1.5 GHz fino a 4.8GHz 12MB Cache - Diplay 14"" WLED 1920 x 1200 / WUXGA @ 60 Hz - Memoria 16 GB DDR5 (1 x 16 GB) - Disco 512GB SSD NVMe - 3 anni di assistenza per le parti, la manodopera e la riparazione Offsite."
CIXE0U36AERCAA;SOPHOS Central Intercept X Essentials 100-199 3Y;CENTRAL INTERCEPT X ESSENTIALS - 100-199 USERS - 36 MONTHS - RENEWAL
CIXE0S36BBRCAA;SOPHOS Central Intercept X Essentials 10-24 3Y;CENTRAL INTERCEPT X ESSENTIALS - 10-24 USERS - 36 MONTHS RENEWAL
CISCO3925/K9;Cisco 3925 w/SPE100;
CI85549;Custom Terminale palmare P-RANGER;"2D, 1D - 4G, LTE, 3G - MT6765 - 12,7 cm (5"") - 1280 x 720 - 4 GB RAM / 64 GB Flash - Bluetooth - LAN wireless IEEE 802.11 a/b/g/n/ac - GPS - Videocamera posteriore - Android 12 - Batteria inclusa - IP67"
CHIAVE_GOOGLE;Modulo Geolocalizzazione - Chiave Google;
C-HDD-8TB-BB-CM;Nutanix Hard Drive 8TB 3.5' HDD;
C-HDD-8TB-AB-CM;Nutanix 8TB 3.5' HDD;
C-HBA-3816-1N-C-CM;Nutanix 12Gbps Gen4 Host Bus Adapter HBA;
CG661G;"Targus CityGear 15.6"" Convertible";"Zaino porta computer 14"" - 15.6"" nero"
CFQ7TTC0RM8K:0002:P1Y:Y;Microsoft 365 Teams Premium Annual/Annual;
CFQ7TTC0RM8K:0002:P1Y:M;Microsoft 365 Teams Premium Annual/Monthly;
CFQ7TTC0RM8K:0002:P1M:M;Microsoft Teams Premium Mensile/Mensile;
CFQ7TTC0MM8R:001P:P1Y:Y;Microsoft 365 Copilot Business Annual;
CFQ7TTC0MM8R:001P:P1Y:M;Microsoft 365 Copilot Business;
CFQ7TTC0MM8R:0002:P1Y:Y;Microsoft 365 Copilot for Microsoft 365 Add on;
CFQ7TTC0LSGZ:0001:P1Y:Y;Microsoft 365 Power Automate Premium Annual/Annual;
CFQ7TTC0LHSF:0001:P1Y:Y;MICROSOFT Power BI Pro NCE Annuale;
CFQ7TTC0LHSF:0001:P1Y:M;MICROSOFT Power BI Pro NCE;
CFQ7TTC0LHQ5:0001:P1Y:Y;Exchange Online Archiving for Exchange Server;CFQ7TTC0LHQ5:0001:P1Y:Y
CFQ7TTC0LH1P:0001:P1Y:Y;Microsoft 365 Exchange Online (Plan 2) Y/Y;
CFQ7TTC0LH1P:0001:P1Y:M;Microsoft 365 Exchange Online (Plan 2);
CFQ7TTC0LH1M:0001:P1Y:M;Microsoft 365 OneDrive for business (Plan 2);
CFQ7TTC0LH1G:0001:P1Y:Y;Microsoft 365 Apps for Business (Annuale);
CFQ7TTC0LH1G:0001:P1Y:M;Microsoft 365 Apps for Business (Annuale);Durata Mensile
CFQ7TTC0LH1G:0001:P1M:M;Microsoft 365 Apps for Business M M;
CFQ7TTC0LH18:000D:P1Y:M;Microsoft 365 Business Basic EEA (no Teams);
CFQ7TTC0LH18:0001:P1Y:Y;Microsoft 365 Business Basic NCE Annuale;
CFQ7TTC0LH18:0001:P1Y:M;Microsoft 365 Business Basic;
CFQ7TTC0LH18:0001:P1M:M;Microsoft 365 Business Basic M/M;
CFQ7TTC0LH16:0001:P1Y:Y;Microsoft 365 Exchange Online (Plan 1) Annuale;
CFQ7TTC0LH16:0001:P1Y:M;Microsoft 365 Exchange Online (Plan 1);
CFQ7TTC0LH16:0001:P1M:M;Microsoft 365 Exchange Online (Plan 1) M/M;
CFQ7TTC0LH0J:0001:P1Y:Y;Exchange Online Archiving for Exchange Online;CFQ7TTC0LH0J:0001:P1Y:Y
CFQ7TTC0LH04:0001:P1Y:Y;Microsoft Defender for O365 (Plan 1);
CFQ7TTC0LGZT:0001:P1Y:Y;Microsoft 365 Apps for enterprise Y/Y;
CFQ7TTC0LGZT:0001:P1Y:M;MICROSOFT 365 App for Enterprise NCE;
CFQ7TTC0LGZT:0001:P1M:M;Microsoft 365 Apps for enterprise M/M;
CFQ7TTC0LFLX:0001:P1Y:Y;Microsoft 365 E3;Annuale
CFQ7TTC0LFLS:0002:P1Y:Y;Microsoft Entra ID P1;Annuale
CFQ7TTC0LFLS:0002:P1M:M;Microsoft Entra ID P1 Mensile;Annuale
CFQ7TTC0LFK5:0001:P1Y:Y;Microsoft Entra ID P2;
CFQ7TTC0LFK5:0001:P1M:M;Microsoft 365 Entra ID P2;
CFQ7TTC0LF8R:0001:P1Y:Y;Microsoft 365 E3 NCE;
CFQ7TTC0LF8Q:0012:P1Y:Y;Office 365 E1 EEA (no Teams);
CFQ7TTC0LF8Q:0001:P1Y:Y;Microsoft 365 Office 365 E1;Annuale
CFQ7TTC0LDPB:001X:P1Y:Y;Microsoft 365 Business Standard and Microsoft 365;Copilot Business Annuale NCE
CFQ7TTC0LDPB:000M:P1Y:Y;Microsoft 365 Business Standard (Non-Profit Pricin;Non Profit
CFQ7TTC0LDPB:000F:P1Y:Y;Microsoft 365 Business Standard EEA (no Teams);
CFQ7TTC0LDPB:0001:P1Y:Y;Microsoft 365 Business Standard NCE Annuale;CFQ7TTC0LDPB:0001:P1Y:Y
CFQ7TTC0LDPB:0001:P1Y:M;Microsoft 365 Business Standard Y:M;
CFQ7TTC0LDPB:0001:P1M:M;Microsoft 365 Business Standard NCE M/M;
CFQ7TTC0LCHC:000C:P1Y:Y;Microsoft 365 Business Premium EEA (no Teams);Annuale
CFQ7TTC0LCHC:000C:P1Y:M;Microsoft 365 Business Premium EEA (no Teams);
CFQ7TTC0LCHC:000C:P1M:M;Microsoft 365 Business Premium Mensile EEA;no Teams
CFQ7TTC0LCHC:0002:P1Y:Y;Microsoft 365 Business Premium Annuale;Annuale CFQ7TTC0LCHC:0002:P1Y:Y
CFQ7TTC0LCHC:0002:P1Y:M;Microsoft 365 Business Premium;
CFQ7TTC0LCHC:0002:P1M:M;Microsoft 365 Business Premium M/M;Rinnovo e durata mensile
CFQ7TTC0LCH4:0009:P1Y:Y;Microsoft 365 Intune Plan 1 A/A;Microsoft Intune Plan 1
CFQ7TTC0JN4R:0002:P1Y:Y;Microsoft Teams Essentials;
CFQ7TTC0HDB1:0002:P1Y:Y;Microsoft Planner Plan 1 (Annuale);
CFQ7TTC0HDB0:0002:P1Y:Y;Microsoft Planner and Project Plan 3;
CFQ7TTC0HD9Z:0002:P1Y:Y;Microsoft Planner e Project Piano 5;
CFQ7TTC0HD9Z:0002:P1M:M;Microsoft Planner and Project Plan 5 Mensile;Durata e rinnovo Mensile
CFQ7TTC0HD33:0003:P1Y:Y;Visio Plan 1 Annuale NCE;CFQ7TTC0HD33:0003:P1Y:Y
CFQ7TTC0HD33:0003:P1Y:M;Visio Plan 1 NCE;CFQ7TTC0HD33:0003:P1Y:M
CFQ7TTC0HD32:0002:P1Y:Y;Visio Plan 2 (Annuale);
CFQ7TTC0HD32:0002:P1Y:M;Visio Plan 2 (Annuale) durata Mensile;
CFQ7TTC0HD32:0002:P1M:M;Microsoft Visio Plan 2 (Mensile);Durata e rinnovo Mensile
CFDA1;Certificato di Firma Digitale Automatica;
CFDA;Certificato di Firma Digitale Automatica;
CFASTRWU3;STARTECH Lettore schede di memoria CFast 2.0;Lettore/Scrittore USB 3.2 Gen 2 SuperSpeed (10 Gbps) Type-A
CF360X;HP 508X cartuccia toner LaserJet Alta resa Nero;"Fino a 12500 pagine per Color LaserJet M552dn, M553dh, M553dn, M553n, M553x, MFP M577dn, MFP M577f, MFP M577c, MFP M577z; LaserJet Managed MFP M577dnm"
CF289X;HP 89X cartuccia toner Nero per LaserJet;Cartuccia toner alta capacità - Fino a 10000 pagine
CF283X;HP 83X BLACK LASERJET TONER CARTRIDGE (CF283X);
CF283AD;HP 83A black dual pack LJ toner cartridge;Hp toner  83a  blk  dual pack  compatibile MFP M 225
CF281A;Cartuccia toner originale nero HP 81A LaserJet;
CF280XD;HP 80X LaserJet conf. da due cartucce toner nero;
CF259X;HP 59X BLACK LASERJET TONER CARTRIDGE;
CF254A;HP Kit fusore/manutenzione 220V per Laserjet;Kit fusore per manutenzione stampante HP Inc
CF232A;HP kit tamburo per LaserJet Pro MFP M227fdw;
CF230X;HP 30X black LaserJet toner cartridge;
CF226XD;HP 26X 2-pack High Yield Black Original LaserJet T;
CF226X;HP 26X High Yield Black Original );
CF219A;HP 19A Original Laserjet Imaging Drum;
CEBYFM-AA-CA;McAfee Trellix COMPLET-EP Protect bus 1 Y License;51-100 licenze
CE980A;HP ColorLaserjet CP5525 Transfer Kit;
CE860A;HP CassettoAggiuntivo500fg x Colorlaserjet CP5225;
CE725A-R;Hp Base stampante con cassetti e ruote 3x500fogli;
CE516A;HP LASERJET TRANSFER KIT 150K;
CE343A;Cartuccia toner HP 651A LaserJet (magenta);
CE342A;HP Toner Giallo HP 651A LaserJet;
CE341A;Cartuccia toner HP 651A LaserJet (ciano);
CE340A;Cartuccia toner HP 651A LaserJet (nero);
CE255XD;HP Toner Nero for Enterprise P3015 Confezione 2 pe;
CDM:MANUTENZIONENEW;Servizio onsite a 3 anni 7x24 SLA GOLD;
CCR2216-1G-12XS-2XQ;MikroTik Cloud Core Router with RouterOS L6 licens;Router con connettività a 100 Gigabit ultraveloce, 12 porte SFP28 per reti a 25 Gigabit e una porta Gigabit Ethernet. 16 GB di RAM, memoria NAND e due slot SATA M.2
CCR2116-12G-4S+;MikroTik Cloud Core Router 16-Core;16Gb Ram, 13 1G ethernet ports, 4 10G SFP+ ports, x2 M.2 slots  CPU Amazon Labs Alpine
CCR1009-7G-1C-1S+;MikroTik Cloud Core Router 1009-7G-1C-1S+;
CC517A-R;HP Impilatore/Pinzatore a 3 scomparti Stample/Stac;
CBL037R;NEW LAND Cavo seriali per lettore ccd;
CBA-U21-S07ZBR;ZEBRA Cavo Usb Schermato Per Scanner Zebra;per Zebra DS Family
CB543A;HP Color LaserJet CB543A Magenta Print Cartridge w;
CB542A;HP Color LaserJet CB542A Yellow Print Cartridge wi;
CB541A;HP Color LaserJet CB541A Cyan Print Cartridge with;
CB540A;HP Color LaserJet CB540A Black Print Cartridge wit;
CAVO AC;Cavo alimentazione per Zebra DS3678;
CASK9399;MICROSOFT Project Online Professional;
CASK92609;Microsoft Project plan 1;
CASK5447;MICROSOFT Power BI Pro;cod. 800f4f3bcfe142c19cea675512810488
CASK5310;MICROSOFT Exchange Online P1;
CASK5302;MICROSOFT Exchange Online Plan 2;
CASK5000;MICROSOFT Visio Pro Plan2 for Office 365;
CASK4699;MICROSOFT Office 365 Enterprise E3;
CASK4697;MICROSOFT Office 365 Pro Plus;
CASK4695;MICROSOFT Office 365 Enterprise E1;
CASK4691;MICROSOFT Office 365 Business;
CASK287279;Copilot for Microsoft 365 Annual;CFQ7TTC0MM8R:0002:P1Y:Y
CASK276877;Microsoft 365 Business Standard (Non-Profit);CFQ7TTC0LDPB:000M:P1Y:M
CASK264301;Microsoft 365 Business Basic EEA (no Teams);
CASK264271;Office 365 E1 (no Teams);
CASK264268;Microsoft 365 Business Standard EEA (no Teams);
CASK264265;Microsoft 365 Business Premium EEA (no Teams);
CASK253639;Microsoft Azure SMB Fraud Defense;AzSol SMB Fraud Defender V2 - MFR#: TD-AzSol-SMB-Fraud-Defender-V2
CASK247851;Microsoft Teams Premium Monthly-Monthly;CFQ7TTC0RM8K:0002:P1M:M
CASK194605;Microsoft 365 Project Plan 3 Montly Montly;
CASK194581;Microsoft Teams Essentials;CFQ7TTC0JN4R:0002:P1Y:M
CASK194571;Microsoft 365 Intune Plan 1 A/A;Microsoft Intune Plan 1 CFQ7TTC0LCH4:0009:P1Y:Y
CASK16383;Visio OnLine Plan 2 annuale;
CASK16355;Office 365 Apps for Business annuale;
CASK155450;Microsoft 365 Visio Plan 2;
CASK155446;MICROSOFT Visio Plan 1 NCE;
CASK155422;Microsoft 365 Project Plan 3 NCE;
CASK155420;Microsoft Project Plan 1 NCE;
CASK155414;Microsoft 365 Power BI Pro NCE;PN: CFQ7TTC0LHSF:0001:P1Y:M
CASK155376;Office 365 E3 NCE;
CASK155375;Microsoft Office 365 E3 MM;
CASK155373 ;Microsoft Office 365 E1 (NCE Mensile Mensile);
CASK155373;Microsoft Office 365 E1 (NCE Mensile Mensile);
CASK155372;Microsoft Office 365 E1 NCE;
CASK155359;Microsoft Defender for Office 365 (Plan 1);MFR: CFQ7TTC0LH04:0001:P1Y:M
CASK155313;Microsoft 365 Business Standard Montly Montly;
CASK155312;Microsoft 365 Business Standard Annual Montly;CFQ7TTC0LDPB:0001:P1Y:M
CASK155310;Microsoft 365 Business Premium NCE;Mensile
CASK155309;Microsoft 365 Business Premium nce;Annuale CFQ7TTC0LCHC:0002:P1Y:M
CASK155307;Microsoft 365 Audio Conferencing NCE;
CASK155305;Microsoft 365 Apps for enterprise (NCE Annuale);PN: CFQ7TTC0LGZT:0001:P1Y:M
CASK155302;Microsoft 365 App for business (NCE annuale);CFQ7TTC0LH1G:0001:P1Y:M
CASK155301;Microsoft 365 App for business (NCE Mensile);
CASK155300;Microsoft 365 Apps for Business;
CASK155280 ;Exchange Online Archiving for Exchange Online;MFR#: CFQ7TTC0LH0J:0001:P1Y:M
CASK155280;MICROSOFT Exchange OL Archiving for Exch. Online;
CASK155276;Microsoft 365 Exchange Online (Plan 2) NCE;Annuale MFR#: CFQ7TTC0LH1P:0001:P1Y:M
CASK155274;Microsoft 365 Exchange Online (Plan 1) NCE;CFQ7TTC0LH16:0001:P1Y:M
CASK155246;Microsoft Entra ID P1 NCE A/M;Annuale CFQ7TTC0LFLS:0002:P1Y:M
CASK153399;Microsoft 365 Business Basic (NCE Annuale);CFQ7TTC0LH18:0001:P1Y:M
CASK153397;Microsoft 365 Business Basic Montly Montly;
CASK127635;Microsoft Power BI Premium per user;
CASK12285;MICROSOFT Exchange On Line Archiving (EOA);Licenze integrative Exchange On Line Atchiving (EOA)
CASK104106;Microsoft 365 Business Standard;
CASK103997;Microsoft 365 Business Basic;
CASK103872;Microsoft 365 Apps for Business;
CAREGDOM;Canone annuale di gestione/trasf. Dominio web;
CAM-MSX-RNW-XV2-2-3;cnMaestro X 3-year subscription renewal for one;XV2-2 AP.Renews one Device Tier3 slot. Includes Cambium Care Pro support
CAM-MSX-RNW-XV2-2-1;1cnMaestro X 1y subscription renewal for one XV2-2;AP. Renews one Device Tier3 slot. Includes Cambium Care pro Support
CAM-FIXTS;CAM-FIX CARRELLO EASYFIX NON REGOLABILE IN ALTEZZA;"PER LCD /LED(PORTATA 130 KG)
Garanzia 24 mesi"
CAM-CADV-UPG-RNW-XV2-2-1;Cambium Care Advanced Add-on to cnMaestro X, 1y;support renewal for one XV2-2. 24x7 TAC support, SW updates, and NBDS advance replacement for HW RINNOVO
CALITE;Canone Piattaforma Lite;
CAHOSTZOOM;Canone Host Videoconferenza Zoom;
CAELEARNING_;Canone Piattaforma eLearning;
CAEASYUPLOAD;Canone Servizio Easyupload - storage;
CAEASYSTREAMING;Canone Piattaforma Easystreaming;
CAB-RPS2300-E;Cisco Cable 3560E/3750E RPS;
CA65847;CUSTOM4 CARE PLUS 3 YR P-RANGER;
C9E49AA;HP ProDisplay LED 21,5 mod. P221;
C8T89AV-6731-R;HP EliteDesk 600 G1 SFF;
C8T89AV-6731;HP EliteDesk 600 G1 SFF;
C8S75A-R;HP MSA 2040 1GB SW ISCSI SFP 4 PK;
C8S59A;HP 900GB 6G SAS 10K 2.5IN DP ENT HARD DISK DRIVE;
C8R24B;HPE MSA 16Gb SW FC SFP 4pk XCVR;
C8N27AV-9667;HP EliteDesk 800 G1 Tower;
C8JB5ET;"HP Zbook X 16"" G1i Ultra 7-255H 32GB/1TB 3YW";"Workstation mobile Zbook X 16"" G1i - Processore Intel Core Ultra 7 (Serie 2) 255H/2GHz fino a 5.1 GHz/24MB Cache - Display 16"" WLED 1920 x 1200 / WUXGA @ 60 Hz - Memoria 32GB DDR5 (1 x 32 GB) - Disco 1 TB SSD NVMe - Scheda Video NVIDIA RTX PRO 1000 Blackwell/Intel Arc 140T fino a 74 TOPS 	8 GB GDDR7 SDRAM - Garanzia 3 anni onsite"
C80Y1AT;"HP Notebook 250R G9 15.6"" Core 5-120U 16/512GB 2YW";"Notebook 250R G9 - Processore Intel Core 5 (Serie 1) - 120U / 1.4 GHz fino a 5 GHz/12MB Cache - Display 15.6"" WLED 1920 x 1080 / Full HD @ 60 Hz - Memoria 16GB DDR4 (1 x 16 GB ( non accessibile / aggiornabile dal cliente) - Disco 512GB SSD NVMe - Garanzia 2 anni ""Pick-up and return"" (servizio di ritiro e consegna a domicilio)"
C7977A;HPE LTO-7 Ultrium 15TB RW Data Cartridge;HPE Ultrium RW Data Cartridge 6TB (Nativo)/15TB (Compressi) - supporti di memorizzazione
C6Y18A4-R;HP Monitor LED 23 mod. ZR2330w;
C6UTPSGSPVC4.9BK;FS.COM Cavo Patch 4,9M Cat6 UTP SLIM NERO;
C6UTPSGSPVC30BK;FS.COM Cavo Patch 3.0M Cat6 UTP SLIM NERO;
C6UTPSGSPVC21BK;FS.COM Cavo Patch 2.1M Cat6 UTP SLIM NERO;
C6UTPSGSPVC10BK;FS.COM Cavo Patch 10M Cat6 UTP SLIM NERO;
C6UTPSGSPVC09BK;FS.COM Cavo Patch 0.9M Cat6 UTP SLIM NERO;
C6UTPSGSPVC05BK;FS.COM Cavo Patch 0.5M Cat6 UTP SLIM NERO;
C6UTPSGSPVC#71921;FS.COM 3m Cat6 28AWG Snagless Non Schermato;(U/UTP) PVC CM Cavo Patch di Rete Ethernet con Piccolo Diametro e Alta Flessibilità, Verde
C6UTPSGSPVC#71920;FS.COM 2.1m Cat6 28AWG Snagless Non Schermato;(U/UTP) PVC CM Cavo Patch di Rete Ethernet con Piccolo Diametro e Alta Flessibilità, Verde
C6UTPSGSPVC#71883;FS.COM 2.1m Cat6 28AWG Snagless Non Schermato;(U/UTP) PVC CM Cavo Patch di Rete Ethernet con Piccolo Diametro e Alta Flessibilità, Blu
C6UTPSGSPVC#57408;FS.COM 3m Cat6 28AWG Snagless Non Schermato;(U/UTP) PVC CM Cavo Patch di Rete Ethernet con Piccolo Diametro e Alta Flessibilità, Blu
C6UTPSGSPVC#145859;FS.COM 3m Cat6 28AWG Snagless Non Schermato;(U/UTP) PVC CM Cavo Patch di Rete Ethernet con Piccolo Diametro e Alta Flessibilità, Arancione
C6UTPSGSPVC#145858;FS.COM 2.1m Cat6 28AWG Snagless Non Schermato;(U/UTP) PVC CM Cavo Patch di Rete Ethernet con Piccolo Diametro e Alta Flessibilità, Arancione
C6UTPSGPVC-3M;FS Cavo Patch Cat6 UTP Non Schermato 3m Nero;
C6UTPSGPVC-2M;FS Cavo Patch Cat6 UTP Non Schermato 2m Nero;
C6UTPSGPVC-1.8M;FS Cavo Patch Cat6 UTP Non Schermato 1.8m Nero;PVC CM Snagless
C6UTPSGPVC-1.5M;FS Cavo Patch Cat6 UTP Non Schermato 1.5m Nero;
C6UTPSGPVC-0.9M;FS Cavo Patch Cat6 UTP Non Schermato 0.9m Nero;PVC CM Snagless
C6UTPSGPVC-0.3M;FS Cavo Patch Cat6 UTP Non Schermato 0.3m Nero;PVC CM Snagless
C6UTPSGPVC-0.15M;FS Cavo Patch Cat6 UTP Non Schermato 0.15m Nero;PVC CM Snagless
C6S5N;PATCH FTP CAT.6 NERO 5M;
C6S3N;PATCH FTP CAT.6 NERO 3M;
C6AUTPSGSPVC#185695;FS Cavo Patch PVC Cat6a UTP Slim Ethernet 0,3M;
C6AUTPSGSPVC#151377;FS Cavo Patch PVC Cat6a UTP Slim Ethernet 5M;
C6AUTPSGSPVC#151372;FS Cavo Patch PVC Cat6a UTP Slim Ethernet 0,9M;
C3KX-PWR-750WAC;Cisco PowerSupply Catalyst 3750-E/3560-E 750WAC;
C33S021501;Epson Maintenance Kit per TM-C6000/6500;
C31HUBMETALMIN4;i-tech HUB USB C a 4 porte USB A;Standard USB: 1x USB 3.2 Gen 1 SuperSpeed (5 Gbps) Type-A + 3x USB 2.0 High Speed (480 Mbps) Type-A
C31HDMIDPDOCKPD100;i-tech Usb-c 2x display + power delivery 100W;Docking station con alimentazione fino a 100W - 6 porte USB 1 Display Port 4K - 1 HDMI 4K
C31DUALDPDOCKPD;i-tech Usb-c 2x display + power delivery 100W;
C1RK1-008819-L706;Autodesk AutoCAD Toolsets Commercial RNW Single;Rinnovo 3 anni 1 utente con supporto avanzato
C1RK1-002900-L983;Autodesk AutoCAD Toolsets Commercial RNW Single;Single-user ELD Subscription
C1Q18A;HP Cartuccia inchiostro grigio HP 764  300 ml;
C1Q17A;HP 764 Cartuccia HP nero fotografico 300ml;
C1Q16A;HP Cartuccia inchiostro nero opaco HP 764  300 ml;
C1Q15A;HP Cartuccia inchiostro giallo HP 764  300 ml;
C1Q14A;HP Cartuccia inchiostro magenta HP 764  300 ml;
C1Q13A;HP Cartuccia inchiostro ciano HP 764  300 ml;
C13T671500;EPSON Kit manutenzione inchiostro per Inkjet;EPSON Kit manutenzione inchiostro nero per Inkjet
C13T44C440;Epson Cartuccia Giallo per TM-C6000/6500;
C13T44C340;Epson Cartuccia Magenta per TM-C6000/6500;
C13T44C240;Epson Cartuccia Ciano per Tm-C6000/6500;
C13T44C140;Epson Cartuccia Nera per Tm-C6000/6500;
C01976;Crucial 32 GB (2x16 GB), DDR4, 2133 MT/s,;
BX950MI-GR;APC Back-UPS BX Series 950 VA;UPS 230 V c.a. V 520Watt 950VA 9 Ah connettori di uscita 4 - 2 anni di garanzia
BX1200MI;APC Back-UPS BX Series BX1200MI 650W 1200VA;Gruppo Continuità APC Ups serie BX 1200VA - Connettori di uscita 6 x power IEC 60320 C13 - 2 anni di garanzia
BW903A-R;HP ARMADIO 42U  1075MM INTELLIGENT RACK;
BTRY-TC2L-2XMAXX-01;ZEBRA TC22-TC27 STD PowerPrecision LI-ON Battery;Batteria di Riserva PowerPrecision 3800 mAh, adatto a: TC22, TC27
BTRY-MC93-STN-01;Zebra PowerPrecision Plus Batteria per palmare;"Batteria per palmare Ioni di litio 7000 mAh
per Zebra MC930, MC9300, MC9300-G"
BTRY-MC33-70MA-01;Zebra BATTERY PACK,LITHIUM ION,PP MC3300R;EXTENDED CAPACITY BATTERY QTY-1
BT-A5;BarTender Automation Licenza Software 5 Stampanti;
BT600MA;PC Sistemi Batteria 600/770 mA/ora;
BR-GPCPCU020444;Patch Cord U/UTP 4cp cat 5e 2mt BLU;
BRFPB5-LAB;Rhinoceros 5.0 Bundle LAB;
BR900MI;APC Back-UPS Pro BR900MI 230V 540W 900 VA;UPS Back-UPS 230 V c.a. V 540 Watt 900 VA USB connettori di uscita 6 nero - Durata (max)3 min a pieno carico
BR700G;GRUPPO DI CONTINUITA' PRESE AMERICANE;GRUPPO DI CONTINUITA' PRESE AMERICANE                                                                                         Potenza in uscita: 420 W - CUP BACK UPS RS LCD 700 120V US MASTER CONTROL IN
BQ337A;=>>>EXPRESS SHIPMENT LARGE LOGISTIC;
BQ335A;=>>>EXPRESS SHIPMENT SMALL LOGISTIC;
BPL-SDX-PRO-M2;Peplink Multi-WAN Router (Base version);
BPL-310X-LTEA-K-T;PEPLINK Router Balance 310X Enterprise SD-WAN LTE;
BPL-310X-LTEA-D-T;PEPLINK Router Balance 310X Enterprise SD-WAN LTE;"2x GE WAN ports
9x GE LAN ports
1x LTE-A modem (Global*/CAT-12)
2.5Gbps Router Throughput"
BPL-305;"Peplink Router Balance 305 1Gbps 1U19"" SpeedFusion";
BPL-210-LC-WAN;eplink WAN Port Activation License for Balance 210;
BPL-210;PEPLINK BALANCE 210 ROUTER 7P GIGABIT;
BPL-021X-LTE-E-T-PRM;Peplink Futureproof SD-WAN Router for SmallBusin.;"and Branches
1x GE WAN ports
4x GE LAN ports
1x LTE modem (CAT-4)
900Mbps Router Throughput"
B-ONE-T-PRM;PepLink B One Router WAN Interface 2xGigabit Ether;2x 10/100/1000M / Ethernet - 1x USB-C Interface / LAN Interface - 4x 10/100/1000M / Ethernet Wi-Fi Interface
B-ONE-PLUS-LTE-E-T-PRM;PepLink B One Plus Router WAN;2x 10/100/1000M / Ethernet - 1x USB-C Interface / LAN Interface - 4x 10/100/1000M / Ethernet Wi-Fi Interface
B-ONE-5GN-T-PRM;PepLink B One 5G 2xEther WAN;4x Ethernet LAN, 1x 5G Modem,2x2 MIMO, Simultaneous Dual-Band, Wi-Fi 6, 1Gbps Router Throughput, Full antenna set
BLP-1350-EC-PRM;PepLink Balance 1350 EC;"Multi-WAN Router (8 GE Ports + 8 SFP Fiber Port) for
Enterprise, 3x USB WAN, 1U 19"" Rackmount Chassis,
512GB internal storage for edge computing (Docker &
KVM), 2x PSU (Hot-Swappable Power Supply), 25 Gbps
stateful throughput"
BLABK-B;ZAINO - LATO BACKPACK FOR MACBOOK PRO 17;
BKFOR;Tucano Forte Zaino per NB 15.6 retina nero;
BK650EI;APC BACK-UPS 650VA 230V PORTA SERIALE E USB;"UPS Gruppo di continuità esterno 400Watt 650VA - Colore	Beige"
BK500EI;APC BACK-UPS CS 500 VA - VALIDA POLICY;
BIAN03B;Conceptronics Lettore Schede 7 in 1 USB 3.0;Lettore Di Schede 7-In-1 Usb 3.0 - 2-In-1 Usb-C Usb-A Cable, Sd/Sdhc/Sdxc X2, Micro Sd/T-Flash/Mmc/Ms/M2/Cf/Xd
BHR5211GL;Xiaomi Mi Smart Projector 2 WiFi FHD 1080p 500ANSI;
BHR5194GL;Xiaomi Redmi Auricolare Buds 3Pro TWS DualPhone;
BH70 MONO TEAMS USB-A;Yealink Cuffie Wireless Bluetooth Mono;Connessioni BT simultanee 2 - con microfoni controllati dall'intelligenza artificiale per la cancellazione del rumore
BH70 DUAL TEAMS USB-A;Yealink Cuffie Wireless Bluetooth stereo;Connessioni BT simultanee 2 - con microfoni controllati dall'intelligenza artificiale per la cancellazione del rumore
BE57FF4C-100C-4F1F-B82D-F;MS Office 365 Pro Plus csp;
BDGRFIDRWCOL;Badge RFID 125 KHz RW colori solo fronte;
BDGBDGI;Badge prox r/w bianchi;
BD707A;HPE VMw vSphere Ess 3yr SW;VMware vSphere Essentials - Licenza + Supporto per 3 anni 24x7 - OEM - Win
BD505A-7227;HPE iLO Adv 1-svr Lic 3yr Support;"così configurato:
n. 2 BD505A  HPE iLO Adv 1-svr Lic 3yr Support
n. 2 HU4B2A5 R2M HPE 5Y Tech Care Basic SVC  HPE iLO Advanced Non Blade Support"
BD505A/0D1;=>>>FACTORY INTEGRATED;
BD505A;HPE ILO ADV INCL 3YR TS U 1Y SVR LIC;HPE iLO Advanced 1-server License with 3yr Support on iLO Licensed Features
BD363AAE;3PAR 7000/7450 OS SUITE E-MEDIA;
BD362AAE;=>>>3PAR STORESERV MGMT/CORE EMEDIA;
BC746A;3PAR 7200 VIRTUAL DOMAINS SOFTWARE;
BC10500090;Blue Coat V.App. Secure Web Gateway mod. 100 3y;
BC-06WBT;Vultech Lettore Pistola Barcode Scanner Laser;1d Wireless Bluetooth
BC-06W;VULTECH Lettore Barcode Scanner Laser WI-FI;
BB994A;HPE StoreOnce Encryption LTU;
BB954A;HPE StoreOnce 3620 24TB System;
BB944AAE;HPE StoreOnce 3520 12TB Cap Upg E-LTU;
BB922A;STOREONCE 3520 12TB SYSTEM configurato;
BB910A;HP StoreOnce 2900 24TB Backup;
BB891A;HP StoreOnce 2000 Security Pack LTU;
BB887AAE;Licenza elettronica HP StoreOnce 2000 Catalyst;
BB877A;HP STOREONCE 2700 8TB BACKUP;
BB874A;HPE LTO-7 ULTRIUM 15000 EXT TAPE DRIVE;
BATT120MA;Batteria 120 mA/ora;
BAT MC9190;Batterie di ricambio per MC9190;
B9YT7ET;"HP ProBook 4 G1a Ryzen 7 250 16""16/512GB W11 Pro";ProBook 4 G1a 16  UMA Ryze7 250 16.0 WUXGA  UWVA 300 5MPIR 60Hz bnt Panel  16GB (1x16GB) DDR5 5600 SODIMM Memory 512GB PCIe NVMe  W11p64 HP3yearOffsite  Dual AryMic 5MP USB2 IR WFOVCamera  Clickpad Backlit
B9C87AA;HP UltraSlim Docking Station 9470m;
B8CA3AA;HP Memoria Ram DDR5 32GB 5600MHz PC5-44800;DDR5 modulo 32GB SO DIMM 288-pin 5600 MHz / PC5-44800
B76QFET;HP Workstation Z2 Mini G1i Ultra 7-265 32GB/1TB 3Y;Workstation mini Z2 G1i - Processore Intel Core Ultra 7 (Serie 2) 265/2.4 GHz (fino a 5.3 GHz 20 processori)LGA1851 - Memoria 32GB (installati)/128GB (max) DDR5 SDRAM non ECC - Disco SSD 1 TB PCI Express 4.0 M.2 NVM - Scheda grafica PCIe 4.0 x8 NVIDIA RTX A1000 Intel Graphics fino a 8 TOPS - Garanzia 3 anni onsite
B76QCET;HP Workstation MT Z2 G1i Ultra7 265K 32GB/1TB 3YW;Workstation MicroTower Z2 G1i - Processore 1 x Intel Core Ultra 7 (Serie 2) 265K / 3.9 GHz (fino a 5.5 GHz, (20 processori) - Memoria 32GB (installati) / 256GB (max) - DDR5 SDRAM nonECC - Disco SSD 1TB PCI Express 4.0 M.2 - Garanzia 3 anni onsite
B76QBET;HP Workstation MT Z2 G1i Ultra 7 265 32GB/1TB 3YW;"Workstation Z2 G1i Tower 4U - Processore 1 x Intel Core Ultra 7 (Serie 2) 265 / 2.4 GHz (fino a 5.3 GHz, (20 processori) 	Zoccolo LGA1851 - Memoria 32GB (installati) / 256 GB (max) DDR5 SDRAM non ECC - Disco SSD 1TB PCI Express 4.0 M.2 - Scheda grafica GPU integrata PCIe 4.0 x8 NVIDIA RTX A400 Intel Graphics fino a 8 TOPS 4 GB GDDR6 SDRAM - Garanzia 3 anni onsite"
B72XQET;"HP Zbook X G1i Ultra 7-265HX 16"" 16/512GB 3YW";"Workstation mobile AI - Processore Intel Core Ultra 7 (Serie 2) - 265HX/2.6 GHz, fino a 5.3 GHz/36MB Cache - Display 16"" WLED 1920x1200/WUXGA @ 60Hz - Memoria 16GB DDR5 (1 x 16 GB) - Disco 512GB SSD NVMe - Garanzia 36 mesi"
B72V4ET;HP Zbook X 16 G1i Ultra 9 285H 32GB 1TB W11 Pro;Zbook X 16 G1i / 16.0 inch WQXGA(2560x1600) Anti-Glare, 400nit LowBlueLight, for 5MP+IR, WWAN / Intel Core Ultra 9 285H  (up to 5.40 GHz, 16 cores / 16 threads)  / 32GB 5600MT/s DDR5 (1X32GB) SODIMM / 1TB M.2 PCIe NVMe 2280 TLC 4X4 SSD / NVIDIA Pro RTX Pro 2000 (8GB) / Windows 11 Pro 64  HP 3y Offsite MWS Support Bundling
B72V0ET;"HP Mobile WS Zbook 8 16G1i 9-285H 16"" 32GB/1TB 3YW";"Workstation mobile ZBook 8 G1i - Processore Intel Core Ultra 9 (Serie 2) 285H fino a 5.4 GHz / 24 MB Cache - Dispaly 16"" 1920x1200 / WUXGA - Memoria 32GB DDR5 (1 x 32 GB) - Disco 1TB SSD NVMe - Scheda Grafica NVIDIA RTX 500 Ada / Intel Arc 140T 4GB GDDR6 SDRAM - Garanzia 3 Anni OnSite"
B72TZET;"HP WS ZBook X 16 G1i 16"" Ultra 7 255H 32GB/1TB 3Y";"Zbook X 16 G1i 16"" WUXGA LED UWVA 300N Anti-Glare  60Hz (1920 x 1200) - Intel Core Ultra 7 255H (up to 5.10 GHz, 16 cores / 16 threads)  - 32GB 5600MT/s DDR5 (1X32GB) SODIMM - 1TB M.2 PCIe NVMe 2280 TLC 4X4 SSD - NVIDIA Pro RTX Pro 1000 (8GB) - Windows 11 Pro 64  HP 3y Offsite"
B70WGAT;HP Pro 400 G9 miniPC i7-14700T 16/512GB 2YW;"Personal computer mini Pro 400 G9 - Processore 	Intel Core i7 (14 gen) i7-14700T / 1.3 GHz (fino a 5.2 GHz, (20 processori) - Memoria 16GB (installati) / 64GB (max) DDR5 SDRAM - Disco SSD 512GB PCI Express M.2 NVMe - Scheda Grafica Intel UHD Graphics 770 - Garanzia 2 anni di assistenza per le parti, la manodopera e la riparazione presso la sede del cliente"
B70WFAT;HP Pro Mini 400 G9 i5-14500T 16/512GB 2Y;Pro Mini 400 G9 / Core i5-14500T / 16GB DDR5 / 512GB SSD / Wi-Fi 6 / Wolf 1Y / Windows® 11 Pro / 2yw
B70TMAT;"HP ProOne 440 G9 AiO i7-13700T 23.8"" 16/512GB 2YW";"Personal Computer ProOne 440 G9 All-in-one - Processore Intel Core i7 (13 gen) 13700T / 1.4 GHz (fino a 4.9 GHz, (16-core)- Display 23.8"" LED 1920x1080 (Full HD) 60Hz 16:9 - Memoria 16GB (installati) / 64GB (max)DDR4 SDRAM - Disco SSD 512GB PCI Express M.2 2280 NVMe - 1GbE, 802.11a, 802.11b/g/n, Wi-Fi 5, Bluetooth 5.3, Wi-Fi 6"
B70SQAT;HP 290 G9 Tower Corei5-12500 16/512GB 1Y 11P;"Personal Computer Tower Intel Core i5 (12 gen) 12500 - Scheda Video Intel UHD Graphics 770 - Memoria 16GB - Disco SSD 512GB - PCI Express M.2 2280NVMe - 	Windows 11 Pro - 1 anno di garanzia"
B69B7ET;"HP EliteBook Ultra G1i Ultra7 14"" 32GB/1T 3YW";"Notebook HP EliteBook Ultra G1i Next Gen AI - Processore Intel Core Ultra 7 (Serie 2) 258V/2.2 GHz fino a 4.8 GHz/12MB Cache - Display 14"" OLED touchscreen 2880x1800/2.8K 120Hz - Scheda grafica	Intel Arc Graphics 140V - Memoria integrata 32GB LPDDR5X - Disco 1TB SSD NVMe, TLC - Colore Blu"
B69B1ET;"HP EliteBook X G1i Ultra 7-256V 14""16/1TB 3YW Offs";"HP EliteBook X G1i Ultra 7-256V RAM 16GB 1TB SSD 14"" 1920 x 1200WUXGA @ 60 Hz Windows 11 Pro 3yw Offsite"
B69A8ET;"HP EliteBook X Flip G1i Ultra7258V 14"" 32GB/1T 3YW";
B69A4ET;"HP EliteBook X Flip G1i Ultra5228V 14""32GB/512GB";"EliteBook X Flip G1i  / Ultra 5-228V / 32GB / 512GB / 14"" AG WUXGA / 5MP IR / Finger Print / Wacom Pen / Windows® 11 Pro / 3yw Offsite / Carbon Neutral / Wolf 1Y"
B5L09A;HP Officejet Ink Collection Unit;"Raccoglitore inchiostro perso per Officejet Enterprise Color MFP X585; Officejet Enterprise Color Flow MFP X585"
B4YT4AV-3372;"HP ZBook X G1i Ultra 7 265H 16"" 64GB/2TB 4YW";"Mobile Workstation ZBook X G1i - Intel Ultra 7 265H - Display 16"" WQXGA (1920x1200) - Memoria 64GB DDR5 5600 SODIMM - Disco 2TB 2280 SSD NVMe - Garanzia HP 4y Onsite Mobile Workstation Support"
B4YS6AV-3363;"HP ZBook X G1i Ultra 7 265H 16"" 32GB/1TB 4YW";"Mobile Workstation ZBook X G1i - Intel Ultra 7 265H - Display 16"" WQXGA (1920x1200) - Memoria 32GB DDR5 5600 SODIMM - Disco 1TB 2280 SSD NVMe - Garanzia HP 4y Onsite Mobile Workstation Support"
B3MD4AV-1260;"HP ProBook 4 G1iR 16"" Core 5-220U 16/512GB 4Y";"Notebook ProBook 4 G1iR - Processore Core 5 220U - Display 16"" AG WUXGA - Memoria RAM 16GB (1x16GB) DDR5 5600 - Disco SSD 512GB PCIe NVMe Value - Garanzia HP 4y ONSite PDA NB"
B3FZ7AV-1205_ABB_ABD;"HP ProBook 4 G1R 14"" Core5 120U 16/512GB 4YW";Notebook Probook 4 G1 - Processore IDS UMA Core5 120U 4 14 G1i R BNBPC - Display 14.0 AG WUXGA UWVA LED 300 fFHDC 60Hz - Memoria 16GB (1x16GB) DDR5 5600 SODIMM Mem - Disco 512GB PCIe NVMe Value SSD - Garanzia HP 4y ONSITE PDA NB - Tastiera Tedesca S.O. Inglese
B3FZ7AV-1205;"HP ProBook 4 G1R 14"" Core5 120U 16/512GB 4YW";Notebook Probook 4 G1 - Processore IDS UMA Core5 120U 4 14 G1i R BNBPC - Display 14.0 AG WUXGA UWVA LED 300 fFHDC 60Hz - Memoria 16GB (1x16GB) DDR5 5600 SODIMM Mem - Disco 512GB PCIe NVMe Value SSD - Garanzia HP 4y ONSITE PDA NB
B39WWAT;"HP ProBook 4 G1iR 14"" Core 7-150U 16/512GB 3YW";"Notebook ProBook 4 G1iR - Processore Intel Core 7 150U 10 core - Display 14"" UWVA 1920x1200 WUXGA - Memoria 16GB 5600MHz DDR5 SO-DIMM - Disco SSD 512GB PCI Express 4.0 - Scheda Grafica Integrata Intel Graphics - 3 anni di garanzia Offsite"
B39WVAT;"HP ProBook 4 G1iR i5-1334U 14""16/512GB 3YW Offsite";"Notebook ProBook 4 G1iR 14 Core i5-1334U RAM 16GB 512GB SSD 16"" AG WUXGA Finger Print Windows 11 Pro 3yw Offsite"
B39WSAT;"HP Probook 4G1iR Intel 7-150U 16"" 16/512GB 3YW";"Notebook ProBook 4 G1iR - Processore Intel Core 7 150U - Display 16"" AG WUXGA - Memoria 16GB - Disco 512GB - Garanzia 3Y OffSite"
B39WRAT;"HP ProBook 4 G1iR i5-1334U 16""16/512GB 3YW Offsite";"Notebook ProBook 4 G1iR 16 Core i5-1334U RAM 16GB 512GB SSD 16"" AG WUXGA Finger Print Windows 11 Pro 3yw Offsite"
B34JKES;HP WS Z1 G1I Tower Core Ultra 5 16GB/1TB 3YW;WORKSTATION Z1 TWR Base Unit G1i 400W RCTO - Processore Intel Ultra5 225 4.90G 20 MB 10 cores 65W - Memoria 16GB (1x16GB) DDR5 5600 UDIMM Memory - Disco 1TB 2280 PCIe NVMe Value Scheda Grafica AMD Radeon RX 6300 2 GB GDDR6 FH - Garanzia 36 Mesi NBD
B34JJES;HP Z1 G1i Tower Workstation U5 225 16GB 1TB W11P;HP Z1 TWR Base Unit G1i 500W RCTO / Win11p64 / Ultra5 225 4.90G 20 MB 10 cores 65W / 16GB (1x16GB) DDR5 5600 UDIMM Memory / 1TB 2280 PCIe NVMe Value / NoIncludedODD  / 320Kv2kbd / Wired 320M mouse / 3y ONSite WKST
B2PS5ES;"HP EliteBook 840 G11 Ultra 5-125U 14"" 16/512GB 3YW";"Notebook EliteBook Processore Intel Core Ultra 5-125U - Display 14"" WLED 1920x1200 UWVA - Scheda Grafica Intel Iris Xe - Memoria 16GB DDR5 - Disco 512GB SSD NVMe - Webcam Integrata e Tastiera retro-illuminata - NFC,802.11a/b/g/n/ac/ax (Wi-Fi 6E), scheda wireless Bluetooth 5.3 - Windows 11 Pro 64 - Garanzia 3 anni OffSite"
B225V_DNI;Xerox Stampante B225 A4 34ppm Wireless Duplex Copy;"Copia/Stampa/Scansione fronte/retro wireless
PS3 PCL5e/6 ADF 2 vassoi 251 fogli"
B1892145;"REALME GT MASTER EDIT 6.43"" DSIM 5G 8G/256G NERO";
B14E2AV-7548;"HP ZBook Fury 16"" G1i Ultra7-255H 32GB/1TB 4Y";"Workstation Mobile ZBook Fury G1i IDS Ultra 7 255HX - Display 16"" AG WUXGA 1920x1200px - Memoria 32GB (1x32GB) DDR5 5600 SODIMM - Disco SSD 1TB PCIe-4x4 2280 NVMe - Scheda Video NVIDIA RTX PRO 2000 Blackwell 60W 8GB - AC Adapter 200W Slim - Windows 11 Pro 64 - Intel BE200 Wi-Fi 7 +Bluetooth 5.4 non-vPro WW WLAN - Garanzia 4 Anni OnSite w/Predictive Detection Alerts/TRV MWS"
B14E2AV-4612;"HP Zbook Fury 16"" G1i Ultra 7-255HX 32GB/1TB 3YW";"Workstation Mobile ZBook Fury G1i - Processore Core Ultra 7 sz3 G16 - Display 16"" WUXGA(1920x1200) Anti-Glare - Scheda Grafica NVIDIA RTX PRO 1000 Blackwell 60W 8GB - Memoria 32GB (1x32GB) DDR5 5600 SODIMM - 2 Dischi SSD 1TB PCIe-4x4 2280 NVMe TLC - Garanzia HP 3Y Onsite MWS"
B14E2AV-2242;"HP ZBook Fury 16"" G1i Ultra7-255H 32GB/1TB 4YW";"Workstation Mobile ZBook Fury G1i IDS Ultra 7 255HX - Display 16"" AG WUXGA 1920x1200px - Memoria 32GB (1x32GB) DDR5 5600 SODIMM - Disco SSD 1TB PCIe-4x4 2280 NVMe - Scheda Video NVIDIA RTX PRO 2000 Blackwell 60W 8GB - AC Adapter 200W Slim - Windows 11 Pro 64 - Intel BE200 Wi-Fi 7 +Bluetooth 5.4 non-vPro WW WLAN - Garanzia 4 Anni OnSite w/Predictive Detection Alerts/TRV MWS"
B125LBN;Badge 125 + logo bn;
B11W5AT;HP 524da 5 Series monitor a LED Full HD (1080p) 23;"5 Series monitor a LED 24"" (23.8"" visualizzabile) 1920 x 1080 Full HD (1080p) @ 100 Hz IPS 300 cd/m² 1500:1 5 ms HDMI, VGA altoparlanti nero, argento (supporto) Peso: 5,38 KG"
B0CG8UT;"HP Monitor 327ph Series 3 Pro 27"" Full HD";"Monitor a LED 27"" (26.96"" visualizzabile)Series 3 Pro 1920 x 1080 Full HD (1080p) @ 100 Hz IPS 250 cd/m² 1000:1 5 ms HDMI, VGA, DisplayPort altoparlanti Colore nero"
B0BN7UT;"HP Monitor 322ph Series 3 Pro 21.5"" FHD";"Monitor Series 3 Pro a LED 21.5"" 1920x1080 Full HD (1080p) 100 Hz IPS 250 cd/m² 1000:1 5 ms HDMI, VGA, DisplayPort altoparlanti
nero"
B0B3N4ZYJ9;Ventola di Raffreddamento CPU di Ricambio per NUC;Ricambio per NUC8i7BEH, NUC8i3BEH, NUC8i5BEH, NUC8i5BEK, Ventola per PC in Alluminio a Basso Rumore Ad Alto Flusso D'aria a 4 Pin, Ventola di Raffreddamento Interna DC
B0B2X1K5RT;Siemes Gigaset COMFORT 550A IP FLEX cordless;
B099RMF91H;"Realme GT MASTER EDIT 6.43"" DSIM 5G 8G/256G C/NERO";
B08PTD5TGD;DG Systems Cavo XLR Cannon microfoni,casse,DJ 1,5m;
B07WC8ZM4J;Elbe Inno Multipresa ciabatta elettrica;Elbe Inno Presa da tavolo a 3 scomparti, con tipo A e porta di ricarica USB di tipo C, 2 RJ45, HDMI, presa multipla con morsetto da 1,5 m, per ufficio, cucina
B07MDXBT87;SanDisk Cruzer Fit 16GB USB 2.0 Flash Drive Black;
B07KD6624B;Amazon Echo Show 5 Nero;
B04F0AV-0955;HP WS Z2 TOWER G1i Core Ultra9-285K 32GB/1TB 4YW;Workstation Tower Processore Intel Core Ultra9 285K 5.70G 24C 125WCPU - Memoria 32GB (1x32GB) DDR5 5600 UDIMM  - Disco SSD  1TB 2280 PCIe-4x4 Val M.2 - Scheda Video GFX NVIDIA RTX 4000 Ada 20GB 4DP - Garanzia HP 4Y Onsite DMR LE WS Supp
B01M20VBU7;SSD SAMSUNG 960 EVO M.2  500GB MZ-V6E500BW;
B01IZ7KUS6;ICZI Adattatore DP a HDMI 4K Cavo DP M to HDMI F;
B015R0IQGW;Rode VideoMicro Microfono Direzionale;
B011B5ALQA;CoastaCloud Bluetooth 3.0 Tastiera ita.;
B00FQK43O8;KabelDirekt Cavo VGA 10m;
B008ZXRIAE;Hama Memoria flash 16GB SDHC Classe 10;
B0089AY9OG; Dadi in gabbia, viti e rondelle M6 montaggio rack;
B004XJCLA6;KabelDirekt Cavo HDMI 15m 4K con Ethernet;
B004BHZHIS;KabelDirekt Cavo HDMI 3m 4K con Ethernet;
B001U14MO8; Coppia di Staffe Rack 19 per scrivania;
AZSC80.00;PROFIS AZ Servizi Contabili e Vendite 800 d/mese;
AZSC60.00;PROFIS/az-SERVIZI CONTABILI E VENDITE 600 Doc/mese;
AZSC50.00;PROFIS/az-SERVIZI CONTABILI E VENDITE 500 Doc/mese;
AZSC40.00;PROFIS AZ Servizi Contabili e Vendite 400 doc/mese;
AZSC30.00;PROFIS/az-SERVIZI CONTABILI E VENDITE 300 Doc/m;
AZSC25.00;Profis/AZ SC 250 doc. mese;servizi contabili e vendite
AZSC20.50;PROFIS/az HUB Sistemi/Fatture;
AZSC20.40;PROFIS/az Gestione Integrata Fattura Elettronica;
AZSC20.01;PROFIS/az - SERVIZI CONTABILI E VENDITE;
AZSC20.00;PROFIS/AZ Servizi Contabili e Vendite 200 doc/mese;
AZSC15.50;PROFIS AZ HUB Sistemi/Fatture 150 doc/mese;
AZSC15.40;PROFIS/az Gestione Integrata Fattura Elettronica;
AZSC15.01;PROFIS/az- SERVIZI CONTABILI E VENDITE;
AZSC15.00;PROFIS/AZ SERVIZI CONTABILI E VENDITE 150 doc/mese;
AZSC10.00;Profis az SC 100 doc. mese;
AZSC05.50;PROFIS/az HUB 50 doc;
AZSC05.40;PROFIS/az Gestione Integrata Fattura Elettronica;Sc. 50 doc
AZSC05.00;PROFIS/az- SERVIZI CONTABILI E VENDITE;
AZ3X12.12;PROFIS/az - BILANCI GESTIONALI-Gr.Societ.-Incr.100;
AZ3X12.10;PROFIS/az Lotti di Magazzino-Gr.Societ.-Incr.100;
AZ3X110E1;PROFIS/az-Gr.Societario-Incr.100 Docum.Conf.Estesa;
AZ3602.40;PROFIS/az HUB 600 Doc;
AZ3602.20;PROFIS/az Gestione Integr. Fattura Elettronica;600 Doc
AZ3502.12;PROFIS/az - BILANCI GESTIONALI 500 doc/mese;
AZ3502.10;PROFIS/az - LOTTI DI MAGAZZINO 500 doc/mese;
AZ35010E1;PROFIS/az - CONFIGURAZIONE ESTESA 500 doc/mese;
AZ3454.01;PROFIS/az-INTEGR.GESCOM-Gr.Societ.-450 Doc.;
AZ3452.12;PROFIS AZ Bilanci gestionali 450 doc/mese;
AZ34510E1;PROFIS/az-Gr.Societario-450 Docum.-Conf.Estesa;
AZ34510B1;PROFIS AZ Configurazione Base 450 doc/mese;
AZ3451.07;PROFIS AZ Gestione Beni Ammort. 450 doc/mese;
AZ3354.01;PROFIS AZ Integrazione GESCOM;
AZ3352.12;PROFIS/AZ- BILANCI GESTIONALI Gr.Soc. 350 Doc/mese;
AZ33510E1;PROFIS AZ 350 estesa;
AZ33510B1;PROFIS/AZ CONFIG. BASE Gruppo Soc. 350 Doc/mese;
AZ3351.07;PROFIS/AZ Gest. Beni Ammort. Gr.Soc. 350 Doc/mese;
AZ3304.01;PROFIS/az-INTEGR.GESCOM-Gr.Societ.-300 Doc.;
AZ3302.19;PROFIS/az - GESTIONE CENTRI DI ANALISI-Cl.300 Doc;
AZ3302.15;PROFIS/az AgroalimContrastoPratiche-Gr.Soc-300d/m;
AZ3302.12;PROFIS/az - BILANCI GESTIONALI-Gr.Societ.-300 Doc.;
AZ3302.10;PROFIS/az Lotti di Magazzino-Gr.Societ.-300 d/m;
AZ3302.06;PROFIS/az  Plafond IVA Acquisti Gr.Societ.-300 d/m;
AZ3302.05;PROFIS/az List.per Cli.Fornit.-Gr.Societ.-300 Doc.;
AZ3302.01;PROFIS/az Cont.Centri Imp.-Gr.Societario-300 Doc;
AZ33010E1;PROFIS/az-Gr.Societario-300 Docum.-Conf.Estesa;
AZ33010B1;PROFIS AZ Conf. Base Gruppo Societario 300 d/mese;
AZ3301.14;PROFIS/az  HUB Sistemi/Ademp.antielus 300 d/m;
AZ3301.07;PROFIS/az Gest.Beni Ammort.-Gr.Societario-300 Doc.;
AZ3301.05;PROFIS AZ Gest. Magazzino Gruppo Soc. 300 d/mese;
AZ3254.01;PROFIS/az-INTEGR.GESCOM-Gr.Societ.-250 Doc.;
AZ3252.40;PROFIS AZ - HUB SISTEMI/Fatture 250 Doc/mese;
AZ3252.20;PROFIS AZ Gest Integr Fattura Elettr 250 Doc/mese;
AZ3252.12;PROFIS AZ Bilanci Gestionali 250 doc/mese;
AZ32510E1;PROFIS/az Configurazione Estesa 250 doc/mese;
AZ32510B1;PROFIS AZ Conf. Base 250 doc/mese;
AZ3251.07;PROFIS AZ Gestione Beni ammort. 250 Doc/mese;
AZ3251.05;PROFIS/az Gest.Magazzino-Gruppo Socient.-250 Doc.;
AZ3251.04;PROFIS/az Gest.Ordini Fornit.-Gr.Societ.-250 Doc.;
AZ3251.03;PROFIS/az Gest.Ordini clienti-Gr.Societ.-250 Doc.;
AZ3204.01;PROFIS/az GESCOM 200 doc;
AZ3203.11;PROFIS/az Conserv.Digitale-Gruppo Societ.-200 Doc.;
AZ3203.10;PROFIS/az Archiv.Operativa-Gr.Societ.-200 Doc.;
AZ3202.25;PROFIS AZ/GA-AUTOM.CONTAB.SISTEMI AI-200 Doc/Mese;
AZ3202.19;PROFIS /AZ Gestione Centri di Analisi 200 doc/mese;
AZ3202.17;PROFIS/AZ Analisi Report.Cont.Analitica200doc/mese;
AZ3202.14;PROFIS/AZ - Calcolo Fabbisogni fino a 200 doc/mese;
AZ3202.12;PROFIS/AZ - BILANCI GESTIONALI 200 DOC/MESE;
AZ3202.10;PROFIS/AZ - Lotti Di Magazzino doc/mese;
AZ3202.08;PROFIS/AZ - Gestione Agenti Provvig. 200 doc/mese;
AZ3202.05;PROFIS/AZ - Listini Cliente e Forn. 200 doc/mese;
AZ3202.04;PROFIS/AZ - Codici A Barre fino a 200 doc/mese;
AZ3202.03;PROFIS/AZ - GESTIONE DISTINTA BASE 200 DOC/MESE;
AZ3202.01;PROFIS/AZ - CONTAB. PER CENTRI IMPUT. 200 DOC/MESE;
AZ32010E1;PROFIS/AZ - CONFIGURAZIONE ESTESA 200 DOC/MESE;
AZ32010B1;PROFIS/az Base 200 Doc;
AZ3201.07;PROFIS/AZ Gestione Beni Ammortizz. 200 doc/mese;
AZ3201.05;PROFIS/AZ Gestione Magazzino Gr.Soc. 200 doc.;
AZ3201.03;PROFIS/AZ Gestione Ordini Clienti Gr.Soc. 200 doc;
AZ3200.08;PROFIS/AZ Importaz dati/ doc sistemi esterni 200d;
AZ3200.02;PROFIS/az-Reporter Disegnatore-Gr.Soc.-200 Doc.;
AZ3154.01;PROFIS/AZ Integrazione GESCOM 150 doc/mese;
AZ3153.15;PROFIS/AZ Conservazione Digitale 150 doc. mese;
AZ3153.09;PROFIS/AZ Archiviazione 150 doc. mese;
AZ3153.00;PROFIS AZ Archiviaz. e Conservaz. doc. 150doc/mese;
AZ3152.40;PROFIS/AZ HUB Sistemi 150 doc;
AZ3152.20;PROFIS/AZ Gestione Integr Fattura Elettr 150 Doc;
AZ3152.19;PROFIS/AZ Gestione Centri di Analisi;
AZ3152.17;PROFIS AZ Analisi e Rep. Contab Analit. 150d/mese;
AZ3152.13;PROFIS/AZ Tracciabilità Flussi Finanziari;
AZ3152.12;PROFIS/AZ Bilanci Gestionali;
AZ3152.08;PROFIS AZ Gestione Agenti e Provvigioni 150 doc/m;
AZ3152.07;PROFIS AZ Analisi e Rep. Flussi Finanz. 150 doc/m;
AZ3152.06;PROFIS/az Plafond IVA 150 doc. mese;
AZ3152.05;PROFIS/AZ Listini Clienti e Fornitori 150 doc/mese;
AZ3152.03;PROFIS AZ Distinta Base classe 15;
AZ31510E1;PROFIS/az Estesa 150 doc. mese;
AZ31510E;PROFIS AZ ESTESA Classe 15;
AZ31510B1;PROFIS/az Base classe 15;150 doc. mese
AZ3151.07;PROFIS az Gestione Beni Ammortizzabili;
AZ3151.05;PROFIS/AZ Gestione Magazzino 150 doc/mese;
AZ3151.04;PROFIS/AZ Gestione Ordini Fornitori;
AZ3151.03;PROFIS/AZ Gestione Ordini Clienti;
AZ3150.06;PROFIS/AZ Acquisiz. dinamica Documenti e Anagraf.;150 doc. mese
AZ3150.02;PROFIS/AZ Reporter Disegnatore;
AZ3104.01;PROFIS/az Gescom;
AZ3103.15;PROFIS AZ Conservazione Digitale 100 doc/mese;
AZ3103.09;PROFIS AZ Archiviazione Operativa 100 doc/mese;
AZ3103.00;PROFIS/az-Archiviazione e Conservazione documenti;
AZ3102.40;PROFIS AZ HUB 100;
AZ3102.25;PROFIS AZ/GA-AUTOM.CONTAB.SISTEMI AI-100 Doc/Mese;
AZ3102.24;PROFIS Az 100 - Passive;
AZ3102.20;PROFIS AZ Gest. Integr. Fattura Elettronica 100Doc;
AZ3102.19;PROFIS AZ Gestione centri di analisi;
AZ3102.17;PROFIS AZ Analisi e Reporting Contab. Analitica;
AZ3102.14;PROFIS/az Calcolo Fabbisogni;
AZ3102.13;PROFIS AZ Tracciabilità Flussi Finanziari;
AZ3102.12;PROFIS AZ Bilanci Gestionali - 100;
AZ3102.10;PROFIS AZ Gestione Lotti;
AZ3102.08;PROFIS AZ Modulo Gestione Agenti e Provvigioni;
AZ3102.07;PROFIS AZ Flussi Finanziari 100 doc/mese;
AZ3102.06;PROFIS AZ Plafond IVA Acquisti;100 doc. mese
AZ3102.05;PROFIS/az Listini cliente fornitore;
AZ3102.04;PROFIS/az Codice a barre 100;
AZ3102.03;PROFIS/AZ - Gestione distinta Base 100 doc.mese;
AZ3102.01;PROFIS AZ Gestione Centri d'imputazione;
AZ31010E1;Profis Az 100 Estesa;
AZ31010B1;PROFIS/AZ Gruppo Societario 100 Doc. Config.Base;
AZ31010B;PROFIS AZ Conf. Base 100 Doc/Mese;
AZ3101.14;PROFIS/az-HUB Sistemi/Ademp. antiel. 100 doc;
AZ3101.13;PROFIS AZ Trasmiss. Prestaz. sanit. a Sistema TS;100 Doc
AZ3101.07;PROFIS AZ Gestione Beni Ammortizzabili 100 Doc;
AZ3101.05;PROFIS AZ Gestione Magazzino;
AZ3101.04;PROFIS AZ Gestione Ordini Fornitori 100 doc/mese;
AZ3101.03;PROFIS AZ Gestione Ordini Clienti - 100 doc. mese;
AZ31002.12;PROFIS/az - BILANCI GESTIONAL-Gr.Societ.-1000 Doc.;
AZ31002.10;PROFIS/az Lotti di Magazzino-Gr.Societ.-1000 Doc.;
AZ310010E1;PROFIS/az-Gr.Societario-1000 Docum.-Conf.Estesa;
AZ3100.06;PROFIS/az Acquis. dinamica Documenti e Anagrafiche;
AZ3055.03;PROFIS/az GDPR - Analisi d'impatto 50 doc/mese;
AZ3054.01;PROFIS/AZ INTEGR.GESCOM-Gr.Societ.-50 Doc;
AZ3053.15;PROFIS AZ Conservazione Digitale 50 doc./mese;
AZ3053.09;PROFIS AZ Archiviazione Operativa 50 doc/mese;
AZ3052.40;PROFIS AZ - HUB SISTEMI/Fatture 50 doc./mese;
AZ3052.20;PROFIS AZ Gest Integrata Fatt Elettr 50 doc/mese;
AZ3052.19;PROFIS AZ Gestione Centri di Analisi 50 doc;
AZ3052.13;PROFIS AZ Tracciabilità Flussi Finanz. 50doc/mese;
AZ3052.12;PROFIS/AZ Bilanci gestionali 50 Doc/mese;
AZ3052.06;PROFIS AZ Plafond IVA Acquisti 50 doc/mese;
AZ30510E1;PROFIS/az Estesa 50 doc. Mese;
AZ30510B1;PROFIS/az Configurazione Base 50 doc. mese;
AZ3051.07;PROFIS/az Gestione Beni Ammortizzabili 50 Doc;
AY2Y7AA;HP 125 Tastiera USB Cablato colore nero;Dimensioni (LxPxH) 43.6cm x 13.8cm x 2.03cm
AY2Y7A;HP Tastiera 125 G2 Italiana nero USB;
AWS_CONSUMPTION;AWS Monthly Consumption;Servizi di cloud computing Amazon Web Services (AWS)
AW8Q5AV-4613;"HP ProBook 4 G1a 16"" AI Ryzen 5 220 32GB/1TB 4YW";"Notebook Probook 4 G1a - Processore AMD UMA Ryzen 5 220 - Display 16"" AG WUXGA (1920x1200) UWVA 400 f5MP IR 60Hz - Memoria 32GB (2x16GB) DDR5 5600 SODIMM - Disco 1TB PCIe NVMe Value SSD - Connessioni Mediatek RZ616 Wi-Fi 6E AIM-T 160 MHz +Bluetooth 5.3 WW WLAN - Garanzia HP 4y Onsite w/DMR Notebook Support"
AW5M5UT;HP HP 280W Ultra Dock G6;USB-C / Thunderbolt 4 - HDMI, 2 x DP, Thunderbolt, USB-C GigE, 2.5 GigE - Cavo combinato - Garanzia 1 anno
AV-ROOM-ZEUS;Pacchetto videoconferenza;" 1x SkySound CS10 Ceiling Speaker
 1x White Mesh Cover
 1x Ceiling Tile Bridge
 1x Dust Cover
 including 2-year AMS""
Switch Managed 8x1G PoE+ 125 W 2x1G e 2xSFP
Use for the connection of multi cameras/
mics/speakers
 1x 4-port PoE Switch
 1x power adapter
 Including 2-year hardware warranty""
 1x PA20 Sharing Pod
 Including 2-year hardware warranty""
Pre-configurazione apparati in laboratorio
Servizio di installazione
Trasporto materiale standard, bordo strada, senza facchinaggio al piano"
AV-ROOM-DR;Pacchetto videoconferenza;"""Leading Platform Collaboration Bar for medium to large rooms
 1x A50 all-in-one Collaboration bar, power adapter, wallmount bracket and cables;
 1x CTP25 touch console, PD power adapterDesktop stand and cables;
 Including 2-year hardware warranty""
"" 1x PA20 Sharing Pod
 Including 2-year hardware warranty""
Wireless Microphone
Pre-configurazione apparati in laboratorio
Servizio di installazione
Trasporto materiale standard, bordo strada, senza facchinaggio al piano"
AV-ROOM-A;Pacchetto videoconferenza;"Pre-configurazione apparati in laboratorio
Servizio di installazione
Trasporto materiale standard, bordo strada, senza facchinaggio al piano
Wireless Presentation & Collaboration System"
AVG-MNT-PEND-WALL;Compact wall bracket for use with DOME-OD-PEND;
AVG-H4SL-MT-DCIL1;Adattatore In-Ceiling per H4SL dome cameras;
AVG-H4M-BZL-BL1;Blacksurface mount bezel for H4M dome cameras;
AVG-6.0L-H4F-DO1-IR;Telecamera Fisheye Day&Night 6MP Antivandalica;
AVG-4C-ACC6-COR;Licenza Software Core edition 4 flussi 2 post.;
AVG-2.0W-H3PTZ-DP20;Telecamera Dome PTZ Day&NIght Serie HD H.264 2MP;
AVG-1C-ACC6-COR;Licenza Software Core edition 1 flusso 2 post.;
AVG-1.3C-H4SL-D1-IR;Telecamera Dome D&N 1.3 MP Illuminatore Autoadatti;
AVG-1.3C-H4M-D1-IR;Indoor Dome Day&Night 1.3 MPWDR LightCatcher;
AVAYA_SIP_TRUNK;AVAYA Licenza SIP Trunk 1 canale;
AVAYA_POWER_USER;AVAYA Licenza Power User 1 utente;
AVAYA_OFFICE_WORK;AVAYA Licenza Office Worker 1 utente;
AVAYA_IPOSS8X5;AVAYA IPOSS 8x5 1Yr per Virtual Server Edition;
AVAYA_IPO_SRV;AVAYA Licenza IPO Server Edition Virtualized;
AVAYA_IPO_LIC_UPGR;AVAYA IPO license upgr 10 PLDS;
AVAYA_IP_VOICEM;AVAYA licenza 2 CANALI Voice mail aggiuntivi;
AVAYA_IP_OFFICE_SOFT;AVAYA IP OfficeSoftConsole1Ut.PostoOperatore su PC;
AVAYA_IP_LIII;AVAYA Licenza IP ENDPOINT Terze parti;
AVAYA_IP_LIC;AVAYA Licenza IP ENDPOINT;
AVA700514337;Modulo tasti espansione telefoni serie J100;
AVA700513916;AVAYA Telefono SIP J139;
AVA700513634;AVAYA Telefono SIP J169;
AVA700513569;AVAYA Telefono IP J179 display grafico a colori;
AVA700513357;Alimentatore 220V locale per telefoni IP serie J;
AVA700504843;Terminale IP mod. 1616 ICON Only;
AVA700504032;AVAYA Scheda 64 VCM per chiamate VoIP, trunk SIP;
AVA700479702;AVAYA SD CARD per IP 500 V2;
AVA396445;Licenza essential edition;per sistemi IP office 500 V2 - r.11 PLDS
AVA396442;Licenza Office Worker 1 utente - r.11;
AVA383110;Licenza 1 terminale endopoint;IP Avaya proprietario
AVA383085;Licenza abilitazione 1 canale SIP Trunk r.10 r. 11;
AVA383072;Licenza 1 Terminale Avaya IP H.323 - SIP - T.38;
AVA382687;Licenza 1 Utente receptionist Softconsole;
AVA271632;Avaya IPOSS IPO500V2 1 year;
AV8J3AA;HP NVIDIA RTX A400 scheda grafica RTX A400 4GB;
AV3Q6AV-4387;"HP EliteBook 6 G1i 14"" Ultra7-255H 16/512GB 3Y";Notebook EliteBook 6 G1i - Processore Intel Ultra7 255H - Display WUXGA (1920x1200) WLED - Memoria 16GB (1x16GB) DDR5 5600 SODIMM - Disco SSD 512GB PCIe-4x4 NVMe TLC - Garanzia 3 anni Onsite Notebook Support
AV3Q0AV-1256;"HP EliteBook 6 G1i 14"" U5235U 16/512GB 4YW";"Notebook EliteBook 6 G1i Display LCD 14"" 0WUXGA 
- Memoria 16GB (1x16GB) DDR5 5600 - Disco 512GB PCIe NVMe Value SSD - Garanzia 4y ONSite PDA NB"
AV007-3P-UK;VCE 3-PACK HD15 VGA SVGA F to F Adattatore;
AUTODESKBSP-LICENZA PERMA;Autodesk Building Suite Premium-Licenza permanente;
AULAPROSTUDIO03;AULA DEMO RISERVATA PROFIS con STUDIO;
AUD-MP202B2FXS;Gateway FoIP 2 porte fonia FXS per FAX e int.;
AU656AA;HP Cavo di Sicurezza per notebook e/o docking stat;
ATP-EC-EXT-100-249-1Y;SYMC ADV. THREAT PROTECTION+SUPPORT;
AT-M-MU-20DB;FS Attenuatore Fibra 20dB MU/UPC Singlemode M/F;
AT-M-MU-15DB;FS Attenuatore Fibra 15dB MU/UPC Singlemode M/F;
AT-M-MU-10DB;FS Attenuatore Fibra 10dB MU/UPC Singlemode M/F;
AT-M-MU-05DB;FS Attenuatore Fibra 5dB MU/UPC Singlemode M/F;
AT-M-LCU#72630;FS Attenuatore Fisso in Fibra Ottica LC/UPC;Monomodale, Maschio-Femmina, 7dB (10pz/Pacco)
AT-M-LCU;FS Attenuatore in Fibra Ottica LC/UPC Monomodale F;Monomodale Fisso - Maschio-Femmina, 5dB (10pz/Confezione)
AT7K6AV-6152;"HP ProBook 4 G1i 16"" AI Ultra7 sz3 16GB/1TB 4YW";"Notebook Probook 4 G1 - Processore Core Ultra 7 255U - Display 16"" AG WUXGA (1920x1200) UWVA 300 for WWAN fFHDC 60Hz - Memoria 16GB (1x16GB) DDR5 5600 SODIMM - Disco 1TB PCIe NVMe Value SSD - Connessioni Intel AX211 Wi-Fi 6E +Bluetooth 5.3 WW WLAN - Garanzia HP 4y Onsite w/TRV Notebook Support"
AT7K6AV-6146;"HP ProBook 4 G1i 16"" AI Ultra7 sz3 16/512GB 4YW";"Notebook Probook 4 G1 - Processore Core Ultra 7 255U - Display 16"" AG WUXGA (1920x1200) UWVA 300 for WWAN fFHDC 60Hz - Memoria 16GB (1x16GB) DDR5 5600 SODIMM - Disco 512GB PCIe NVMe Value SSD - Connessioni Intel AX211 Wi-Fi 6E +Bluetooth 5.3 WW WLAN - Garanzia HP 4y Onsite w/TRV Notebook Support"
AT7K6AV-4438;"HP ProBook 4 G1i 16"" AI Ultra7 sz3 16/512GB 4YW";"Notebook Probook 4 G1 - Processore Core Ultra 7 255U - Display 16"" AG WUXGA (1920x1200) UWVA 300 for WWAN fFHDC 60Hz - Memoria 16GB (1x16GB) DDR5 5600 SODIMM - Disco 512GB PCIe NVMe Value SSD - Connessioni Intel AX211 Wi-Fi 6E +Bluetooth 5.3 WW WLAN - Garanzia HP 4y Onsite w/TRV Notebook Support"
AT7K6AV-3290;"HP ProBook 4 G1i 16"" AI Ultra7 sz3 32GB/1TB 4YW";"Notebook Probook 4 G1i 16"" AI - Processore Core Ultra 7 255U sz3 - Display 16"" AG WUXGA (1920x1200) UWVA 300 for WWAN fFHDC 60Hz - Memoria 32GB (2x16GB) DDR5 5600 SODIMM - Disco 1TB PCIe NVMe Value SSD - Connessioni Intel AX211 Wi-Fi 6E +Bluetooth 5.3 WW WLAN - Garanzia HP 4y Onsite w/TRV Notebook Support"
AT7K6AV-3286;"HP ProBook 4 G1i 16"" AI Ultra7 sz3 16/512GB 4YW";"Notebook Probook 4 G1i 16 AI - Processore Core Ultra 7 255U sz3 - Display 16"" AG WUXGA (1920x1200) UWVA 300 for WWAN fFHDC 60Hz bnt LCD Panel - Memoria 16GB (1x16GB) DDR5 5600 SODIMM - Disco 512GB PCIe NVMe Value SSD - Connessioni Intel AX211 Wi-Fi 6E +Bluetooth 5.3 WW WLAN - Garanzia HP 4y Onsite w/TRV Notebook Support"
AT492AV-1030-R;HP Compaq 6000 Pro SFF;
AT-2055;"Tablet rugged FEC 10"" Win 11 IOT Enterprise 64 bit";"Tablet rugged FEC 10"" Win 11 IOT Enterprise 64 bit
CPU Intel® Celeron N4210 Quad Core 8GB RAM (LPDDR4) eMMC 128GB
Pannello LCD da 10,1"" 1960 x 1920 (16:10) con multi touch capacitivo
Garanzia 12 mesi FEC Italia SWAP 24 + KASKO con sostituzione anticipata
Microsoft Windows 11 IoT Enterprise LTSC Entry 64bit"
ASR1001;ASR1001 System,Crypto, 4 built-in GE, Dual P/S;
ASAR_WIFI;Licenza ASAR App WiFi;
ASAR_LAYOUT;Licenza ASAR Layout;
ASAR_DESKTOP;Licenza ASAR Desktop;
ASAR_APP;Licenza ASAR App;
ARUBA-DEMO-KIT-K-R;Aruba Demo kit Aruba 620 Access Point 802.11n;
ARU-AP-220-MNT-W2W;Aruba Access Point Mount Kit (box style, secure, f;
ART-186091;Mikrotik Router Chateau LTE18 Wi-Fi 6E;MPN: S53UG+5HaxD2HaxD-TC&EG18-EA
ART-166837;MikroTik Kit for mounting RB5009 devices 1U;
ART-107562;MikroTik S+RJ10 RJ45 SFP+ copper module;Modulo di Trasmettitore di Rete 10/100/1000M/2.5G/5G/10G
ARP5-TVS-473A-IT;QNAP Contratto di assistenza 5Y per TS-473A;Advanced Replacement Service
ARP5-TS-1273AU-RP-IT;Qnap 5 Years Advanced Replacement Service;1 licenza - 5 anni - tempo di risposta 48h
ARMWALLS;StarTech.com Braccio da Parete per Monitor;"Idoneo a monitor fino a 27"" - Portata max 15Kg - Colore Nero - Materiale Acciaio - Larghezza 154mm - Lunghezza 119mm"
ARMCBCLB;StarTech.com Supporto per Monitor da Cubicolo;"Micro Regolabile con Altezza regolabile in Acciaio per Monitor fino a 32""
Staffa per Monitor plastica, acciaio argento dimensione schermo: 17""-34"" interfaccia montaggio: VESA installabile a parete"
AQ0H9AV-1272;"HP EliteBook 8 G1i 16"" Ultra 7 255U 32GB/1TB 3Y";"Notebook HP EliteBook 8 G1i  - Processore Core Ultra 7 255U 8 - Display 16"" WUXGA(1920x1200) - Memoria 32GB DDR5 5600 SODIMM - Disco SSD 1TB PCIe-4x4 2280 NVMe - Garanzia 3 anni Onsite Predictive Detection Alerts"
A-PUCK-0002-V1-01;Poynting LTE PUCK Antenna 698 - 3800 MHz;Robust MIMO 2-in-1 Ultra Wide Band Omni-Directional, Gain: ca. 6 dBi , 2 m RKT-031 cable, SMA-M, multiple mounting options
APPWAY-PLAT01;Piattaforma APPWAY;"Inbox (Portale)
Design System
BAM (Business Activity Monitoring)
Ambiente di sviluppo (Appway Studio)
Silver Support
Manutenzione BRONZE"
APCRBC176;APC Replacement Battery Cartridge #176;RBC Batteria UPS Piombo 7 Ah 24 V
APCRBC133;APC Replacement Battery Cartridge;#133 Batteria UPS
AP9640;APC Network Management Card 3 with PowerChute;
AP4421A;APC Commutatore di trasferimento automatico;AC 207-253 V 2000 VA 1 fase Ethernet 10/100/1000, USB connettori di uscita 12 1U nero
AP4421;APC Rack Automatic Transfer Switch;
AP3H5AV-1645;"HP EliteBook 8 G1i 13"" AI Ultra 7 255U 16GB/1TB 5Y";"Notebook HP EliteBook 8 G1i 13 AI - Processore Core Ultra 7 255U sz3 G16 - Display 13.3"" WUXGA(1920x1200) - Memoria integrata 16GB - Disco SSD 1TB PCIe NVMe - Garanzia 5 anni Onsite Predictive Detection Alerts"
AMM163AMGL;Targus Penna touchscreen con penna a sfera Nero;Stilo / penna a sfera per telefono cellulare, tablet antimicrobica Garanzia 36 mesi
AMCHRMF2;"itb Supporto TV/Monitor Max 55""";"Staffa per Montaggio a Muro in Acciaio - Dimensione massima Indicativa 55"" - Peso massimo per schermo 56kg"
AM867C/05Y;2.4M JUMPER (IEC320 C13/C14 M/F C;
AM867C;HPE 8/8 BASE 8-PORT ENABLED SAN SWITCH;
AM867B;HP 8/8 (8)-PORTS ENABLED SAN SWITCH;
AM1P9AV-5884;HP ProDesk 4 G1i Tower Ultra5-225 16/512GB;Pc Desktop tower Processore Intel Core Ultra5 225 4.90G 20 MB 10 cores 65W CPU - Memoria 16GB (2x8GB) DDR5 5600 UDIMM - Disco 512GB 2280 PCIe NVMe Value Solid State Drive - Garanzia HP 3 year Onsite DT HW Supp
ALTHEA07W;Conceptronic Caricatore Usb Pd 2P Usb-C 20w Bianco;
AL0M6AA;HP RAM 16GB 5600 MHz DDR5 SODIMM (Notebook e ZBook;SO DIMM 262-pin 5600 MHz / PC5-44800
AK344A/0D1;FACTORY INTEGRATED;
AK344A;HP STORAGEWORKS 81Q PCI-E FC HBA;
AK340306020S;DIGITUS CAVO DISPLAYPORT DVI 24+1 M/M MT 2;
AK117002;Cavo di Connessione per cornetta telefonica a spir;
AJ820B;HP B-SERIES8/12C SAN SWITCH x BLADESYSTEM C-CLASS;
AJ716B;HP 8GB SHORT WAVE B-SERIES SFP  1 PACK;
AG468A;HP DOOR/DOCK LARGE LOGISTIC SVC;
AG466A;HPE Small Standard Delivery-Door/Dock Service;
A-FLEX-3;CISCO Collaboration Flex Plan 3.0;
AF576A;HP Power Cord 3.6M 16A C19 EU;
AF571A-R;HP 1.83M C13 IT/CL POWER CORD;
AF463A;HP R7KVA UPS 4U IEC309-32A HV;
AF054A-R;HP Pannelli Laterali 10642 G2 Sidepanel Kit;
AF001A-R;HP UNIVERSAL RACK 10642 G2 PALLET RACK;
AE470A;HP SAS Min-Min 1 x 2M Cable Assy Kit;
ADVMAGIC002;Magic Whiteboard - Lavagna cancellabile bianca;
ADJI;ADJ/Acquisizione Dati da Job-Cl.Illimitata;
AD4U320032G22-SGN;ADATA RAM DIMM 32GB DDR4 (1x32Gb) 3200Mhz CL22 1,2;Memoria Ram 32GB DDR4
AD2Y9ET;"HP EliteBook 8 AI G1i 16"" Ultra 7-255U 16/512GB 3Y";"Notebook EliteBook 8 AI G1i Processore Intel Core Ultra 7 (Serie 2) - 255U fino a 5.2 GHz / 12 MB Cache - Display 16"" WLED 1920x 1200/WUXGA 60 Hz - Memoria RAM 16GB DDR5 (1x16 GB) - Disco SSD 512GB NVMe - Colore Alluminio argento glaciale"
AD2Y5ET;"HP EliteBook 8 G1i Ultra7-258V 16"" 38GB/1TB 3YW";"Notebook EliteBook 8 G1i - Processore Intel Core Ultra 7 (Serie 2) 258V fino a 4.8GHz/12MB Cache - Display 16"" 1920x 1200/WUXGA - Memoria 32 GB LPDDR5X (la memoria fornita è integrata) - Disco 1TB SSD NVMe - 802.11a/b/g/n/ac/ax/be, Bluetooth 5.4 - Garanzia 36 mesi OnSite"
AD1Q6ET;"HP ProBook 440 G11 Ultra 7-155U 14"" 16/512GB 3YW";"Notebook ProBook 440 G11 AI Ready - Processore 	Intel Core Ultra 7 (Serie 1) 155U/1.7 GHz fino a 4.8 GHz/12 MB Cache - Display 14"" WLED 1920 x 1200 / WUXGA @ 60 Hz - Memoria 16 GB DDR5 (1 x 16 GB) - Disco 512 GB SSD NVMe - Garanzia 	3 anni di ritiro e restituzione supporto hardware per notebook HP"
AD1Q5ET;"HP ProBook 440 G11 Ai 14"" Ultra 5 125U 16/512GB 3Y";"Notebook AI Ready ProBook 440 G11 - Processore Intel Core Ultra 5 (Serie 1) 125U/1.3 GHz, fino a 4.3 GHz/12MB Cache - Display 14"" WLED 1920 x 1200 / WUXGA @ 60 Hz - Memoria 16GB DDR5 (1 x 16 GB) - Disco 512GB SSD NVMe - Garanzia 3 anni di ritiro e restituzione supporto hardware"
AD1Q4ET;"HP ProBook 460 G11 Intel 7-155U 16"" 32/512GB 3YW";"HP ProBook 460 G11 Notebook AI Ready Tastiera retro-illuminata - Processore Intel Core Ultra 7 (Serie 1) 155U / 1.7 GHz, fino a 4.8 GHz - Display 16"" WLED 1920x1200/WUXGA @ 60 Hz - Memoria 32GB DDR5 (2x16GB) - HDD 512GB SSD NVMe - 802.11a/b/g/n/ac/ax (Wi-Fi 6E), Bluetooth 5.3, Gigabit Ethernet - Garanzia 3 anni di ritiro e restituzione supporto hardware per notebook HP"
AD1Q3ET;"HP ProBook 460 G11 U5-125U 16"" 16/512GB 3YW";"Notebook ProBook 465 Processore Intel Core Ultra 5 (Serie 1) 125U fino a 4.3 GHz - Display 16.0"" WLED WUXGA (1920x1200) - Memoria 16GB DDR5 - Disco SSD 512GB PCIe NVMe - Garanzia 3 anni offsite"
AD1Q2ET;"HP ProBook 460 G11 Ai 16"" Ultra 7 155H 16/512GB 3Y";"Notebook AI Ready ProBook 460 G11 - Processore Intel Core Ultra 7 (Serie 1) 155H/1.4 GHz fino a 4.8GHz/24MB Cache - Display 16"" WLED 1920x1200 WUXGA @ 60Hz - Memoria 16GB DDR5 (1 x 16 GB) - Disco 512GB SSD NVMe - Garanzia 3 anni di assistenza con ritiro e consegna a domicilio"
AD1Q1ET;"HP ProBook 460 G11 U7-155U 16"" 16/512GB 3YW";"Notebook ProBook 460 Processore Intel Core Ultra 7  - 155U fino a 4.8 GHz - Display 16.0"" WUXGA (1920x1200) - Memoria 16GB DDR5 - Disco SSD 512GB PCIe NVMe - Garanzia 3 anni pickup & return"
ACTCP00084A;Arctic Mx-6 Ultimate Performance Thermal Paste;Pasta termica con Mx Cleaner
AC114A;HPE Door/Dock Medium Product Delivery;
A9TM7AA;HP RAM 32GB DDR5 6400MHz PC5-48000;Modulo di memoria DDR5 32GB CSO-DIMM 262-pin 6400MHz/PC5-48000 CSO-DIMM 260-pin Non ECC
A9TF1AA;HP Memoria RAM 16Gb DDR5 5600 UDIMM NECC;Z1 e Z2 G1i ed Elite 8 G1i TWR e SFF
A8P79-65001;Hp ADF Roller/Separatione Maintenance;Rulli di ricambio ADF per LaserJet Pro MFP M521
A85LQAV-1026;"HP EliteBook X Flip G1i Ultra7 14"" 16GB/1TB 4YW";"Hp Elitebook X Flip Ultra 7 256V+16GB - Display 14"" WUXGA (1920x1200) Touch - Disco SSD 1TB PCIe NVMe - Garanzia 4Y Onsite"
A40PBET;HP Workstation Z2 G1i SFF Ultra 7-265 32GB/1TB 3YW;Workstation SmallFormFactor Z2 G1i - Processore LGA1851 Intel Core Ultra 7 265 2.4 GHz - Memoria 32GB (installati) / 256GB (max) DDR5 SDRAM non ECC - Disco SSD 1TB PCI Express 4.0 M.2 NVMe - Garanzia 3 anni di servizio con risposta NBD standard
A40JDET;HP WORKSTATION Z1 G9 TWR i714700 32GB/1TB;Workstation tower Processore 1 x Intel Core i7 (14 gen) i7-14700/2.1 GHz - RAM 32GB DDR5 SDRAM - HDD SSD 1 TB PCI Express M.2 2280 NVMe - Scheda video NVIDIA GeForce RTX 4070 SUPER 12 GB GDDR6X SDRAM - Windows 11 Pro - Garanzia 3 anni on-site
A3ZX2ET;"HP Zbook 8 14G1i 14"" Ultra 7-255H 32GB/1TB 3YW";"Workstation mobile ZBook 8 G1i - Processore Intel Core Ultra 7 (Serie 2) 255H fino a 5.1GHz /24MB Cache - Display 14"" 1920x 1200 WUXGA - Memoria 32GB DDR5 (1 x 32 GB) - Disco 1TB SSD  NVMe - Garanzia 3 anni con ritiro e consegna a domicilio."
A3YZ9ET;"HP ZBook Firefly 16 Ultra7-155H 16"" 16/512GB 3YW";"Workstation mobile AI Ready - Processore Intel Core Ultra 7 (Serie 1) 155H/1.4 GHz - Display 16"" WLED 1920 x 1200 / WUXGA @ 60 Hz - Memoria 16GB DDR5 (1 x 16GB)- Disco 512GB SSD NVMe - Scheda grafica NVIDIA RTX A500/Intel Arc Graphics"
A37RVET;HP EB 630 G11 U5-125U 16/512GB 13.3 2y NBD W11P;"Notebook HP EliteBook 630 G11 - AI PC - 13.3"" WLED 1920 x 1200 / WUXGA @ 60 Hz - Intel Core Ultra 5 - 125U / 1.3 GHz, fino a 4.3 GHz / 12 MB Cache - 16 GB RAM - 512 GB SSD - italiana - con HP Wolf Pro Security Edition (1 anno)"
A37MHET;"HP EliteBook 8 G1i 14"" 5G Core 5-226V 16/512GB 3YW";"Notebook EliteBook 8 G1i Notebook Next Gen AI - Processore Intel Core Ultra 5 (Serie 2) - 226V / 2.1 GHz, fino a 4.5 GHz/8MB Cache - Display 14"" WLED 1920x1200/WUXGA 60Hz - Memoria Integrata 16GB LPDDR5X  - Disco 512GB SSD NVMe - Scheda grafica Intel Graphics 130V - Connessione di rete mobile 5G con SIM fisica o virtuale (e-sim)- Colore Alluminio argento glaciale - Garanzia 36 mesi"
A37MFET;"HP EliteBook 8 G1i Ultra 5-228V 14"" 32/512GB 3YW";"Notebook Copilot+ EliteBook 8 G1i - Processore	Intel Core Ultra 5 (Serie 2) 228V fino a 4.5GHz/8MB Cache - Display 14"" WLED 1920x1200/WUXGA 60Hz - Memoria 32GB LPDDR5X SDRAM (la memoria fornita è integrata) - Disco 512GB SSD NVMe - Scehda grafica Intel Arc Graphics 130V - Garanzia 3 anni con ritiro e consegna a domicilio"
A37FFET;"HP EliteBook 660 G11 U7-155U 16"" 16/512GB 3YW";"Notebook EliteBook 660 G11 - Processore Intel Core Ultra 7 (Serie 1) 155U/1.7 GHz - Display 16"" WLED 1920x1200/WUXGA - Memoria 16GB DDR5 (1 x 16 GB) - Disco 512GB SSD NVMe - Scheda grafica	Intel Graphics - Colore	Alluminio argentato color luccio - Garanzia 36 mesi"
A37FBET;"HP EliteBook 640 Ultra 5-125U 14"" 16/512GB W11 Pro";"Notebook EliteBook 640 G11 Processore Intel Ultra 5-125U Display 14.0"" WUXGA (1920x1200) - Scheda grafica Intel® - Memoria 16GB DDR5 - Disco SSD 512GB PCIe NVMe - Garanzia 3 anni offsite (pickup & return)"
A36YFET;"HP EliteBook 860 G11 U7-155U 16"" 16GB/1TB 4GLTE 2Y";"Notebook EliteBook 860 G11 Processore Intel Core Ultra 7 155U fino a 4.8GHz/24MB Cache 4G LTE - Display 16"" WLED 1920x1200/WUXGA - Grafica Intel Graphics - Memoria 16GB DDR5 - Disco 512GB SSD NVMe - 802.11a/b/g/n/ac/ax (Wi-Fi 6E), scheda wireless Bluetooth 5.3 - Special edition garanzia 2 anni onsite NBD"
A2W76A;HP COLOR LASERJET MFP M880Z+;
A26TLEA;"HP EliteBook Ultra G1q X Elite 12c 14"" 16/1TB 1YW";"EliteBook Ultra G1q Qualcomm Snapdragon X Elite X1E-78-100 12c 3.8GHz - Schermo 14"" UWVA 2.2K 2240x1400 touch - 5MP IR - Windows 11 Pro - Scheda Grafica Qualcomm Intel Graphics - Memoria 16GB DDR5X - Disco 1024GB SSD NVMe -  802.11a/b/g/n/ac/ax (Wi-Fi 6E) - Bluetooth 5.3 - Garanzia 1Y Pickup & Return"
A23732X50;CSL 15m cavo HDMI Ultra HD 4k;
A22841X51;CSL - 10m cavo HDMI Ultra HD 4k;
A22840X51;CSL - 5m cavo HDMI Ultra HD 4k;
A19640X50;CSL - 10m (metri) USB 2.0 cavo Repeater;
A08JXAA;"HP Zaino per notebook Everyday 16"" Nero";"Zaino porta computer 21 Litri Altezza 44cm  Larghezza 31cm Profondità 15.5cm Compatibilità Notebook 16.1"""
9Y7D6ET;"HP EliteBook 660 G11 Notebook 16""";EliteBook 660 G11 Ultra 7-165U vPro® RAM 16GB 512GB 16'' AG WUXGA SC Reader Finger Print Windows 11 Pro peso 1.75Kg garanzia 1 anno pickup & return
9Y7D4ET;"HP EliteBook 640 U7-165U 14"" 16/512GB AI READY 1YW";"Notebook EliteBook 640 VPro G11 AI Ready Processore Intel Core U7-165U - Display 14.0"" WUXGA (1920x1200) - Scheda grafica Intel® - Memoria 16GB DDR5 - Disco SSD 512GB PCIe NVMe - Garanzia 2 anni onsite"
9Y7D3ET;"HP EliteBook 640 U5-135U 14"" 16/512GB AI READY 1YW";"Notebook EliteBook 640 VPro G11 AI Ready Processore Intel Core U5-135U - Display 14.0"" WUXGA (1920x1200) - Scheda grafica Intel® - Memoria 16GB DDR5 - Disco SSD 512GB PCIe NVMe - Garanzia 1 anno PickUp&Return"
9Y7C1ET;"HP ProBook 440 G11 Ultra 5-125U 14"" 16/512GB 2YW";"ProBook 440 G11 Ultra 5-125U 16GB SSD 512GB 14"" AG WUXGA Finger Print Windows® 11 Pro 2yw NBD Onsite Carbon Neutral"
9Y7B7ET;"HP ProBook 460 G11 U5-125H 16"" 16/512GB 2YAI READ";"Notebook ProBook 460 AI Ready Processore Intel Core Ultra 5 125H/1.2GHz fino a 4.5GHz - Display 16.0"" UWVA (1920x1200) - Scheda grafica	NVIDIA GeForce RTX 2050/intel Arc Graphics - Memoria 16GB DDR5 - Disco SSD 512GB PCIe NVMe - Garanzia 2 anni onsite"
9Y7B6ET;"HP ProBook 460 G11 U7-155U 16"" 16/512GB 2YW";"Notebook ProBook 460 Processore Intel Core Ultra 7  - 155U fino a 4.8 GHz - Display 16.0"" UWVA (1920x1200) - Memoria 16GB DDR5 - Disco SSD 512GB PCIe NVMe - Garanzia 2 anni onsite"
9Y7B4ET;"HP ProBook 460 G11 U5-125U 16"" 16/512GB 2YW";"Notebook ProBook 465 Processore Intel Core Ultra 5 (Serie 1) - 125U fino a 4.3 GHz - Display 16.0"" WLED WUXGA (1920x1200) - Memoria 16GB DDR5 - Disco SSD 512GB PCIe NVMe - Garanzia 2 anni onsite"
9Y6Y5AT;"HP ProBook 445 G10 Ryzen5 7530U 14"" 16/512GB 1YW";"Notebook ProBook 445 G10 - Processore AMD Ryzen 5 7530U/2GHz fino a 4.5GHz/16MB Cache - Display 14"" WLED 1920x1080/Full HD 60Hz - Scheda Grafica AMD Radeon Graphics - Memoria 16GB DDR4 (1 x 16GB) - Disco 512GB SSD NVMe - 802.11a/b/g/n/ac/ax (Wi-Fi 6E), Bluetooth 5.3, Gigabit Ethernet"
9Y6X9AT;"HP Probook 450 G10 15.6"" i5-1334U 16/512GB 1YW";"Notebook Probook 450 G10 - Processore Intel Core i5 (13th Gen) i5-1334U/1.3 GHz - Scheda grafica Intel Iris Xe - Display 15.6"" WLED 1920x1080 Full HD - Memoria 16GB DDR4 - Disco 512GB SSD NVMe - Win 11 Pro Italiano/Inglese - Garanzia 12 mesi - Colore Argento"
9Y6X7AT;"HP 250 G10 Notebook 15.6"" i5-1334U 16GB/512GB W11P";"Notebook 250 G10 Intel Core i5 (13 gen) - i5-1334U / 1.3 GHz, fino a 4.6 GHz / 12 MB Cache - 15.6"" WLED 1920 x 1080 / Full HD @ 60 Hz - Scheda Grafica Intel Iris Xe - Memoria 16 GB DDR4 - Disco 512 GB SSD - NVMe - W11 Pro - Garanzia 2 anni pickup&return"
9Y6X2AT;"HP Notebook 250 G10 15.6"" i5-1334U 8/256GB 2YW";"Notebook Intel Core i5 (13th Gen) - i5-1334U / 1.3 GHz - Scheda grafica Intel Iris Xe - Display 15.6"" WLED 1920x1080 Full HD - Memoria 8GB DDR4 - Disco 256 GB SSD - NVMe - Win 11 Pro Italiano/Inglese - Garanzia 24 mesi - Colore Argento cenere scuro"
9X3V1UT;HP Docking Station G6 2xDP HDMI USB-C;"Risoluzione Massima:                                       
3840x2160 - 120Hz (Display singolo)
2560x1440 - 120Hz (Display Doppio)
1920x1080 - 120Hz (Display triplo)                            
2 x display/video - DisplayPort - DisplayPort a 20 pin
1 x display/video - HDMI - HDMI 19 pin Tipo A
1 x USB-C 3.1 con Power Delivery (100 W)"
9WA09EA;HP 850 G6 I7-8565U 16/512GB W10P PVCY;
9VJ40AA;HP Monitor E24i G4 IPS LED HDMI VGA DP WUXGA 3YW;"Monitor LCD con retroilluminazione a LED 24"" - WUXGA 1920x1200 60Hz - Tempo di risposta 5ms - Connettori di ingresso HDMI,DisplayPort,VGA - 3 anni di garanzia"
9VH72AT;"HP EliteDisplay E22 G4 - 21.5""";
9VG71AT;"HP Monitor E27 G4 FHD 27"" 16:9 3YW";"Monitor Led 27"" - Tempo di risposta 5 ms - Risoluzione massima 1920px 1080px - Garanzia 3 anni Onsite - Cavi video inclusi DisplayPort e HDMI"
9VF99AT;"HP Monitor E24 G4 FHD 23,8"" 16:9";
9VA80AA;HP Wired 320M Mouse USB;
9U5J5UT;"Hp Monitor 324pf Series 3 Pro 24"" FHD 5 ms";"Monitor Series 3 Pro 24"" (23.8"" visualizzabile) 1920x1080 Full HD (1080p) @ 100Hz IPS 250 cd/m² 1000:1 5 ms HDMI, VGA, DisplayPort colore nero"
9U5C1AA;"HP Monitor 324pv Series 3 Pro 24"" Full HD";"Monitor LCD con retroilluminazione a LED 24"" Full HD (1080p)- Tempo di risposta 5 ms - 3 anni di garanzia"
9T9J6AA;Poly Cuffie Bluetooth Voyager Focus 2 Stereo;Cuffie auricolare stereo Bluetooth certificate Microsoft Teams + adattatore USB-C/A + supporto di ricarica
9T5B0UT;HP 725 Set mouse e tastiera wireless Nera;multi-device, rechargeable, powered by SuperCapacitor full size senza fili2.4 GHz, Bluetooth QWERTY Italiano nero crepuscolo Smart Buy
9SR37AA;HP Tastiera USB HP 320K Versione Italiana Nera;
9SR36UT;HP Kit Mouse e tastiera HP Wired USB 320MK;
9PX3000IRTN;Eaton UPS Rack 9PX 3000i 3000VA RT2U Netpack;
9M9B3AT;HP ProMini 400 G9 i5-12500T 16/512GB 2YW;PC ProMini 400 G9 - Processore Intel Core i5 (12 gen) 12500T 2GHz - Scheda Grafica Intel UHD Graphics 770  - Memoria 16GB DDR4 SDRAM - Disco SSD 512 GB PCI Express M.2 2280 NVMe - SO Windows 11 Pro - Garanzia 2 anni onsite
9M9B2AT;HP Pro Tower 290 G9 i5-12500 16GB/512GBSSD Win 11P;HP Pro Tower 290 G9 i5-12500 - Scheda grafica: UHD Graphics 770 - RAM 16GB DDR 4 - Disco SSD 512GB M.2 PCIe NVMe - Windows 11Pro - Garanzia 2Y On site
9M8P2AT;HP Pro Tower 400 G9 i5-14500 16/512GB 3YW;Personal computer Tower - Precessore Intel Core i5 (14 gen) i5-14500 / 2.6 GHz (fino a 5 GHz, (14 processori) Scheda Video Intel UHD Graphics 770 - Memoria 16GB (installati)/64GB (max) DDR5 SDRAM - Disco SSD 512GB PCI Express M.2 2280 NVMe -
9M8P1AT;HP Pro Tower 400 G9 i5-14500 8/512GB 3YW;Computer HP Pro 400 G9 Tower - Processore Intel Core i5 (14 gen) i5-14500/2.6 GHz - Memoria RAM 8GB (installati) / 64 GB (max) DDR5 SDRAM - Disco SSD 512GB PCI Express M.2 2280 NVM Express NVMe - Scheda Grafica Intel UHD Graphics 770 - Garanzia 3 Anni OnSite
9M8N7AT;HP PC SFF Pro 400 G9 i7-14700 16/512GB 3YW;Personal computer SFF Pro 400 G9 - Processore Intel Core i7 (14 gen) i7-14700 / 2.1 GHz - Scheda Grafica Intel UHD Graphics 770 Dynamic Video Memory Technology - Memoria 16GB (installati)/64 GB (max) DDR5 SDRAM non ECC - Disco SSD 512GB PCI Express M.2 2280 NVM Express (NVMe) - Garanzia 3 anni on site
9M8N6AT;HP Pro SFF 400 G9 i5-14500 16/512GB 3YW;Personal computer Small Form Factor Pro 400 G9 - Processore Intel Core i5 (14 gen) i5-14500 / 2.6 GHz (fino a 5 GHz, (14 processori) - Scheda grafica Intel UHD Graphics 770 - Memoria 16GB (installati) 64GB (max) DDR5 SDRAM - Disco SSD 512GB PCI Express M.2 2280 NVMe - Garanzia Supporto desktop HP onsite per 3 anni il giorno lavorativo successivo in bundle
9M450AT;"HP Elite x360 1040 G10 i7-1355U 14"" 16GB/1TB";"HP Notebook Elite x360 1040 G11 Notebook - Display 14"" WLED  touchscreen 2560x1600/WQXGA - Scheda grafica Intel Iris Xe - Processore Intel Core i7 (13 gen) 1355U - Memoria 16GB LPDDR5 integrata - Disco 512GB SSD NVMe - Garanzia 3 anni di assistenza HP in sede il giorno lavorativo successivo"
9M440AT;"HP Dragonfly G4 i5-1335U 13"" 16GB/1T 3YW";"HP Notebook Dragonfly G4 Processore Intel Core i5 (13 gen) - 1335U/1.3 GHz - Display 13.5"" WLED touchscreen 1920x1280 WUXGA - Memoria integrata 16GB LPDDR5 - Disco 1TB SSD NVMe - NFC, 802.11a/b/g/n/ac/ax (Wi-Fi 6E), Bluetooth 5.3 - 3 anni di assistenza HP in sede il giorno lavorativo successivo - Colore	Blu ardesia"
9M3N3AT;"HP ProBook 450 G9 i5-1235U 15.6"" 16/512GB 1YW";"Notebook ProBook 450 G9 Intel Core i5 (12 gen) 1235U - Display 15.6"" WLED 1920x1080/Full HD 60Hz - Scheda Grafica Intel Iris Xe - Memoria 16GB DDR4 - Memoria 512GB SSD NVMe - 1 anno di garanzia"
9H6Z7ET;HP Pro Mini 400 G9 i513500T 16GB/1TB 2YW;Personal computer mini - Processore Intel Core i5 (13th Gen) 13500T - Scheda grafica Intel UHD Graphics 770 - Memoria 16GB DDR4 SDRAM - Disco SSD 1TB PCI Express  M.2 2280 NVMe - GigE, 802.11a, 802.11b/g/n, Wi-Fi 5, Bluetooth 5.3, Wi-Fi 6 - Windows 11 Pro
9H6V0ET;HP Pro Mini 440 G9 i7-13700T 16/512GB 2Y;Pc Pro mini Intel Core i7 (13th Gen) 13700T - Scheda Grafica Intel UHD Graphics 770 - Memoria 16GB DDR4 SDRAM - SSD 512GB PCI Express M.2 NVMe - Windows 11 Pro - 2 anni di garanzia
9H6U9ET;HP Pro Mini 440 G9 i5-13500T 16/512GB 2Y;Pc Pro mini Intel Core i5 13500T - Scheda Grafica Intel UHD Graphics 770 - Memoria 16GB DDR4 SDRAM - SSD 512GB PCI Express M.2 NVMe - Windows 11 Pro - 2 anni di garanzia
9H6U3ET;"HP ProOne 440 G9 AiO i7-13700T 23.8"" 16/512GB 2Y";"Pc All-in-one Intel Core i7 (13th Gen) 13700T - Monitor 23.8"" LED 1920x1080 (Full HD) Scheda Grafica Intel UHD Graphics 770 - Memoria 16GB - SSD 512GB PCI Express M.2 NVMe - Windows 11 Pro - 2 anni di garanzia"
9H.LLSLJ.LBE;"Benq Monitor GW2490 23.8"" 1080p FHD 100Hz";IPS 1920x1080 250 cd/m² 1300:1 5ms garanzia 36 mesi
9H.LHLLA.TBE;"BENQ Monitor Led 21,5"" W 1920x1080 5ms Vga/2.Hdmi";"Monitor GW2283 1920x1080 Full HD 21,5"" Garanzia 36 mesi"
9H.0F9LB.QBE-R;BENQ Monitor V2400W 24WIDE 1920X1200 1000:1 2MS;
9G0K0ET;"HP Elite x360 1040 G11 U7-155H 14"" 32GB/1TB 2YW";"HP Notebook EliteBook 1040 G11 14"" OLED touchscreen 2880x 1800/2.8K - Processore Intel Core Ultra 7 (Serie 1)155H/1.4 GHz fino a 4.8 GHz - Memoria integrata 32 GB LPDDR5X - Disco 1TB SSD NVMe - 	NFC, 802.11a/b/g/n/ac/ax (Wi-Fi 6E), Bluetooth 5.3 - Garanzia 2 anni onsite"
9G0J8ET;HP Elite x360 1140 G11 Intel Core Ultra5 16/512GB;"HP Notebook Elite x360 1040 G11 Notebook - Display 14"" WLED 1920x1200 /WUXGA - Scheda grafica Intel Graphics - Processore Intel Core Ultra 5 125H - Memoria 16GB LPDDR5X - Disco 512GB SSD NVMe - Garanzia 2 anni onsite - AI READY"
9G0J5ET;HP EliteBook 1040 G11 AI Ready U7-155H 16GB/1TB 2y;"HP Notebook EliteBook 1040 G11 14"" OLED touchscreen 2880 x 1800 / 2.8K - AI READY - Processore Intel Core Ultra 7 (Serie 1)155H / 1.4 GHz fino a 4.8 GHz - Memoria integrata 16 GB LPDDR5X - Disco 1TB SSD NVMe - 	NFC, 802.11a/b/g/n/ac/ax (Wi-Fi 6E), Bluetooth 5.3 - Garanzia 2 anni onsite"
9F5-00003;MS Office 365 Business Essential 1 anno OLP NL;
9F4-00003;MS Office365 Businees Premium OLP NL 1 anno;
9EM-00297;Microsoft Windows Server 2025 Standard 16 Core;"Licenza e garanzia software aggiornato 16 core              
Open Value prodotto aggiuntivo 1 Year"
9EM-00124;WinSvrSTDCore 2016 SNGL OLP 2Lic NL CoreLic;
9EA-00039;MS SPLA/WinSvrDcCore ALNG MVL 2Lic Core;
9E0Y9UT;"HP Monitor 527pm 27"" FullHD USB-C Webcam Audio";"HP Monitor 527pm Series 5 Pro Led 27"" 2560x1440 QHD @ 100 Hz IPS 350 cd/m² 1500:1 5 ms HDMI, DisplayPort, USB-C, Webcam, Altoparlanti"
9E0G9UT;"HP Monitor 524pm 24"" FullHD USB-C Webcam Audio";"HP Monitor 524pm 24"" FullHD USB-C Webcam Audio"
9E0G5AA;"HP Monitor 527pu 27"" QHD DOCKING";"HP Monitor 527pu Series 5 Pro Led 27"" 2560x1440 QHD @ 100 Hz IPS 350 cd/m² 1500:1 5 ms HDMI, DisplayPort, USB-C"
9D9V7AA;"Hp Monitor 524pu Series 5 Pro 23.8"" FHD USB-C 5 ms";Monitor Docking risoluzione FHD 1920x1080 - DisplayPort, HDMI, USB Type-A to USB Type-B - USB-C alimentazione a 100 W
9D9S0UT;"Hp Monitor 527pf Series 5 Pro 27"" QHD 5ms 3YW";Monitor LCD con retroilluminazione a LED risoluzione 2560x1440 QHD - HDMI, DisplayPort - 3 anni di garanzia
9D9L6UT;"Hp Monitor 524pf Series 5 Pro 24"" FHD 5 ms";Monitor risoluzione FHD 1920x1080 - HDMI 1.4, DisplayPortT 1.2, USB-B (upstream) e 4 USB-A 3.2
9D9A7AA;"Hp Monitor 524pn Series 5 Pro 24"" 16:10 5 ms";Monitor risoluzione WUXGA 1920 x 1200 A 100 Hz - DisplayPort, HDMI, 4 x USB 3.2 Gen 1, 350 cd/m², 1500:1
9CC78EA;HP 450 G7 i710510U MX250 15 16/512 W10P;
9C597AV-3877;"HP ZBook Fury 16"" WUXGA G11 i9-14700HX 64GB/1TB";"Workstation Mobile ZBook Fury 16 G11 i9-14700HX - Display 16"" WUXGA 1920x1200px - Memoria 64GB DDR5 5600 SODIMM - Disco SSD 1TB PCIe-4x4 2280 NVMe - Nvidia RTX 1000 6GB - AC Adapter 230W Slim - Windows 11 Pro 64  - Garanzia 3 Anni OnSite"
9C591AV-3875;"HP ZBook Fury 16"" WUXGA G11 i7-14700HX 64GB/1TB";"Workstation Mobile ZBook Fury 16 G11 i7-14700HX - Display 16"" WUXGA 1920x1200px - Memoria 64GB DDR5 5600 SODIMM - Disco SSD 1TB PCIe-4x4 2280 NVMe - Nvidia RTX 1000 6GB - AC Adapter 230W Slim - Windows 11 Pro 64 - Garanzia 3 Anni OnSite"
9C588AV-9588;"HP ZBook Fury 16"" WQUXGA G11 i7-13850HX 32GB/1TB";"Workstation Mobile ZBook Fury 16 G11 i7-13850HX - Display 16"" WQUXGA 3840x2400px w5MPP IR Touch - Memoria 32GB DDR5 5600 - Disco SSD 1TB PCIe-4x4 2280 NVMe - Nvidia RTX 1000 6GB - AC Adapter 230W Slim - Windows 11 Pro 64  - Garanzia 3 Anni Premium OnSite"
9C2H0AA;Borsa-zaino HP 14'' Convertible Laptop Backpack To;
9C2-00524;Microsoft Extended Hardware Service Plan 3YW;Contratto di assistenza esteso sostituzione hardware avanzata 3 anni (dalla data di acquisto originale dell'apparecchiatura) spedizione tempo di risposta: 3-5 giorni lavorativi per Microsoft Surface Pro 10 for Business, Pro (11th Edition), Pro for Business (11th Edition)
9B9R8EA;"HP 250 G10 Notebook 15.6"" i7-1355U 16GB/512GB W11P";"Notebook 250 G10 Intel Core i7 (13 gen) - 1355U / 1.7 GHz, fino a 5 GHz / 12 MB Cache - 15.6"" WLED 1920 x 1080 / Full HD @ 60 Hz - Scheda Grafica Intel Iris Xe - Memoria 16 GB DDR4 - Disco 512 GB SSD - NVMe - W11 Pro - Garanzia 2 anni pickup&return"
9B9R3EA;"HP Notebook 250 G10 15.6"" i5-1334U 16/512GB 2YW";"Notebook Intel Core i5 (13th Gen) - i5-1334U / 1.3 GHz - Scheda grafica Intel Iris Xe - Display 15.6"" WLED 1920x1080 Full HD - Memoria 16GB DDR4 - Disco 512 GB SSD - NVMe - Win 11 Pro Italiano/Inglese - Garanzia 24 mesi - Colore Argento cenere scuro"
9A820AV-1692;"HP ZBook Power G11 Ryzen 5 8645H 16"" 32/512GB 3Y";"Mobile Workstation ZBook Power 16 G11 - Ryzen 5 8645H Power - Display 16"" WQXGA (2560x1600) - Memoria 32GB DDR5 - Disco 512GB SSD NVMe - Garanzia 3 anni Premium Onsite Mobile Workstation"
99Q05ET;HP Pro Tower 400 G9I i5-13500 16/512GB 2YW;Computer Desktop Tower Processore Intel® CoreT i5 13500 2.5 GHz - Scheda grafica Intel® UHD 770 - Memoria 16GB DDR4 - Disco SSD 512GB PCI Express NVMe M.2 2280 - 1GbE, 802.11a, 802.11b/g/n, Wi-Fi 5, Bluetooth 5.3, Wi-Fi 6
99P77ET;Hp Pro Tower 400 G9I i5-13500 16GB/1TB 2YW;Personal computer tower Pro 400 G9i - Processore Intel Core i5 (13 gen) 13500/2.5 GHz - Scheda Video Intel UHD Graphics 770 -   Memoria 16GB (installati) / 64GB (max) DDR4 SDRAM non ECC - Disco SSD 1TB PCI Express M.2 2280 NVMe - 1GbE, 802.11a, 802.11b/g/n, Wi-Fi 5, Wi-Fi 6E, Bluetooth 5.3 - Garanzia 2 anni OnSite
99P75ET;HP Pro Tower 400 G9I i7-13700 32GB/1TGB 2YW;Computer Desktop Tower Processore Intel Core i7 (13 gen) 13700/2.1 GHz - Scheda grafica Intel® UHD 770 - Memoria 32GB DDR4 SDRAM non ECC - Disco SSD 1TB PCI Express M.2 2280 NVMe - 1GbE, 802.11a, 802.11b/g/n, Wi-Fi 5, Wi-Fi 6E, Bluetooth 5.3 - Garanzia 2 anni on-site
99P22ET;HP Pro Tower 400 G9I i7-13700 16/512GB 2YW;Computer Desktop Tower Processore Intel Core i7 (13 gen) 13700 / 2.1 GHz - Scheda grafica Intel® UHD 770 - Memoria 16GB DDR4 SDRAM - Disco SSD 512GB PCI Express M.2 2280  NVMe
99P21ET;HP Pro Tower 400 G9I i5-13500 16/512GB 2YW;Computer Desktop Tower Processore Intel® CoreT i5 13500 - Scheda grafica Intel® UHD 770 - Memoria 16GB DDR4 - Disco SSD 512GB
99A54ET;HP Pro Tower 800 G9 i7-14700 16/512GB 3YW;Computer Desktop Tower Processore Intel Core i7 i7-14700 2.1 GHz - vPro Enterprise - Scheda grafica Intel® UHD 770 - Memoria 16GB DDR5 SDRAM - Disco SSD 512GB PCI Express M.2 2280 NVMe
99A48ET;PC All In One EliteOne 840 G9 AiO 24 Non Touch;"PC Desktop All In One Intel Core i7-14700 2.1GHz 28MB - Memoria 16GB (2x8GB) DDR5 4800 SODIMM - Disco 512GB M.2 PCIe NVMe - 23.8"" non touch - W11 Pro - 3 anni on site"
99A41ET;"HP EliteOne 870 G9 AIO 27"" i7-14700 16/512GB 3YW";"Personal computer All-in-one - Processore Intel Core i7 (14 gen) i7-14700 (fino a 5.4 GHz, (20 processori) - Monitor 	27"" LED 1920x1080 (Full HD) - Memoria 16GB DDR5 SDRAM - Disco SSD 512GB PCI Express M.2 NVMe - Scheda Video Intel UHD Graphics 770 - Garanzia di 3 anni on-site"
99A40ET;HP Elite Tower 800 G9 i7-14700 32/1TB 3YW;PC desktop HP Elite 800 Tower Intel® Core i7-14700 di 14a generazione - Scheda grafica integrata Intel UHD Graphics 770 - Memoria 32GB DDR5-SDRAM - Disco SSD 1.024 GB NVME
998Q8ET;HP EliteDesk 8 G1i AI Ultra 7 265T 16/512GB 3YW;Mini desktop EliteDesk 8 G1i AI - Processore Intel Core Ultra 7 (Serie 2) 265T - Memoria 16GB DDR5 SDRAM 5600 SODIMM 262-pin - Disco SSD 512GB M.2 2280 NVMe
998Q7ET;HP EliteDesk 8 G1i AI Ultra 5 235T 16/512GB 3YW;"Personal computer mini EliteDesk 8 G1i - Processore Intel Core Ultra 5 (Serie 2) 235T / 2.2 GHz (fino a 5 GHz, (14 processori) - Memoria 16GB (installati) DDR5 SDRAM - Disco 	SSD 512GB PCI Express M.2 NVMe - Garanzia 3 anni di garanzia Onsite Next Business Day"
996N6ET;HP WORKSTATION TWR Z1 G9R i7 i7-14700 32GB/1TB 3YW;Workstation Tower Processore 1 x Intel Core i7 (14th Gen) i7-14700/2.1 GHz - Controller grafico NVIDIA GeForce RTX 4060 Intel UHD Graphics 770 - Memoria 32 GB (installati) / 128 GB (max) - DDR5 SDRAM - Disco SSD 1TB PCI Express M.2 2280 NVME - Garanzia 3 anni On-Site
996N1ET;HP Workstation Z2 Tower G9 i9-14900 32GB/1TB 3YW;"Workstation tower Z2 G9 - Processore 1 x Intel Core i9 (14 gen) i9-14900/2 GHz (fino a 5.8 GHz 24 processori) Socket LGA1700 - Memoria 32 GB (installati) / 128 GB (max) DDR5 SDRAM non ECC - Disco 	SSD 1 TB PCI Express 4.0 x4 M.2 2280 HP Z Turbo Drive NVM Express (NVMe) - Scheda Grafica Intel UHD Graphics 770 Architettura di memoria unificata (UMA) - Garanzia 3 anni on-site"
996M9ET;HP Workstation Z2 G9 i7-14700 vPro 32GB/1TB 3YW;Workstation Z2 G9 Tower Processore Core i7 i7-14700(14 gen) 2.1 GHz Socket LGA1700 - 32GB DDR5 SDRAM - Disco SSD 1TB PCI Express 4.0 M.2 2280 HP Z Turbo Drive NVMe - Scheda grafica PCIe 3.0 x16 NVIDIA T1000/Intel UHD Graphics 770 8GB GDDR6 - Garanzia 3 anni On-Site
996M7ET;HP Workstation TW Z2 G9 i7-14700 vPro 16/512GB 3YW;Workstation Z2 G9 Tower Processore Core i7 i7-14700(14 gen) 2.1 GHz Socket LGA1700 - 16GB DDR5 SDRAM non ECC - Disco SSD 512G B PCI Express 4.0 M.2 2280 HP Z Turbo Drive NVMe - Scheda grafica PCIe 3.0 x16 NVIDIA T1000/Intel UHD Graphics 770 8GB GDDR6 - Garanzia 3 anni On-Site
996M6ET;HP Workstation Z2 G9 i7-14700 vPro 32GB/1TB 3YW;Workstation SFF Intel Core i7 (14 gen) i7-14700/2.1 GHz - Scheda Video PCIe 3.0 x16 NVIDIA T1000 Intel UHD Graphics 770 - Memoria 32GB DDR5 SDRAM - Hard Disk SSD 1TB PCI Express 4.0 M.2 2280 Z Turbo Drive, NVM Express NVMe - Garanzia 3 anni on-site
9900360003;FOPPAPEDRETTI SCALA A  GRADINI - NATURALE;
990-012-04;Jabra Cornetta Handset 450 Wireless;Telefono wireless DECT con connessione USB
98N79ET;"HP WS ZBook Firefly G11 16"" Ultra 7 32GB/1TB 3YW";"Notebook Workstation Mobile ZBook Firefly G11 AI Ready - Intel Core Ultra 7 155H - Display 16"" WLED 1920x1200 WUXGA - Memoria 32GB DDR5 - Disco 1TB SSD NVMe - Scheda grafica NVIDIA RTX A500 4GB  SDRAM - NFC 802.11(Wi-Fi 6E),Bluetooth 5.3,Gigabit Ethernet - Win 11Pro - 3 Anni di garanzia pickup&return"
98N78ET;HP WS ZBook Firefly G11 14 Ultra 7 32GB/1TB 3YW;"Notebook Workstation Mobile ZBook Firefly G11 - Intel Core Ultra 7 155H - Display 14"" WUXGA (1920x1200) - Memoria 32GB DDR5 - Disco 1TB SSD NVMe  - Scheda grafica NVIDIA RTX A500 4GB  SDRAM - NFC 802.11(Wi-Fi 6E),Bluetooth 5.3,Gigabit Ethernet - Win 11Pro - 3 Anni di garanzia Pickup&return"
98N77ET;"HP WS ZBook Power G11 16"" Ultra 9 32GB/1TB 1YW";"Notebook Workstation Mobile ZBook Power G11 - Intel Core Ultra 9 185H - Display 16"" WLED 1920x1200 WUXGA - Memoria 32GB DDR5 - Disco 1TB SSD NVMe TLC - Scheda grafica 8GB GDDR6 SDRAM - NFC 802.11a/b/g/n/ac/ax (Wi-Fi 6E),Bluetooth 5.3,Gigabit Ethernet - Win 11Pro - 1 Anno di garanzia"
98N76ET;"HP WS ZBook Power G11 16"" Ultra 7 32GB/1TB 3YW";"Notebook Workstation Mobile ZBook Power G11 - Intel Core Ultra 7 155H - Display 16"" WLED 2560x1600 WQXGA - Memoria 32GB DDR5 - Disco 1TB SSD NVMe TLC - Scheda grafica NVIDIA RTX 3000 Ada 8GB GDDR6 SDRAM - NFC 802.11a/b/g/n/ac/ax (Wi-Fi 6E),Bluetooth 5.3,Gigabit Ethernet - Win 11Pro - 3 Ann3 di garanzia pickup&return"
98N73ET;"HP ZBook Power 16 G11 Ultra9 32G 1T 16"" W11P";"Notebook Workstation Mobile ZBook Power G11 - Intel Core Ultra 9 185H - Display 16"" WLED 1920x1200 WUXGA - Memoria 32GB DDR5 - Disco 1TB SSD NVMe TLC - Scheda grafica RTX 1000 Ada 6GB - NFC 802.11a/b/g/n/ac/ax (Wi-Fi 6E),Bluetooth 5.3,Gigabit Ethernet - Win 11Pro - 3 Anni di garanzia pickup&return"
98N72ET;"HP WS ZBook Power G11 16"" Ultra 7 32GB/1TB 3Y";"Notebook Workstation Mobile ZBook Power G11 - Intel Core Ultra 7 155H - Display 16"" WLED 1920x1200 WUXGA - Memoria 32GB DDR5 - Disco 1TB SSD NVMe TLC - Scheda grafica NVIDIA RTX 2000 Ada 8GB GDDR6 SDRAM - NFC 802.11a/b/g/n/ac/ax (Wi-Fi 6E),Bluetooth 5.3,Gigabit Ethernet - Win 11Pro - 3 Anni di garanzia PickUp&return"
98L56ET;"HP WS ZBook Fury G11 i7-255HX 16"" 32GB/1TB 3YW";Notebook Workstation Mobile ZBook Power G11 - Processore Intel Core Ultra 7 (Serie 2) 255HX / 2.4 GHz, fino a 5.2 GHz / 30 MB Cache - Memoria 32GB DDR5 - Disco 1TB SSD NVMe TLC - Scheda grafica NVIDIA RTX PRO 1000 Blackwell/Intel Graphics fino a 8 TOPS - 3 Anni di garanzia OnSite
989-000430;Logitech Rally Mic Pod Microfono Conferenza;Progettato per Rally, Rally Plus, Rally Bar, Rally Bar Mini
989-000171;EXPANSION MIC CONFERENCE GROUP;
981-001009;Logitech Auricolare Zone Wired Earbud Grafite;
98011302;HUAWEI Switch S5735-L24T4X-A1 L3 Gigabit Eth 1U;
980-000029;Logitech Oem Casse S150 Digital USB Nero;Altoparlanti per PC - Alimentazione USB - 3 Anni di garanzia
970W1ET;HP EliteBook 840 G11 Ultra 7-155U 16/512 14'' LTE;"Notebook HP EliteBook 840 G11 Ultra 7-155U - Memoria 16GB - Disco SSD 512GB -  14"" WLED HP SureView Reflect 1920 x 1200 / WUXGA @ 60 Hz - Windows 11 Pro - LTE"
970W0ET;"HP EliteBook 840 G11 14"" Core U5-125U 16/512GB 2YW";"Notebook EliteBook 840 G11 AI READY 4G LTE - Processore Intel Core Ultra 5 (Serie 1)125U/1.3GHz fino a 4.3GHz/12MB Cache - Display 14"" WLED 1920x1200/WUXGA - Grafica Intel Graphics - Memoria 16GB DDR5 - Disco 512GB SSD NVMe - 802.11a/b/g/n/ac/ax (Wi-Fi 6E), scheda wireless Bluetooth 5.3 - Garanzia 2 anni onsite - AI READY"
970V7ET;"HP EliteBook 840 G11 14"" Core U7-155H 16/512GB 2YW";"Notebook EliteBook 840 G11 Processore Intel Core Ultra 7 155H fino a 4.8GHz/24MB Cache - Display 14"" WLED 1920x1200/WUXGA - Grafica Intel Graphics - Memoria 16GB DDR5 - Disco 512GB SSD NVMe - 802.11a/b/g/n/ac/ax (Wi-Fi 6E), scheda wireless Bluetooth 5.3 - Garanzia 2 anni onsite - AI READY"
970Q2ET;"HP EliteBook 830 G11 U7-155U 13"" 32GB/1T 2YW";"HP Notebook EliteBook 830 G11 Notebook - Wolf Pro Security - Display 13.3"" WLED 1920x1200 /WUXGA - Scheda grafica Intel Graphics - Processore Intel Core Ultra 7 (Serie 1) 155U - Memoria 32GB LPDDR5X integrata - Disco 1TB SSD NVMe - Garanzia 2 anni onsite"
970P5ET;HP Elite x360 830 G11 Intel Core Ultra7 16GB/1TB;"HP Notebook Elite x360 830 G11 Notebook - Wolf Pro Security - Display 13.3"" WLED 1920x1200 /WUXGA - Scheda grafica Intel Graphics - Processore Intel Core Ultra 7 155U - Memoria 	16 GB LPDDR5X - Disco 1TB SSD NVMe - Garanzia 2 anni onsite - AI READY"
970P1ET;"HP EliteBook 860 G11 Ultra 7 155U 16"" 32GB/1TB 2Y";"Notebook EliteBook 860 G11 Processore Intel Core Ultra 7 155H fino a 4.8GHz/24MB Cache - Display 16"" WLED 1920x1200/WUXGA - Grafica Intel Arc Graphics - Memoria 32GB DDR5 - Disco 1TB SSD NVMe - 802.11a/b/g/n/ac/ax (Wi-Fi 6E), scheda wireless Bluetooth 5.3 - Special edition garanzia 2 anni onsite NBD"
970P0ET;"HP EliteBook 860 G11 U7-155H 16"" 16GB/1TB 2Y";"Notebook EliteBook 860 G11 Processore Intel Core Ultra 7 155H fino a 4.8GHz/24MB Cache - Display 16"" WLED 1920x1200/WUXGA - Grafica Intel Arc Graphics - Memoria 16GB DDR5 - Disco 1TB SSD NVMe - 802.11a/b/g/n/ac/ax (Wi-Fi 6E), scheda wireless Bluetooth 5.3 - Special edition garanzia 2 anni onsite NBD"
960-001311;Logitech Rally Bar Graphite Video Conferenza;Dispositivo per video conferenza - SuperSpeed USB 3.0 - 2 anni di garanzia
960-001186;Logitech PTZ Pro 2 Camera USB 2YW;Telecamera per videoconferenza - Risoluzione max 1920 x 1080 - Zoom ottico 10x - Zoom motorizzato
960-001102;Logitech MeetUp - telecamera per videoconferenza;
960-001063;Logitech HD Webcam C270 - webcam;Logitech HD Webcam C270 USB 2.0 - Risoluzione 1280x720 - 2 anni di garanzia
960-001057_AMZN;Logitech Group Bundle per Videoconferenze;
960-001057;LOGITECH Conference Group;Sistema di videoconferenza di gruppo per 14-20 partecipanti
960-001034;Logitech ConferenceCam Connect;"Telecamera per videoconferenza - Risoluzione max 1920x1080 - altoparlante incorporato, due microfoni stereo integrati - 	USB 2.0 Bluetooth 4.0 / NFC - 2 anni di garanzia"
960-000114-R;QUICKCAM SPHERE AF;
956-000053;Tappetino per mouse Mouse Pad XXL Colore Rosa;Dimensioni: 700*300*2 MM
952-000047;Logitech Rally Mic Pod Extension Cable;"Prolunga microfono plenum 10m - per Rally Mic Pod; Rally Bar, Bar Mini, Plus; Room Solution Large"
939-001487;10 METER EXTENDER CABLE LOG GROUP;
937M3EA;HP 260g9 Desktop Mini i3-1315u 8GB 256GB w11p 2yw;"Mini desktop - Processore Intel i3-1315U 3.3GHz GHz - Memoria RAM 8GB DDR4 SDRAM - Disco SSD 256GB PCI Express M.2 NVMe - Scheda Grafica UHD Graphics - 	1GbE, 802.11a, 802.11b/g/n, Bluetooth 5.3, Wi-Fi 6 -  2 anni di garanzia On-site"
933322-855;HP Battery 3 cell 56 WHr 4.85A;
933321-855;HP Battery 3C 50Wh 4.33Ah;HP EliteBook 730 735 740 745 830 840 846 G5 830 840 846 G6 ZBOOK 14U G5 G6 ZBOOK 14U G5 G6
9222N510P086400IT;Praim Neutrino N9211 8/64GB W11 iot Ltsc 2024;Thin Client  Intel Celeron N5100 Memoria RAM 8GB Flash 64GB - OS W11IoT LTSC 2024
920-012069;Logitech MK370 Combo for Business Wireless Italia;Set mouse e tastiera senza fili Bluetooth LE 2 anni di garanzia
920-011609;Logitech MX Keys S Combo Tastiera e Mouse Wireless;con Palm Rest, illuminazione personalizzabile, Scorrimento veloce, Bluetooth, USB C, Windows/Linux/Chrome/Mac, Grigio
920-011575;Logitech MX Keys S Graphite It Tastiera Bluetooth;Tastiera retroilluminata senza fili Bluetooth LE QWERTY italiana
920-010929;Logitech MX Keys Combo for Business set mouse/tast;Gen 2, Tastiera e Mouse Wireless Full Size, con Poggiapolsi, Bluetooth , Logi Bolt, Clic Silenziosi, Windows/Mac/Chrome/Linux, Italiano QWERTY
920-010229;Logitech MX Keys Kit Tastiera mouse Bluetooth;
920-009196;Logitech Slim Wireless Combo MK470;
920-008227;Logitech MK850 WIRELESS kit tastiera e mouse;Bluetooth + Wireless Versione Italiana - Colore Nero
920-007913;Logitech Wireless CORDED DESKTOP MK235;
920-007135;KEYBOARD WIRELESS K400 PLUS;
920-004512;Logitech MK270 Wireless Combo;
920-003721;Logitech wireless combo MK220;
920-002562;Logitech Desktop MK120 kit tastiera e mouse;
920-002543-R;LOGITECH Tastiera + Mouse USB;
920-002543;LOGITECH Tastiera + Mouse USB;Logitech MK120 Combo Tastiera e Mouse con Filo per Windows, Mouse Ottico Cablato, Tastiera di Dimensioni Standard, USB Plug-and-Play
920-002492;LOGITECH Tastiera Nera USB Plug & Play Italiana;
918108-855;HP Battery 6C 67Whr 2.9Ah Li-Ion;
917649-850;HP Alimentatore Slim AC da 150W 7,7A 19,5V;
9153102;2N IP Uni Citofono 2 pulsanti;Ambienti esterni e interni generici.
910-007501;Logitech Mouse Master Series MX Master 3S;
910-007459;Logitech M196 Mouse 3 pulsanti Bluetooth grafite;
910-006582;LOGITECH MX Master 3s For Business Graphite;RF senza fili + Bluetooth Risoluzione 8000 DPI - Numero di tasti 7
910-006494;LOGITECH LIFT VERTICAL Mouse Verticale Nero;Bluetooth + Wireless
910-005872;Logitech ERGO M575 Trackball Bluetooth Grafite;
910-005448;LOGITECH MX Vertical Bluetooth Mouse verticale;6 pulsanti senza fili, cablato Colore Grafite
910-005283;Logitech G305 mouse WiFi 3 pulsanti;
910-005139;MX MASTER 2S GRAPHITE;
910-004878;Logitech M220 Silent Mouse Wireless;Mouse ottica 3 pulsanti senza fili 2.4GHz ricevitore wireless USB carbone
910-004798;Logitech Wireless Mouse ottico B170 - Black BP;Batteria Tipo AA
910-003357;Logitech Mouse B100 Black for Business;
910-001949;LOGITECH Mouse Wireless M705 Silver;
90PXG8Y0-00EAY100;Asrock Nuc Box-1260P Black I7-1260P 3.4 Ghz;
90G000008;DATALOGICCavo2mt.CAB-327RS232DB9RCPT E/P STRT;
90DD0200-B30000;ASUS MASTERIZZATORE 16X Blu-Ray BW-16D1HT BULK;"ASUS BW-16D1HT - Unità disco - BDXL - 16x2x12x - Serial ATA - interna - 5.25"" - nero"
90AR00D1-M00060;ASUS NUC 12 Pro Kit mini Core i5 1240P;PC barebone mini 1 x Core i5 1240P/fino a 4.4GHz - Grafica Intel Iris Xe
905601-6;Identiv uTrust FIDO2 NFC+ Security Key USB-A;Chiave di sicurezza (Token) uTrust FIDO2 NFC - Supporto casi d'uso con contatto (USB A/C) e contactless (NFC), supportano FIDO U2F multiprotocollo, FIDO2, smart card e OTP
901H4AV-7210;"Hp Probook 465 G11 Ryzen 5 7535U 16"" 32GB/1TB 4YW";"Notebook ProBook 465 Processore Ryzen 5 7535U - Display 16.0"" AG WUXGA (1920x1200) LED UWVA - Memoria 32GB (2x16GB) DDR5 4800 SODIMM - Disco SSD 1TB PCIe NVMe - Garanzia 4Y Premium+ Onsite"
901H4AV-3720;"Hp Probook 465 G11 Ryzen 5 7535U 16"" 32GB/1TB 4YW";"Notebook ProBook 465 Processore Ryzen 5 7535U - Display 16.0"" AG WUXGA (1920x1200) LED UWVA - Memoria 32GB (2x16GB) DDR5 4800 SODIMM - Disco SSD 1TB PCIe NVMe - Garanzia 4Y Onsite"
901D8AV-9381;"HP EliteBook 640 G11 U7-155U 14"" 16GB/1TB 4YW";"Notebook EliteBook 640 G11 - Intel Core U7-155U - Display 14"" WUXGA (1920x1200) - Memoria 16GB DDR5 5600 - Disco SSD 1TB PCIe-4x4 2280 NVMe - Garanzia HP 4y Premium Onsite Notebook"
8Y2R2AA;"HP Monitor 40"" S7 Pro 740pm 5K2K Conferencing 3YW";"Monitor LCD con retroilluminazione a LED curvato 40"" - WUHD 5120x2160 a 60 Hz - Webcam integrata 2688x1944 a 30fps - Hub USB 3.2 Gen 1, Sensore IR, USB PD 100Watt - 2xThunderbolt 3, HDMI, DisplayPort - Colore Nero, argento - 3 anni di garanzia"
8Y2K9AA;"HP Monitor 732pk Series 7 Pro 32"" 4K 3YW";"Monitor LCD con retroilluminazione a LED 32"" QHD 3840x2160 a 60 Hz 5ms - Connettori di ingresso Thunderbolt 4, HDMI, DisplayPort - Colore Nero, argento - 3 anni di garanzia"
8Y2F7AA;HP Monitor S7 Pro 724pu WUXGA USB-C 3YW;"Monitor LCD con retroilluminazione a LED 24"" WUXGA 1920 x 1200 a 100Hz 5 ms - Connettori di ingresso HDMI, DisplayPort, USB-C - Colore Nero, argento - 3 anni di garanzia"
8Y1P9AV-0118;"HP Elite x360 1040 G11 U7-155H 14"" 16GB/1TB 4YW";"HP Notebook Elite x360 1040 G11 14"" OLED touchscreen WUXGA (1920x1200) WLED - Processore Intel Evo Core Ultra 7 sz3 G14 - Memoria integrata 16 GB LPDDR5X - Disco 1TB SSD NVMe - 	NFC, 802.11a/b/g/n/ac/ax (Wi-Fi 6E), Bluetooth 5.3 - Garanzia 4 Anni Onsite w/optional Device Health Insights/TRV Notebook"
8X8-00173;Microsoft Surface Pro Signature Keyboard;con Slim Pen w/ Copilot Key Microsoft Surface Pro Keyboard for Business - tastiera - con portapenna - touchpad - QWERTY - italiana - platino - con Slim Pen Dispositivo di input
8X534AA;"HP Monitor 24"" S7 Pro 724pn WUXGA 3YW";"Monitor LCD 24"" WUXGA 1920x1200 a 100 Hz - Hub USB 3.2 Gen 1 - Tempo di risposta 5 ms"
8X530AA;HP Monitor S7 Pro 724pf 23.8 3YW;"Monitor LCD con retroilluminazione a LED 23.8"" 1920 x 1200 a 100Hz 5 ms - Connettori di ingresso HDMI, DisplayPort - 300 cd/m²- 1500:1 - Colore Nero, argento - 3 anni di garanzia"
8X231AA;Poly Blackwire 5220 Stereo USB-C Headset;Poly Blackwire 5220 Stereo USB-C Headset +3.5mm Plug +USB-C/A Adapter
8X229AA;Poly Blackwire 3225 USB-C/A Cuffie biaurali;Cuffie Blackwire 3225 USB-C + adattatore USB-A + jack da 3,5mm - Microfono con cancellazione del rumore
8X229A6;Poly BW 3225 USB-C HS +USB-C/A (Bulk);"Cuffie con microfono USB-C Audio de 3,5 mm; USB Type-A; USB Type-C Colore Nero - Certificato Skype,Certificato Avaya,Cisco Jabber Certified"
8X228AA;Poly BW 3220 Stereo USB-C HS +USB-C/A;Cuffie con microfono USB-C Colore Nero - Certificato Skype,Certificato Avaya,Cisco Jabber Certified
8X228A6;Poly BW 3220 Stereo USB-C HS +USB-C/A Bulk;Cuffie con microfono USB-C Colore Nero - Certificato Skype,Certificato Avaya,Cisco Jabber Certified
8X220AA;Poly Cuffie Blackwire 3320 USB-C/A MS;Cuffie con microfono USB-C/A Colore Nero - Certificato Teams
8WM68AV-9334;"HP AiO ProOne 600 G6 i7-10700 22"" 16GB/1TB 3YW";
8WM68AV-6659;"HP AiO ProOne 600 G6 i7-10700 22"" 16GB/1TB 3YW";
8VU64EA;HP PB450G7 I7-10510U 15 16GB/512 WIN10P;
8MH13EA;HP PB450G7 I5-10210U 15 8GB/256 WIN10P;
8J9G2AA;"HP Monitor Serie 7 Pro 4K Thunderbolt 4 27"" 3Y";Monitor 27 pollici 4K UHD (3840 x 2160) - Tempo di risposta (tipico): 5ms GtG
8J4D8UT;HP Monitor Serie 7 Pro 727pq QHD 3YW;"Monitor LCD con retroilluminazione a LED 27"" QHD 2560x1440px a 60 Hz Classe F - Tempo di risposta 5 ms - Connettori di ingresso HDMI,DisplayPort"
8J4D8AA;HP Monitor Serie 7 Pro 727pq QHD;"Monitor LCD con retroilluminazione a LED 27"" QHD 2560x1440px a 60 Hz Classe F - Tempo di risposta 5 ms - Connettori di ingresso HDMI,DisplayPort"
8GS37A;HP Color LaserJet Managed MFP E78228dn;
8E4479;DIGICOM Lettore Smart Card e Carte Servizi;
8D6B7AA;NVIDIA Scheda Grafica RTX 4000 Ada 20GB 4DP;Scheda grafica PCI Express 4.0 x16 NVIDIA RTX 4000 Ada 20GB GDDR6 Risoluzione max 7680x4320 4 x DisplayPort
8A667EA;"HP 255 G10 AMD Ryzen 5 7520U 15.6"" 8/256GB 2YW";"Notebook 255 G10 Processore AMD Ryzen 5 7520U/2.8 GHz fino a 4.3 GHz - Display 15.6"" WLED 1920x1080 Full HD - Scheda grafica AMD Radeon Graphics - Memoria 8GB DDR4 - Disco SSD 256GB PCIe NVMe - Garanzia 2 anni Pick-up and return"
8A451EA;"HP EliteBook 860 G10 i5-1335U 16"" 16GB/1TB 3Y";"Notebook EliteBook 860 G10 - Display 16"" WLED 1920x1200/WUXGA - Grafica Intel Iris Xe - Intel Core i5 (13th Gen) 1335U - Memoria 16GB RAM - Disco 1TB SSD NVMe TLC - NFC,802.11a/b/g/n/ac/ax (Wi-Fi 6E),scheda wireless Bluetooth 5.3 - HP Wolf Pro Security Edition (3 anni)"
89537166-R;HUAWEI Tablet Mediapad M2 Premium;
893223;"DURABLE Supporto Tablet Da Terra fino a 13""";Supporto per tablet da pavimento, Sistema Antitaccheggio, Braccio Inclinabile, Scanalatura Passacavo, 270x1215x270 mm, Argento
88861-01;BLACKWIRE C520;
883V6EA;"HP ProOne 440 G9 AiO i7-12700T 23,8"" 16/512GB 3Y";"PC ProOne 440 G9 All-in-one - Processore Intel Core i7 (12 gen) 12700T/1.4 GHz - Monitor 23.8"" LED 1920x1080 (Full HD) - Scheda Grafica Intel UHD Graphics 770 - Memoria 16GB - Disco SSD 512 GB PCI Express M.2 2280 NVMe - SO Windows 11 Pro - Garanzia 3 anni"
883V5EA;"HP ProOne 440 G9 AiO i7-13700T 23.8"" 16/512GB 3Y";"Pc All-in-one Intel Core i7 (13th Gen) 13700T - Monitor 23.8"" LED 1920x1080 (Full HD) Scheda Grafica Intel UHD Graphics 770 - Memoria 16GB - SSD 512GB PCI Express M.2 2280 NVMe - Windows 11 Pro - 3 anni di garanzia"
883S9EA;HP ProMini 400 G9 i5-13500T 8/512GB 3YW;PC ProMini 400 G9 - Processore Intel Core i5 (13th Gen) 13500T - Scheda Grafica Intel UHD Graphics 770  - Memoria 8GB DDR4 SDRAM - Disco SSD 512 GB PCI Express M.2 2280 NVMe - SO Windows 11 Pro - Garanzia 3 anni
881X9EA;HP Pro SFF 400 G9 i713700 16/512GB 2Y;Personal computer Small Form Factor - Processore Intel Core i7 (13 gen) 13700 2.1 GHz - Scheda grafica integrata Intel UHD Graphics 770 - Memoria 16GB (installati)/64 GB (max)DDR4 SDRAM non ECC - Disco SSD 512GB PCI Express M.2 2280 NVMe - 1GbE, 802.11a, 802.11b/g/n, Wi-Fi 5, Bluetooth 5.3, Wi-Fi 6 - 1GbE, 802.11a, 802.11b/g/n, Wi-Fi 5, Bluetooth 5.3, Wi-Fi 6 - Garanzia 24 mesi OnSite
881X8EA;HP Pro SFF 400 G9 i513500 16/512GB 2Y;Personal computer Small Form Factor - Processore Core i5 13500 2.5 GHz - Scheda grafica integrata Intel UHD Graphics 770 - Memoria 16GB (installati)/64 GB (max)DDR4 SDRAM non ECC - Disco SSD 512GB PCI Express M.2 2280 NVMe - 1GbE, 802.11a, 802.11b/g/n, Wi-Fi 5, Bluetooth 5.3, Wi-Fi 6 - 1GbE, 802.11a, 802.11b/g/n, Wi-Fi 5, Bluetooth 5.3, Wi-Fi 6 - Garanzia 24 mesi OnSite
881457-B21;HPE 2.4TB SAS 12G 10K SFF SC 512E DS HDD;
88037BNM;HUAWEI Licenza S57XX-L Series Basic SW Per Device;
879505-B21;HPE RAM 8GB 1Rx8 PC4-2666V-E;
877782-B21;"HPE HDD 960GB 2.5"" SATA III MU SFF SC";"drives allo stato solido 2.5"" 960 GB Serial ATA III"
877575-B21;HPE ML350 Gen10 SFF AROC Cable Kit;
875500-B21;HD HPE SSD 960GB sata;
874577-B21;HPE ML350 GEN10 SLIMLINE ODD BAY KIT;
874575-B21;HPE ML350 GEN10 SFF SA/HBA CABLE KIT;
874-007983-R;Suse Linux Enterp. Server Standard SUB, 1Y rinnovo;SUSE LINUX ENTERPRISE SERVER WITH LIVE PATCHING, X86 - 64, 1 - 2 SOCKETS WITH UNLIMITED VIRTUAL MACHINES, STANDARD SUBSCRIPTION, 1 YEAR - RINNOVO
872737-001;HPE SPS-Drive HDD 1.2TB 12G 10K SFF SAS DS SC;
872736-001;HPE SPS 600 GB SAS 10K SFF SC DS HDD;
872735-001;"HPE HDD 300GB 2.5"" 12G SAS 10K RPM SFF SC";
872481-B21;"HPE 1.8TB SAS 10K SFF 2,5"" SC 512e DS HDD";
872479-B21;HPE 1.2TB SAS 10K SFF SC DS HDD;
872477-B21;HPE 600 GB SAS 10K SFF SC DS HDD;
872475-B21;HPE 300GB SAS 10K SFF SC DS HDD;
871264-001;HPE 96W Smart Storage Battery;
870757-B21;HPE 600GB SAS 15K SFF SC DS HDD;
870213-B21;HPE MicroSvr Gen10 NHP SFF Converter Kit;HPE SFF NHP SATA
86UL3J-B;"LG Display LCD 86"" retroilluminato a LED 4K";Display a schermo piatto 3840x2160 4K UHD (2160p)
869196-0010;Bose Videobar Display Mounting Kit VB-S e VB-1;
868703-B21;HPE DL380 Gen10 8SFF CTO Server;
865V8EA;"HP ZBook Power G10 i9-13900H 15.6"" 32GB/1TB W11 3Y";"Notebook Workstation Mobile ZBook Power G10 - Intel Core i9-13900H 13th Gen vPro - Display 15.6"" IPS 1920x1080 Full HD - Memoria 32GB DDR5 - Disco 1TB SSD NVMe TLC - Scheda grafica NVIDIA RTX A1000 6GB GDDR6 - NFC 802.11a/b/g/n/ac/ax (Wi-Fi 6E),Bluetooth 5.3,Gigabit Ethernet - Win 11Pro - 3 Anni di garanzia OnSite"
865V7EA;"HP ZBook Power G10 i7-13700H 15.6"" 32GB/1T W11";
865H6ET;HP Workstation Z2 G9 i9-13900 32GB/1TB 3YW;Workstation tower Intel Core i9 (13th Gen) 13900/2 GHz LGA1700 - Scheda Video Intel UHD Graphics 770 - Memoria 32GB DDR5 SDRAM - Hard Disk SSD 1TB PCI Express M.2 2280 NVMe Z Turbo Drive - Garanzia 3 anni on-site
865H5ET;HP Workstation Z2 G9T i9-13900K 32GB/1TB 3YW;Workstation Tower Intel Core i9-13900K 24core  - Scheda Video Intel UHD Graphics 770 4GB GDDR6 - Memoria 32GB DDR5 SDRAM - Hard Disk SSD 1TB PCI Express M.2 NVMe - Garanzia 3 anni on-site
865H4ET;HP Workstation Z2 G9 i7-13700 32GB/1TB 3YW;Workstation tower Intel Core i7 (13th Gen) 13700/2.1 GHz LGA1700 - Scheda Video PCIe 4.0 x16 - NVIDIA T1000 / Intel UHD Graphics 770 8GB GDDR6 - Memoria 32GB DDR5 SDRAM - Hard Disk SSD 1TB PCI Express M.2 2280 NVMe Z Turbo Drive - Garanzia 3 anni on-site
865H3ET;HP Workstation Z2 G9 i7-13700 32GB/1TB 3YW;Workstation tower Intel Core i7 (13th Gen) 13700/2.1 GHz LGA1700 - Scheda Video Intel UHD Graphics 770 - Memoria 32GB DDR5 SDRAM - Hard Disk SSD 1TB PCI Express M.2 2280 NVMe Z Turbo Drive - Garanzia 3 anni on-site
865H2ET;HP Workstation Z2 G9 i7-13700 16GB/512GB 3YW;Workstation tower Intel Core i7 (13th Gen) 13700/2.1 GHz LGA1700 - Scheda Video Intel UHD Graphics 770 - Memoria 16GB DDR5 SDRAM - Hard Disk SSD 512GB PCI Express M.2 2280 NVMe Z Turbo Drive - Garanzia 3 anni on-site
865G7ET;HP Workstation Z2 G9 i7-13700 32GB/1TB 3YW;Workstation mini Intel Core i7 (13th Gen) 13700/2.1 GHz LGA1700 - Scheda Video Intel UHD Graphics 770 - Memoria 32GB DDR5 SDRAM - Hard Disk SSD 1TB PCI Express M.2 NVMe - Garanzia 3 anni on-site
865438-B21;HPE 800W FS TI HT PLG LH PWR SPLY KIT;
865414-B21;HPE 800W FS PLAT HT PLG LH PWR SPLY KIT;HPE 800W Flex Slot Platinum Hot Plug Low Halogen Power Supply Kit
865408-B21;HPE 500W FS PLAT HT PLG LH PWR SPLY KIT;
863H4ET;"HP ZBook Fury 16 G10 i7-13700HX 16"" 32GB/1TB 3Y";"Mobile Workstation ZBook Fury 16 G10 - Intel Core i7 (13th Gen) 13700HX / 2.1 GHz - Display 16"" WLED 1920 x 1200 / WUXGA - Scheda grafica NVIDIA RTX 2000 Ada - Memoria 32GB GDDR6 - Disco 1TB SSD NVMe TLC - Tastiera retro illuminata - Garanzia 3 anni On Site"
862F1ET;"HP ZBook Power G10 i9-13900H 15.6"" 32GB/1TB 3Y";"Mobile Workstation ZBook Firefly 16 G10 - Intel Core i9-13900H - Display 15,6"" WLED WQHD (2560x1440) - Scheda Video RTX 2000 Ada - Memoria 32GB DDR5 - Disco 1TB SSD NVMe - Garanzia 3 anni Pick up and Return"
862F0ET;"HP ZBook Power G10 i7-13700H 15.6"" 32GB/1TB 3Y";"Mobile Workstation ZBook Firefly 16 G10 - Intel Core i9-13900H - Display 15.6"" IPS 1920 x 1080 (Full HD) - Scheda Video NVIDIA RTX 2000 Ada 8GB - Memoria 32GB DDR5 - Disco 1TB SSD NVMe - Garanzia 3 anni Pick up and Return"
862D5ET;"HP ZBook Firefly 16 G10 i7-1355U 16"" 32GB/1TB 3Y";"Mobile Workstation ZBook Firefly 16 G10 - Intel Core i7 (13th Gen) 1355U/1.7GHz - Display 16"" WLED 1920 x 1200 / WUXGA - Memoria 32GB DDR5 - Disco 1TB SSD NVMe TLC - Garanzia 3 anni Pick up and Return"
861686-B21;HPE HARD DISK 1TB SATA 7.2K LFF LP DS HDD;HPE 1TB SATA 7.2K LFF LP DS HDD
858854-001;HP Power Supply Z440 700W;Z840 Workstation, Z640 Workstation, Z440 Workstation (ENERGY STAR), Z440 Workstation, Z440 Base Model Workstation, Z240 Tower Workstation, Z240 Small Form Factor Workstation, Z230 Tower Workstation
85619-02;BLACKWIRE C320;
854108-850;HP Battery Pack 3-Cell Lithium 4.42Ah, 51Wh;
854108-006;HP Laptop battery 3-cell Li-ion 51Wh 11.55V 4.42A;Compatibilità EliteBook and ZBook models
85258013.90;AL Telecamera Termicaádi Riconoscimento;
851610-855;HP 4210mAh, 48Wh, Li-Ion, 4-cell, battery;HP 4210mAh, 48Wh, Li-Ion, 4-cell, RR03048XL-PR
850881-001-RFB;HPE Memoria 32GB (1x32GB) DDR4-2666 Dual Rank x4;CAS-19-19-19 Registered Smart Memory Kit
842415-2110;Bose Videobar VB1 Soundbar Ethernet WiFi Bluetooth;
840460-001;HP SPS-DRIVE 1.8TB HDD SAS SFF SS8000SG;
83P92AA;Hp Modulo RAM 32GB DDR5 SDRAM 5600MHz/PC5-44800;Modulo di memoria HP DDR5 32GB - SO DIMM 262-pin - 5600MHz / PC5-44800
83P91AA;Hp Modulo RAM 16GB DDR5 5600MHz/PC5-44800;"EliteBook 1040 G10 Notebook, 840 G10 Notebook, 845 G10 Notebook, 860 G10 Notebook, 865 G10 Notebook; ZBook Firefly 14 G10 Mobile Workstation, 16 G10 Mobile Workstation; ZBook Fury 16 G10 Mobile Workstatio"
835955-B21;HPE 16GB 2Rx8 PC4-2666V-R Smart Kit;
835847-425-R;HP ML350 G9 E5-2620v4 1P 16GB;
829I1-001355-L890;AUTODESK Revit 2024 Commercial Renewal 1Y;Single-user ELD Subscription Annual
828735-B21;HPE 900W AC 240VDC PWR BACKPLANE FIO KIT;
828734-B21;HPE 900W AC 240VDC PWR INPUT MDL FIO KIT;
826850-B21;HPE DL380 Gen10 Intel Xeon-Silver 4114;(2.2GHz/10-core/85W) Processor Kit
826565-B21;HPE ProLiant DL380 Gen10 4114 2.2GHz 10-core;HPE ProLiant DL380 Gen10 4114 2.2GHz 10-core 1P 32GB-R P408i-a 8SFF 500W PS Base Server
8240085;SolarWinds DameWare Remote Support;Per Technician License (10 to 14 user price)-Annual Maintenance Renewal
822M9UT;HP Mouse Ottico USB 105 1600dpi;
821181-001;HP Cover Base Enclosure;
819F9EA;"HP EliteBook 840 G10 i7-1355U 14"" 32GB/1TB 3YW";"Notebook EliteBook - Display 14"" WLED 1920x1200 WUXGA - Scheda Grafica Intel Iris Xe - Memoria 32GB DDR5 - Disco 1TB SSD NVMe - Webcam Integrata e Tastiera retro-illuminata - NFC,802.11a/b/g/n/ac/ax (Wi-Fi 6E), scheda wireless Bluetooth 5.3 - Windows 11 Pro 64 Italiano/Inglese - Garanzia HP Wolf Pro Security Edition (3 anni)"
819F7EA;"HP EliteBook 840 G10 i7-1355U 14"" 16/512GB 3YW";"Notebook EliteBook - Display 14"" WLED 1920x1200 WUXGA - Scheda Grafica Intel Iris Xe - Memoria 16GB DDR5 - Disco 512GB SSD NVMe - Webcam Integrata e Tastiera retro-illuminata - NFC,802.11a/b/g/n/ac/ax (Wi-Fi 6E), scheda wireless Bluetooth 5.3 - Windows 11 Pro 64 - Garanzia HP Wolf Pro Security Edition (3 anni)"
819078-001;"HPE SPS-DRV HARD DISK 2TB 12G 7.2K SAS 3,5"""" MDL";
818K2EA;"HP EliteBook x360 830 G10 i7-1355U 13,3"" 16/512GB";"Notebook Elite x360 830 - Intel Core i7 (13th Gen) 1355U/1.7 GHz - Memoria 16GB - Disco 512GB SSD NVMe - Display 13.3"" touchscreen 1920 x 1200/WUXGA - Scheda Grafica Intel Iris Xe - 802.11a/b/g/n/ac/ax (Wi-Fi 6E),scheda wireless Bluetooth 5.3 - Win11 Pro - 3 anni di garanzia"
817937-L21;DL380 GEN9 E5-2640V4 FIO KIT;
817937-B21/0D1;HPE DL380 Gen9 E5-2640v4 Kit Factory integrated;
817937-B21;DL380 GEN9 E5-2640V4 KIT;
817654;Paessler PRTG MSP Edition 20000 sensor;
815098-B21;HPE 16GB 1Rx4 PC4-2666V-R Smart Kit;
8100-119;Jabra Telecamera PanaCast MS;
805T1AA;HP 225 Tastiera Italiana Wireless nero;
805349-B21;HPE 16GB 1RX4 PC4-2400T-R KIT;
804398-B21;HPE Smart Array E208e-p SR Gen10;(8 External Lanes/No Cache) 12G SAS PCIe Plug-in Controll
804394-B21;HPE Smart Array E208i-p SR Gen10 Ctrlr;
804338-B21;HPE Smart Array P816i-a SR Gen10;Controller modulare HPE Smart Array P816i-a SR Gen10 (16 lane interne/cache 4 GB/SmartCache) 12 G SAS
804331-B21;HPE SMART ARRAY P408I-A SR GEN10 CTRLR;
8011892;KODAK E1040 Scanner A4 ADF Fronte retro 600dpi 3YW;Scanner per documenti e immagini A4 600dpi ADF da 80 fogli Colore Grigio - Connessioni 1x USB-B 3.2 Gen 1 - Software Smart Touch per la gestione semplificata delle scansioni - Garanzia 3 anni con servizio di sostituzione tramite corriere
800513-001;HP Battery Pack 3-Cell Lithium 4.08Ah 46Wh;
800264-405;Zebra Etichetta multiuso Zebra Conf. 12 Rotoli;Confezione da 12 rotoli 700 etichette - 101,60 mm Larghezza x 101,60 mm Lunghezza - Termica diretta - Bianco
7ZZ65AT;HP 16GB (1X16GB) DDR4 2933 UDIMM;
7Y37A01093;Lenovo ThinkSystem M.2 with Mirroring;Enablement Kit (contains the Dual M.2 Adapter, supports 1 or 2 drives)
7Y37A01089;Lenovo ThinkSystem 430-16i SAS/SATA 12Gb HBA;
7XB7A00023;"Lenovo ThinkSystem 2.5"" 900GB 15K SAS 12Gb HotSwap";
7W6B8AA;POLY Voyager Legend Headset Auricolare Wireless;Cuffie a clip Voyager Legend + cavo di ricarica integrato + adattatore pin
7PH68EA;HP 400G6 SFF I58500 8GB/512 W10P64 1YW;
7NQ-00302;MS SQL Svr Std Core L/SA MVL 2Lic;
7NQ-00071;Microsoft SQL Server Standard Core SLng SA;Open License
7NQ-00069;SQLSvrStdCore SNGL LicSAPk OLV 2Lic NL 1Y AqY1;
7L7Y7ET;"HP EliteBook 860 G10 i7-1355U 16"" IPS 16GB/1TB 3Y";"Notebook EliteBook 860 G10 Intel Core i7 (13th Gen)- Schermo	16"" WLED 1920x1200/WUXGA 60Hz - Scheda Grafica Intel Iris Xe - Memoria 16GB DDR5 - Disco 1TB SSD NVMe - NFC, 802.11a/b/g/n/ac/ax (Wi-Fi 6E), scheda wireless Bluetooth 5.3 - Garanzia 3Y"
7L7X9ET;"HP EliteBook 840 G10 i7-1355U 14"" IPS 32G/1TB 3Y";"Notebook EliteBook 840 G10 Intel Core i7 (13th Gen)- Schermo	14"" WLED 1920x1200/WUXGA 60Hz - Scheda Grafica Intel Iris Xe - Memoria 32GB DDR5 - Disco 1TB SSD TLC NVMe - 802.11a/b/g/n/ac/ax (Wi-Fi 6E), scheda wireless Bluetooth 5.3 - Garanzia 3Y On-site Travel"
7L7X8ET;"HP EliteBook 840 G10 i7-1355U 14"" IPS 16/512GB 3Y";"Notebook EliteBook 840 G10 Intel Core i7 (13th Gen)- Schermo	14"" WLED 1920x1200/WUXGA 60Hz - Scheda Grafica UHD Graphics - Memoria 16GB DDR5 - Disco 512GB SSD NVMe - 802.11a/b/g/n/ac/ax (Wi-Fi 6E), scheda wireless Bluetooth 5.3 - Garanzia 3Y On-site Travel"
7L7X7ET;"HP EliteBook 840 G10 i7-1355U 14"" IPS 16/512GB 3Y";"Notebook EliteBook 840 G10 Intel Core i7 (13th Gen)- Schermo	14"" WLED 1920x1200/WUXGA 60Hz - Scheda Grafica Intel Iris Xe - Memoria 16GB DDR5 - Disco 512GB SSD NVMe - NFC, 802.11a/b/g/n/ac/ax (Wi-Fi 6E), scheda wireless Bluetooth 5.3 - Garanzia 3Y"
7L7X5ET;"HP EliteBook 840 G10 i5-1355U 14"" IPS 16/512GB 3Y";"Notebook EliteBook 840 G10 Intel Core i5 (13th Gen)- Schermo	14"" WLED 1920x1200/WUXGA 60Hz - Scheda Grafica Intel Iris Xe - Memoria 16GB DDR5 - Disco 512GB SSD NVMe NFC, 802.11a/b/g/n/ac/ax (Wi-Fi 6E), scheda wireless Bluetooth 5.3 - Garanzia 3Y"
7L7W8ET;"HP EliteBook 830 G10 i7-1355U 13."" IPS 16/512GB 3Y";"Notebook EliteBook 830 G10 Intel Core i7 (13th Gen)- Schermo	13.3"" WLED 1920x1200/WUXGA 60Hz - Scheda Grafica Intel Iris Xe - Memoria 16GB DDR5 - Disco 512GB SSD NVMe - NFC, 802.11a/b/g/n/ac/ax (Wi-Fi 6E), scheda wireless Bluetooth 5.3 - Garanzia 3Y"
7L755ET;"HP ProBook 440 G10 i5-1334U 14"" 16/512GB 2YW";"Notebook ProBook 440 G10 Intel Core i5 (13th Gen) - i5-1334U / 1.3 GHz- Schermo 14"" WLED 1920x1080 Full HD - Scheda Grafica Intel Iris Xe - Memoria 16GB DDR4 - Disco 512GB SSD NVMe - NFC, 802.11a/b/g/n/ac/ax (Wi-Fi 6E), scheda wireless Bluetooth 5.3, Gigabit Ethernet - Garanzia 2Y On-site"
7L751ET;"HP ProBook 450 G10 i7-1355U 15.6"" 16/512GB 2YW";"Notebook ProBook 450 G10 Intel Core i7 (13th Gen) - i7-1355U / 1.7 GHz- Schermo 15.6"" WLED 1920x1080 Full HD - Scheda Grafica Intel Iris Xe - Memoria 16GB DDR4 - Disco 512GB SSD NVMe - NFC, 802.11a/b/g/n/ac/ax (Wi-Fi 6E), scheda wireless Bluetooth 5.3 - Garanzia 2Y On-site"
7L750ET;"HP ProBook 450 G10 i5-1334U 15.6"" 16/512GB 2YW";"Notebook ProBook 450 G10 Intel Core i5 (13th Gen) - i5-1334U / 1.3 GHz- Schermo 15.6"" WLED 1920x1080 Full HD - Scheda Grafica Intel Iris Xe - Memoria 16GB DDR4 - Disco 512GB SSD NVMe - NFC, 802.11a/b/g/n/ac/ax (Wi-Fi 6E), scheda wireless Bluetooth 5.3 - Garanzia 2Y On-site"
7L746ET;"HP EliteBook 640 G10 i7-1355U 14"" IPS 16/512GB 3Y";"Notebook EliteBook 640 G10 Intel Core i7 (13th Gen)- Schermo 14"" WLED 1920x1080/WUXGA 60Hz - Scheda Grafica Intel Iris Xe - Memoria 16GB DDR5 - Disco 512GB SSD NVMe - NFC, 802.11a/b/g/n/ac/ax (Wi-Fi 6E), scheda wireless Bluetooth 5.3 - Garanzia 3Y"
7L741ET;"HP EliteBook 650 G10 i7-1355U 15.6""IPS 16/512GB 3Y";"Notebook EliteBook 650 G10 Intel Core i7 (13th Gen)- Schermo 15.6"" WLED 1920x1080/WUXGA 60Hz - Scheda Grafica Intel Iris Xe - Memoria 16GB DDR5 - Disco 512GB SSD NVMe - NFC, 802.11a/b/g/n/ac/ax (Wi-Fi 6E), scheda wireless Bluetooth 5.3 - Garanzia 3Y"
7L733ET;"HP ProBook 440 G10 i7-1355U 14"" 16/512GB 2YW";"Notebook ProBook 440 G10 Intel Core i7-1355U - Schermo 14"" WLED 1920x1080 Full HD - Scheda Grafica Intel UHD Graphics - Memoria 16GB DDR4 3200MHz - Disco 512GB SSD NVMe PCI Express 4.0 - NFC, 802.11a/b/g/n/ac/ax (Wi-Fi 6E), scheda wireless Bluetooth 5.3, Gigabit Ethernet - Garanzia 2Y On-site"
7L728ET;"HP ProBook 470 G10 i5-1335U 17,3"" 16/512GB 1YW";"Notebook ProBook 450 G10 Intel Core i5 (13th Gen) - i5-1335U / 1.3 GHz- Schermo 17.3"" WLED 1920x1080 Full HD - Scheda Grafica Intel Iris Xe - Memoria 16GB DDR4 - Disco 512GB SSD NVMe - 802.11a/b/g/n/ac/ax, Bluetooth 5.3 - Garanzia 1Y - Colore Argento - W11 Pro64"
7KN56ET#ABZ;HP EliteBook 840 G6;
7KN55ET;"HP EliteBook 840 G6 I5-8265U 14"" 8GB/256GB WIN 10";
7F0E1AV-6424;HP Workstation Z1 TWR G9 i9-13900 64GB/1TB 5YW;WORKSTATION Z1 TWR G9 R 550W Intel Core i9-13900 2.00G 36MB 24 cores 65W CPU - Memoria 64GB (2x32GB) DDR5 4800 UDIMM - Disco SSD 1TB 2280 PCIe NVMe Value - Tastiera USB 320K - Intel AX211 Wi-Fi 6E vPro 160 MHz +Bluetooth 5.3 WW WLAN
7EL97EA-R;HP 400G6PD SFF I79700 8GB/256 W10P64;
7EL97EA;HP 400G6PD SFF I79700 8GB/256 W10P64;
7E357A;HP Color LaserJet Enterprise MFP X58045dn;Stampante multifunzione colore laser 216 x 356 mm (originale) A4/Letter (supporti) fino a 43 ppm (copia) fino a 43 ppm (stampa) 650 fogli USB 3.0, host USB 3.0, host USB 2.0, Gigabit LAN
7C9K1AV-1256;"HP ZBook Studio 16"" G10 i7-13800H 64GB/1TB 4Y";"Workstation Mobile ZBook Studio 16"" G10 i7-13800H - Display 16"" AG WUXGA 1920x1200px - Memoria 64GB DDR5 4800 - Disco SSD 1TB PCIe-4x4 2280 NVMe - AC Adapter 150W Slim - Windows 11 Pro 64 Downgrade Win 10 Pro 64 - Garanzia 4 Anni OnSite"
7B632AV-6475;"HP ZBook Fury 16"" WUXGA G10 i9-13950HX 64GB/1TB 3Y";"Workstation Mobile ZBook Fury 16 G10 - i9-13950HX - Display 16"" AG WUXGA 1920x1200px - Memoria 64GB DDR5 4800 - Disco SSD 1TB PCIe-4x4 2280 NVMe - AC Adapter 230W Slim - Windows 11 Pro 64 Downgrade Win 10 Pro 64 - Garanzia 3 Anni"
7B626AV-1253;"HP ZBook Fury 16"" WUXGA G10 i7-13850HX 64GB/2TB 4Y";"Workstation Mobile ZBook Fury 16 G10 i7-13850HX - Display 16"" AG WUXGA 1920x1200px - Memoria 64GB DDR5 4800 - Disco SSD 2TB PCIe-4x4 2280 NVMe - AC Adapter 200W Slim - Windows 11 Pro 64 Downgrade Win 10 Pro 64 - Garanzia 4 Anni OnSite"
796777-001;HPE BATTERY KIT UPS R/T3000;
787642-001;"HPE MSA 600GB 12G SAS 15K SFF 2.5"" Dual Port";
7803012;Intenso POWER ADAPTER USB-C + USB A 30W;Caricabatterie Connessioni USB-A e USB-C
77Z30AA;Poly Voyager 4320 USB-C Headset +BT700 dongle;Microsoft Teams Certified
77Y98AA;Poly Voyager 4320 -M USB-A HS +BT700 Bluetooth;Cuffie con microfono Bluetooth 5.1 - USB-C Colore Nero - Certificato Zoom e per i team Microsoft - 2 anni di garanzia
77P36AA;Poly Sync 40+ -M USB-A USB-C SP +BT700A;Vivavoce smart con adattatore BT700 - Bluetooth 5.1 -  Certificato per i team Microsoft
774619-B21/0D1;=>>>FACTORY INTEGRATED;
774619-B21;HP DL160 GEN9 8SFF W/ P440 CBL KIT;
774172-001;HP Spare 16GB (1x16GB) Dual Rank x4 DDR4-2133 CAS;
772D1AA;Poly Speaker Sync 20+ Microsoft Teams Certified;Speaker vivavoce intelligente USB/Bluetooth® Poly Sync 20 con adattatore USB Bluetooth® BT700 e custodia da viaggio
7710-309;Jabra SPEAK 710 MS;
7700-309;Jabra Speak 750 Ms Teams Usb/Bt;Fino a 6 persone con Adattatore Bluetooth Jabra Link 370 (versione Microsoft Teams) Certificato Microsoft Teams, Microsoft Teams Rooms e Skype for Business
767F6AA;Poly BlackWire 3310 -M USB-A HS;Cuffie con microfono - cablato - USB-A
7654569;HAMA  Cavetto adattatore HDMI/VGA F + Jack 3.5mmF;
763235-L21;HP DL160 GEN9 E5-2603V3 FIO KIT;
763235-B21/0D1;Factory integrated;
763235-B21;HP DL160 GEN9 E5-2603V3 KIT;
761872-B21;HP SMART ARRAY P440/4G FIO CNTRL;
759208-B21-R;HP DL380 Gen9 Universal Media Bay Kit;
754520-B21/B19;=>>>EUROPE LOCALIZATION;
754520-B21;=>>>HP DL160 GEN9 8SFF CTO SERVER;
752687R-B21-R;HPE DL380 G9 6C E5-2620V3 16GB NOHDDSFF P440AR 2GB;
752687-B21-R;HP DL380 Gen9 E5-2620v3 Base WW Svr;
7510-209;Jabra SPEAK 510 UC Audioconferenza USB & Bluetooth;Vivavoce da scrivania VoIP Bluetooth 3.0 USB - 2 anni di garanzia
7510-109;SPEAK  510 MS Lync;
749976-B21;HP H240AR FIO SMART HBA;
749974-B21;HP SMART ARRAY P440AR/2G FIO;
748922-B21-R;MS WS12 R2 Datacntr ROK E/F/I/G/S SW;
748922-B21;MS WS12 R2 Datacntr ROK E/F/I/G/S SW;
748921-B21;MS WS12 R2 STD ROK E/F/I/G/S;
748920-B21;WINDOWS SERVER 12 R2 FOUNDATION ROK;
741727-001;HP AC-Adapter Smart 45 Watt NPFC RC 4.5mm NSLIM -;
741279-B21;HP DUAL 8GB MICROSD EM USB KIT;
7410-109;Jabra SPEAK  410 MS Lync - USB;
740015-001;HP AC Adapter 45W Black;Alimentatore Notebook 45W nPFC Smart RC 4.5mm NS,Liteon
738696-061;HP KEYBOARD 15-ITL- PARTE DI RICAMBIO;
735X3AV-6261;"HP EliteBook 630 G10 i5-1345U 13.3""FHD 16/512GB 3Y";
735500-001-RFB;"HPE DRV SSD 240GB 6G 2.5"" SATA VE";
735500-001;"HPE DRV SSD 240GB 6G 2.5"" SATA VE";
734807-B21/0D1;FACTORY INTEGRATED;
734807-B21;HP 1U SFF EASY INSTALL RAIL KIT;
733664-B21/0D1;FACTORY INTEGRATED;
733664-B21;HP 2U CMA for Easy Install Rail Kit;
733660-B21/0D1;Factory integrated;
733660-B21;HP 2U SMALL FORM FACTOR EASY INSTALL RAIL KIT;HPE 2U Small Form Factor Easy Install Rail Kit
72C71AA;HP USB-C Dock universale G5 65W;"USB-C e Thunderbolt HP e non HP - Alimentazione fino a 65W - Porte: 1 USB Type-C (anteriore, uscita alimentazione/dati); 2 USB 3.0 (laterale, SS per ricarica); 2 USB 3.0 (posteriore, per ricarica); 2 DisplayPort; 1 HDMI 2.0; 1 combo cuffie/microfono (laterale); 1 RJ-45 (posteriore)"
726911-B21-R;HP H241 Smart HBA;
726821-B21;HP SMART ARRAY P440/4G CONTROL;
726722-B21-RFB;Hpe Memoria 32GB (1x32GB) Quad Rank x4 DDR4-2133;
726719-B21-R;HP 16GB 2RX4 PC4-2133P-R KIT;
726719-B21/0D1;FACTORY INTEGRATED;
726719-B21;HP 16GB 2RX4 PC4-2133P-R KIT;
726718-B21/0D1;FACTORY INTEGRATED;
726718-B21;HP 8GB 1RX4 PC4-2133P-R KIT;
726537-B21-R;HP 300GB 12G SAS 15K 2.5in SC ENT HDD;
726537-B21/0D1;FACTORY INTEGRATED;
726537-B21;HPE 9.5MM SATA DVD-RW JB GEN9;
726536-B21;HPE 9.5MM SATA DVD-ROM JB GEN9;
725Q4EA;"HP Probook 440 G10 i5-1335 14"" 16/512GB W112YOS";"Notebook ProBook 440 G10 - Intel Core i5 (13th Gen) 1335U - 14"" WLED 1920x1080 FullHD - Scheda Grafica Intel Iris Xe - Memoria 16GB DDR4 - Disco 512GB SSD NVMe,Value -802.11a/b/g/n/ac/ax (Wi-Fi 6E),scheda wireless Bluetooth 5.3,Gigabit Ethernet - 	Win 11 Pro - special edition garanzia 2 anni onsite"
725Q0EA;"HP ProBook 450 G10 i7-1335U 15.6"" 16/512GB 2YW";"Notebook HP ProBook 450 G10 - Intel Core i7 1355U / 1.7 GHz - Win 11 Pro - Grafica Intel Iris Xe - 16 GB RAM - 512 GB SSD NVMe, HP Value - 15.6"" IPS 1920 x 1080 (Full HD) - 802.11a/b/g/n/ac/ax (Wi-Fi 6E), scheda wireless Bluetooth 5.3 - argento luccio plasticato - tast: italiana - 2 anni di garanzia On-Site"
725P2EA;"HP EliteBook 640 G10 I5-1335U 14"" 16/512GB W11 3Y";Notebook EliteBook 640 G10 - Intel Core i5-1335U - Display WLED 1920 x 1080 / Full HD - Memoria 16GB DDR4 - Disco 512GB SSD NVMe
725N8EA;"HP EliteBook 630 G10 13.3"" i7-1355U 16/512GB 3YW";"Notebook EliteBook 630 G10 - Intel Core i7 (13th Gen) - Display 13.3""WLED 1920x1080 Full HD - Scheda Grafica Intel Iris Xe - Memoria 16 GB DDR4 - Disco 512 GB SSD NVMe - NFC,802.11a/b/g/n/ac/ax (Wi-Fi 6E),scheda wireless Bluetooth 5.3,Gigabit Ethernet - Win 11 Pro"
725N6EA;"HP HP EliteBook 630 G10 i5-1335U 13.3"" 16/512GB 3Y";"Notebook EliteBook 630 G10 Intel Core i5 (13th Gen) 1335U/1.3 GHz - Display 13.3"" WLED 1920x1080 Full HD Scheda grafica	Grafica Intel Iris Xe - Tastiera retro-illuminata - Memoria 16GB - Disco SSD 512GB NVMe - 802.11a/b/g/n/ac/ax (Wi-Fi 6E)scheda wireless Bluetooth 5.3 Gigabit Ethernet - Win 11Pro - 3Y OnSite"
725585-B21;HP DL160 GEN9 CPU1 RISER FIO KIT;
724865-B21-R;HP DL380 Gen9 Universal Media Bay Kit;
724865-B21/0D1;FACTORY INTEGRATED;
724865-B21;HP DL380 Gen9 Universal Media Bay Kit;
723T8EA;"HP ProBook 450 G9 i7-1255U 15"" 16/512GB 3YW";
723T7EA/UPG;"HP ProBook 450 G9 i7-1255U 15.6"" 16/512GB 3YW";"Notebook ProBook 450 Processore Intel Core i7-1255U 12Gen - Display 15.6"" 1920x1080 FullHD - Memoria 16GB - Disco 512MB SSD M.2 NvME - Windows 11 Pro"
723T7EA;"HP ProBook 450 G9 i7-1255U 15.6"" 8/512GB 3YW";
723T6EA;"Hp ProBook 450 G9 I5-1235U 15,6"" 16/512GB W11 3YW";
723T1EA;"HP ProBook 440 G9 i5-1235U 14"" 16/512GB";
720478-B21-R;HP 500W FS PLAT HT PLG PWR SUPPLY KIT;
720478-B21/0D1;FACTORY INTEGRATED;
720478-B21;HP 500W FS PLAT HT PLG PWR SUPPLY KIT;
719F8AV-6586;"HP Probook 455 G10 Ryzen 5-7530U 15,6"" 32GB/1TB 4Y";"Notebook Probook 455 G10 - AMD Ryzen 5 7530U - Display 15.6"" FHD (1920x1080) LED - Memoria 32GB (2x16GB) DDR4 3200 - Disco SSD 1TB PCIe-4x4 2280 NVMe - Wi-Fi , Bluetooth - 4 anni di assistenza OnSite"
719076-B21/0D1;FACTORY INTEGRATED;
719076-B21;HP DL380 GEN9 PRIMARY RISER;
719073-B21/0D1;FACTORY INTEGRATED;
719073-B21;HP DL380 GEN9 SECONDARY 3 SLOT GPU READY RISER KIT;
719064-B21/B19;=>>>FACTORY INTEGRATED;
719064-B21;HP DL380 GEN9 8SFF CTO SERVER;
719051-B21-R;HP DL380 Gen9 E5-2620v3 Kit;
719048-L21;HP DL380 Gen9 E5-2650v3 FIO Kit;
719048-B21/0D1;FACTORY INTEGRATED;
719048-B21;HP DL380 Gen9 E5-2650v3 Kit;
718756-001;Main Battery Pack 11.1V 5000mAh;
717376-001;Main Battery Pack 11.1V 4520mAh - HP Laptop;
716197-B21-R;HP Ext 2.0m MiniSAS HD to MiniSAS HD Cbl;
716197-B21;HP Ext 2.0m MiniSAS HD to MiniSAS HD Cbl;
700507151;AVAYA E129 Telefono SIP;
700458540;AVAYA 1616 Telefono IP;
700415573;Avaya BM32 per telefoni IP Avaya 1616 IP Phone;
6YT79AA;HP HDD ZTurbo Drive 1TB SED TLC SSD Module;
6XE74EA;HP NB 850 G6 I7-8565U 15 FHD 8GB 256 W10P DSC;
6XE71ET;HP EB840G6 I5-8265U 14 8GB/512 WIN10P;
6XD57EA;HP EliteBook 850 G6;
6WC-00002;WinRmtDSKTPSRVcsSAL ALNG LICSAP PM AVL;
6VY95AA;HP Wireless Mouse X200 Ottico Nero;Risoluzione Fino a 1600 dpi
6VC-00837;Win Remote Desktop Services CAL SA OLV D;Win Remote Desktop Services CAL SA OLV D 1Y Aq Y1 AP UCAL
6U483EA;HP Desktop Pro Tower 400 G9 i5-13500 16/512GB 3YW;Personal Computer Tower - Intel Core i5 (13th Gen) 13500/2.5GHz - Intel UHD Graphics 770 - RAM 16GB - Disco rigido SSD 512GB - Windows 11 Pro - Garanzia 3 anni On-site
6TL61ES;HP WS Z2 SFF i7 8700 8Gb 512Gb Win10 3Y;
6T257EA;HP Elite Dragonfly G3 i7-1255U 13.5 32GB/1TB 3YLTE;
6T253EA;"HP EliteBook x360 1040 G9 i7-1255U 14"" 16/512GBLTE";
6T252EA;"HP EliteBook x360 1040 G9 i7-1255U 14"" 16/512GBLTE";
6T251EA;HP EliteBook x360 1040 G9 i7-1255U14 16/512GB LTE;
6T246EA;"HP Elitebook 860 G9 i7-1255U 16"" 16/512GB 3YW";
6T242EA;"HP EliteBook 860 G9 i7-1260P 16"" FHD 32GB/1TB 3Y";
6T240EA;"HP EliteBook 860 G9 i7-1260P 16"" WUXGA 16/512GB 3Y";
6PA50A4;HP Monitor E24d G4 USB-C Docking FHD;
6N6F2AA;HP Monitor E27Q G5 IPS LED HDMI DP QHD 3YW;"Monitor E-Series LCD con retroilluminazione a LED 27"" - Risoluzione QHD 2560x1440 A 75 Hz - Tempo di risposta 5ms - Connettori di ingresso HDMI,DisplayPort,USB - 3 anni di garanzia"
6N6E9AT;HP Monitor E24 G5 IPS LED HDMI DP FullHD;"Monitor LCD con retroilluminazione a LED - 23.8"" - Full HD (1080p) 1920x1080 A 75Hz - Tempo di risposta 5ms - Connettori di ingresso HDMI,DisplayPort,USB"
6N6E9AA;HP Monitor E24 G5 IPS LED HDMI DP FullHD;"Monitor LCD con retroilluminazione a LED - 23.8"" - Full HD (1080p) 1920x1080 A 75Hz - Tempo di risposta 5ms - Connettori di ingresso HDMI,DisplayPort,USB"
6N4E8AA;"HP Monitor E22 G5 21.5"" FHD IPS 16:9 250 NITS";"Monitor a LED E-Series Full HD (1080p) 1920x1080 75Hz - Tempo di risposta 5 ms - Colore Nero, nero e argento supporto - 	HDMI, DisplayPort, USB - 3 anni di garanzia"
6N4E2AA;"HP Monitor E27 G5 27"" IPS LED FULLHD HDMI DP";"HP E27 G5 - E-Series - monitor a LED - 27"" - 1920 x 1080 Full HD (1080p) @ 75 Hz - IPS - 300 cd/m² - 1000:1 - 5 ms - HDMI, DisplayPort - nero, nero e argento (supporto)"
6N4D6AA;"HP Monitor E32K G5 31.5"" E-Series 4K UHD";"E-Series monitor a LED 31.5"" 3840x2160 4K UHD (2160p) @ 60 Hz
IPS 350 cd/m² 1000:1 5 ms HDMI, DisplayPort, USB-C altoparlanti"
6N4D3AA;"HP Monitor E27u G5 27"" IPS LED QHD USB-C Docking";"HP E27u G5 - E-Series - monitor a LED - 27"" - 2560x1440 QHD @ 75 Hz - IPS - 300 cd/m² - 1000:1 - 5 ms - HDMI, DisplayPort, USB-C - 3 anni di garanzia"
6N4D0AA;HP Monitor E24u G5 USB-C Docking FHD;"Monitor LCD con retroilluminazione a LED - 23.8"" - Full HD (1080p) 1920x1080 a 75Hz - Tempo di risposta 5ms - Connettori di ingresso HDMI, DisplayPort, USB, USB 3.1 Type C"
6N4C4AA;"HP Monitor E27k G5 27"" IPS LED 4K UHD";"HP E27k G5 - E-Series - monitor a LED con altoparlanti - 27"" - Risoluzione 3840 x 2160 4K UHD (2160p) 60 Hz - IPS - 300 cd/m² - 1000:1 - 5 ms - HDMI, DisplayPort, USB-C - nero, nero e argento (supporto)"
6N4C1AA;"HP Display E45C G5 Curved 44.5"" Dual Quad HD";"E-Series monitor a LED curvato 44.5"" 5120 x 1440 Dual Quad HD @ 165 Hz VA 400 cd/m² 3000:1 3 ms HDMI, DisplayPort, USB-C altoparlanti testa utensile nera, nero e argento (supporto)"
6H2D9AA;"HP Travel Zaino porta computer 15.6"" grigio ferro";
6H1A5AA;HP 925 Mouse Wireless verticale ergonomico Nero;Bluetooth 5.3 wireless USB - Dimensioni(LxPxH) 7.7cm x 17cm x 10cm
6GX01F;HP Stampante LaserJet MFP M234sdw A4 B/N;Stampante multifunzione Laser (in bianco e nero) 20000 pagine
6GX00F;Stampante multifunzione HP LaserJet M234sdn;Stampante Multifunzione Laser A4 B/N - Stampa, copia, scansione, alimentatore automatico da 40 fogli - Stampa fronte/retro automatica - fino a 30 ppm (copia)- fino a 29 ppm (stampa)- vassoio di alimentazione 150 fogli - USB 2.0, LAN - Garanzia 1 anno
6GW53A;Hp Pedestal per E877/E826;Supporto per stampante per modelli HP Managed MFP E877 e Managed MFP E826
6G4E6AA;HP 285 Silent Mouse Ottico wireless USB Nero;Dimensioni(LxPxH) 7.08cm x 10.95cm x 4.01cm
6FW08A;HP Scanjet Pro N4000snw1 600 E/W/U Adf Fr 40ppm 1Y;
6FW07A;HP Scanjet Pro 3000 s4 Sheet-feed USB 3.0;Scanner documenti CMOS/CIS Duplex 216x3100mm 600dpi x 600 dpi fino a 40 ppm (mono) ADF (Alimentatore automatico documenti)(50 fogli) fino a 4000 scansioni al giorno USB 3.0
6F2A8EA;"HP EliteBook 640 G9 I7-1255U 14"" 16/512GB LTE 3Y";
6F2A5EA;"HP EliteBook 630 G9 i7-1255U 13.3"" 16/512GB 3Y";
6F234EA;"HP Probook 470 G9 I5-1235U 16/512GB 17.3"" W11 2Y";
6E6F0AA;HP Mouse 715 Rechargeable Multi-Device;
6E455AV-9763;HP Workstation Z6 G5 RTX A5000 W5-3423 64GB/1TB X2;
6E455AV-7921;HP Workstation Z6 G5 Xeon W5-3423 64GB/1TB X2;Workstation Z6 Processore Intel Xeon W5-3423 12 cores - Scheda video NVIDIA RTX A5000 24 GB PCIe x16 Graphics - Memoria 64GB (2x32GB) DDR5 4800 DIMM - 2 Dischi SSD Z Turbo 1TB PCIe-4x4 2280 TLC M.2 - Tastiera e mouse
6DX60AV-8341-R;HP ProDesk 600 SFF Intel Core i5- 9500 3.0 8Gb 256;
6DX60AV-8341;HP ProDesk 600 SFF Intel Core i5- 9500 3.0 8Gb 256;
6DWVP-RFB;Dell 600GB SAS hard disk drive 10k RPM;
6C3Z1NE;HP 924 Cartuccia d'inchiostro Confezione da 4;Confezione da 4 ciano, magenta, giallo, nero originale
6B8Y1UT;HP Renew Executive 16 Laptop Backpack;
6B8Y1AA;"HP Renew Executive Zaino porta computer 16.1"" nero";
6B8H7EA;"HP ZBook Power G9 i7-12700H 15.6"" 32/512GB DG W11P";
6B890EA;"HP ZBook Firefly G9 i7-1255U 16"" 32GB/1TB W11P 3Y";
6B883EA;"HP ZBook Firefly G9 i7-1255U 14"" 32/512GB W11P 3Y";
6B1Y6EA;HP Pro Mini 400 G9 i5-12500T 16/512GB 3Y;
6B1Y0EA;"HP ProOne 440 G9 AiO 23.8"" i7-12700T 16/512GB 1YOS";
6A749EA;HP PC Pro 400 G9 i7-12700 16/512GB SFF;PC Desktop Pro Small Form Factor 400 G9 Intel Core I7-12700 - Scheda grafica: UHD Graphics 770 - RAM 16GB DDR 4 - Disco SSD 512GB M.2 PCIe NVMe - Windows 11Pro (con opzione di downgrade a w10) - Garanzia 36 mesi
6A746EA;HP ProDesk 400 G9 SFF Corei5-12500 16/512GB 3Y 11P;"Personal Computer Small Form Factor Processore Intel Core i5 (12 gen) 12500 - Scheda Video Intel UHD Graphics 770 - Memoria 16GB - Disco SSD 512GB - PCI Express M.2 2280NVMe - 	Windows 10 Pro (downgrade da Windows 11 Pro) + Licenza Windows 11 Pro - 3 anni di garanzia"
6A742EA;Hp Pro Tower 400G9 I7-12700 16/512GB W11 3Y;
6A739EA;Hp Pro Tower 400G9 MT I5-12500 16/512 W11P 3YW;
6941059620808;Xiaomi Mi Redmi Note 7 Blue 6,3 64gb/4gb Dual Sim;
693569-001;HPE HD 300GB 10K rpm 6GB 2.5;
678R1AV-5134;"HP ProBook 440 G9 i7-1255U 14""FHD 16/256GB 4Y";
672097-B33;HP USB BFR-PVC Intl Keyboard/Mouse Kit;Set mouse e tastiera USB per ProLiant DL360p Gen8, DL380 Gen9, MicroServer Gen10, ML10 v2, ML350p Gen8, XL230a Gen9
665249-B21/0D1;FACTORY INTEGRATED;
665249-B21;HP ETHERNET 10GB 2P 560SFP  ADPTR;
665240-B21/0D1;FACTORY INTEGRATED;
665240-B21;HP ETHERNET 1GB 4-PORT 366FLR ADAPTER;HPE Ethernet 1Gb 4-port FLR-T I350-T4V2 Adapter
662069-B21;HP 2° Processore x BL460C GEN8 E5-2620;
65A79NQ;"Hisense TV 65"" 4K (3840x2160)";TV Smart 65 ''  4K (3840x2160) VESA MIS-F (400x300mm)
653957-001;"HPE HDD SFF dual-port SAS 600GB 2.5"" 10K";
653955-001;HPE HD 300 Gb SAS 10Krpm 2.5 DP SAS;
653950-001;"HPE HDD 146GB SAS 15000rpm 2.5"" SFF";Parte di ricambio Hard-Disk Server
65325078CA01A12;Adobe Creative Cloud All Apps - Pro for teams;
65305285CA01A12;Adobe Stock for teams (Other);
65305183CA01A12;Adobe Illustrator for teams 1 ut. subscription 1Y;
65305156CA01A12;Adobe Photoshop for teams 1 utente subscription 1Y;
65304841CA01A12;Creative Cloud for teams All Apps with Adobe Stock;
65304579CA01A12;Adobe Creative Cloud for teams All Apps;
65304521CA02A12;Adobe Acrobat Pro for teams - ALL - Multiple Platf;VIPMP Commercial - Acrobat Pro for teams - ALL - Multiple Platforms - Multi European Languages - Annual - - 1 User
65304521CA01A12;Adobe Acrobat Pro for teams - ALL - Multiple Platf;Adobe Acrobat Pro for teams - Nuovo abbonamento (annuale) - 1 utente
652605-B21/0D1;FACTORY INTEGRATED;
652605-B21;HP 146GB 6G SAS 15K 2.5in SC ENT HDD;
652583-B21;HP 600GB 6G SAS 10K 2.5in SC ENT HDD;
652572-B21/0D1;=>>>FACTORY INTEGRTAED;
652572-B21;HP 450GB 6G SAS 10K 2.5IN SC ENT;
652564-B21;HP Hard Disk HotPlug 300Gb 6G SAS 10K 2.5in SC ENT;
652503-B21-R;HP Ethernet 10Gb 2P 530SFP + Adptr;
652501-001;HPE Ethernet 10gb2-port 530sfp+Adapter Pci Express;
650933-B21-R;HP H220 HOST BUS ADAPTER;
650926-B21-R;HP H222 HOST BUS ADAPTER;
64X86AA;"HP Monitor P22 G5 FHD 21.5"" Full HD 5ms Nero";"Monitor P-Series LCD con retroilluminazione a LED 21.5"" Full HD (1080p) 75 Hz - Connettori di ingresso HDMI, VGA, DisplayPort - 3 anni di garanzia"
64X69AA;"HP Monitor P27 G5 FHD 27"" Full HD 5ms Nero";"Monitor a LED 27"" 1920x1080 FullHD (1080p) 75 Hz - Connettori di ingresso HDMI, VGA, DisplayPort - 3 anni di garanzia"
64X66AA;"HP Monitor P24 G5 FHD 23.8"" Full HD 5ms Nero";"Monitor P-Series LCD con retroilluminazione a LED 23.8"" Full HD (1080p) 75 Hz - Connettori di ingresso HDMI, VGA, DisplayPort - 3 anni di garanzia"
64W51AA;"HP MONITOR P-Series P32u G5 31.5"" 5 ms 3YW";"Monitor LCD 31.5"" con retroilluminazione a LED QHD 2560x1440 a 75 Hz - Connessioni HDMI, DisplayPort, USB-C - 3 anni di garanzia"
64W34AA;"HP Monitor P24h G5 FHD 23.8"" Full HD 5ms Nero";"Monitor P-Series LCD con retroilluminazione a LED 23.8"" Full HD (1080p) 75 Hz - Connettori di ingresso HDMI, VGA, DisplayPort - 3 anni di garanzia"
647895-B21-R;HP 4GB 1RX4 PC3-12800R-11 KIT;
647594-B21-R;HP ETHERNET 1GB 4-PORT 331T ADAPTER;
647594-B21/0D1;=>>>FACTORY INTEGRATED;
647594-B21;HP ETHERNET 1GB 4-PORT 331T ADAPTER;
633789-B21;HP Proliant DL360G7 Processore aggiuntivo;
631667-B21;HP SMART ARRAY P212/512MB FBWC x controller Tape;
631362-B21;HP USB BFR-PVC IT KEYBOARD/MOUSE KIT;
62U86EA;"HP Notebook ZBook 16 G9 i9-12950HX 16"" 32GB/1TB 3Y";
62U31EA;"HP ZBook Fury G9 I7-12800HX 16"" 16/512GB 3YPICK";
628V9ET;HP Pro Tower 400 G9 i5-13500 16/512GB;Personal Computer Tower Processore i5 (13th Gen) 13500/2.5 GHz - Scheda Grafica Intel UHD Graphics 770 - Memoria 16 GB - Disco 512GB PCI Express M.2 2280 NVMe - GigE,802.11a,802.11b/g/n,Wi-Fi 5,Bluetooth 5.3,Wi-Fi 6 - Windows 11 Pro - 3YW
628T4ET;Hp EliteDesktop 600 G9R SFF i713700 16/512GB 3YW;Personal computer SmallFormFactor Elite 600 G9 - Processore Intel Core i7 (13 gen) 13700/2.1GHz fino a 5.2 GHz (16-core) - Scheda Grafica Intel UHD Graphics 770 - Disco SSD 512GB PCI Express M.2 2280 NVM Express (NVMe)- Memoria 16GB DDR5 SDRAM - 1GbE, 802.11a, 802.11b/g/n, Wi-Fi 5, Wi-Fi 6E, Bluetooth 5.3
628T3ET;HP Elite SFF 600 G9 R i5-13500 16/512GB 3YW;"Personal computer Elite 600 G9 Small Form Factor - Processore Intel Core i5 (13 gen) 13500/2.5 GHz - Memoria RAM 16GB DDR5 SDRAM - Disco SSD 512 GB PCI Express M.2 2280 NVMe - Scheda Video Intel UHD Graphics 770 - 	1GbE, 802.11a, 802.11b/g/n, Wi-Fi 5, Wi-Fi 6E, Bluetooth 5.3"
627Z3ET;HP Elite SFF 800 G9 i7-13700 16/512GB 3YW;PC desktop HP Elite 800 SFF Intel® Core i7-13700 di 13a generazione - Scheda grafica integrata Intel UHD Graphics 770 - Memoria 16GB DDR5-SDRAM - Disco SSD 512GB NVME
627Z0ET;HP Elite Tower 800 G9 i5-13500 16/512GB 3YW;PC desktop HP Elite 800 Tower Intel® Core i5 (13th Gen) 13500/2.5 GHz  - Scheda grafica integrata Intel UHD Graphics 770 - Memoria 16GB DDR5-SDRAM - Disco SSD 512GB PCI Express 4.0 - M.2 2280 NVMe - Windows 11 Pro
627812-B21-R;HP 16GB 2RX4 PC3L-10600R-9 KIT;
623P5ET;HP Pro Mini 400 G9 R i5-13500T 16/512GB 3YOnSite;Personal computer mini - Processore Core i7 13700T 1.4 GHz - vPro - Scheda grafica Intel UHD Graphics 770 - Memoria 16GB DDR4 SDRAM - Disco SSD 512GB PCI Express  M.2 2280 NVMe - GigE, 802.11a, 802.11b/g/n, Wi-Fi 5, Bluetooth 5.3, Wi-Fi 6 - Windows 11 Pro
623P3ET;HP Pro Mini 400 G9 R i5-13500T 16/512GB 3YOnSite;Personal computer mini - Processore Intel Core i5 (13th Gen) 13500T - Scheda grafica Intel UHD Graphics 770 - Memoria 16GB DDR4 SDRAM - Disco SSD 512GB PCI Express  M.2 2280 NVMe - GigE, 802.11a, 802.11b/g/n, Wi-Fi 5, Bluetooth 5.3, Wi-Fi 6 - Windows 11 Pro
622Y7ET;HP Elite Mini 800 G9 i7-14700 32GB/1TB 3YW;"Mini desktop Elite 800 G9 - Processore Intel Core i7 (14 gen) i7-14700/2.1 GHz (fino a 5.4 GHz 20 processori) - Memoria 	32GB (installati) / 64GB (max) DDR5 SDRAM - Disco SSD 1TB PCI Express M.2 2280 NVMe - Scheda Grafica 	Intel UHD Graphics 770 - Garanzia 3 anni di servizio per le parti, la manodopera e l'assistenza presso il cliente"
622Y5ET;HP Elite Mini 800 G9 i5-14500 16/512GB 3YW;Mini desktop - Processore Intel Core i5 (14 gen) i5-14500/2.6 GHz - Memoria RAM 16GB DDR5 SDRAM - Disco SSD 512GB PCI Express M.2 2280 NVMe - Scheda Grafica Intel UHD Graphics 770 - 1GbE, 802.11a, 802.11b/g/n, Wi-Fi 5, 802.11ax (Wi-Fi 6E), Bluetooth Dual-Mode - Special Edition 3 anni di garanzia On-site
622Q2ET;Hp Elite Mini 800 G9 i7-13700T 16/512GB 3YW;Mini PC Small Desktop - Processore Intel Core i7 13700T 1,4 GHz - Scheda grafica UHD Graphics 770 - Memoria 16GB DDR5 4.800MHz SO-DIMM - Disco 512GB SSD M.2 PCIe NVMe - 3 anni di garanzia con servizio Onsite Next Business Day
622Q1ET;HP Elite Mini 800 G9 R  i5-13500T 16/512GB 3YW;Mini desktop - Processore Intel Core i5 (13th Gen) 13500T/1.6 GHz - Memoria RAM 16GB DDR5 SDRAM - Disco SSD 512GB PCI Express M.2 2280 NVMe - Scheda Grafica Intel UHD Graphics 770 - 1GbE, 802.11a, 802.11b/g/n, Wi-Fi 5, 802.11ax (Wi-Fi 6E), Bluetooth Dual-Mode - Special Edition 3 anni di garanzia On-site
61C2GAT1IT;Monitor Desktop - ThinkVision X1 2nd gen;
615W3E3;POWEE AC ADAPTER USB-C 65Watts (EU) WHITE;
615W1E3;HUBEE MINI DOCKING STATION USB-C 4K 100W;
610861-B21;HP BL460C G7 E5640 KIT;
610674-001-RFB;Hewlett Packard Enterprise 1GB FBWC DDR3 Mini Dimm;
609M3AV-0244;"HP ZBook Fury G9 i9-12950HX 16"" 64GB/1TB";
603569-B21;HP BL460C G7 E5640 6G 1P SVR;
60223-R;LINK TastieraNero USB 108 Tasti con adattatore PS2;
60200;LINK KIT TASTIERA E MOUSE USB OTTICO NERO;
6003030;Citrix Software Maintenance Renewal (Gateway);
6002996;Citrix Private Cloud;Migrazione da licenze Citrix Virtual Apps and Desktops (CVAD) a Citrix for Private Cloud (CPC)
6000123;ENTRATEL SUITE MODULO DATI CATASTATALI ONLINE;
6000027R;CITRIX Extension Endpoint Management Service Std;
5Z7E0AA;HP Scheda Grafica NVIDIA T400 4GB PCI Express x16;4GB GDDR6 PCI Express 3.0 x16 - 3 x Mini DisplayPort - Risoluzione max 5120x2880
5Z7D9AA;HP NVIDIA RTX A2000 12GB GDDR6 PCIe 4.0 x16;
5Z7D8AA;HP Scheda Grafica NVIDIA T1000 8GB GDDR6 PCIe;"PCI Express 3.0 x16 GDDR6 SDRAM - Uscite 4 x Mini DisplayPort - Risoluzione max 7680 x 4320 a 120 Hz
per Workstation Z2 G9, Z4 G5, Z6 G5, Z8 G5"
5YZ54AT;HP RAM 16GB (1x16GB) DDR4-2933 ECC Reg;
5WS7C05909;LENOVO 1Yr Post Wty Standard NBD SR650 V2;Estensione garanzia Server Lenovo 1 Anno Post Warranty NextBusinessDay
5WS7A67893;Lenovo Foundation Service 3Yr NBD Resp SR650 V2;
5V8P6EA;HP EliteOne 840 G9 AiO i7 12700 16/512GB;
5UU40AA;HP S101 Speaker bar Soundbar per monitor;Barra audio stereo x 2 Risposta in frequenza 140-20000 Hz - Colore Nero - Garanzia 1 anno
5TW10ET;HP DOCKIN STATION USB-C DOCK G5 1YW;"Alimentatore 100 Watt Garanzia 1 anno - 1 x PoweredUSB 3.0
1 x USB-C (porta d'alimentazione) - USB-C - 1 x Audio - 1 x SuperSpeed USB 3.0 - 1 x rete - 2 x display / video - DisplayPort - 1 x display / video - HDMI"
5TW10AA;HP DOCKIN STATION USB-C DOCK G5 1YW;Alimentatore 100 Watt Garanzia 1 anno - 1 x PoweredUSB 3.0 1 x USB-C (porta d'alimentazione) - USB-C - 1 x Audio - 1 x SuperSpeed USB 3.0 - 1 x rete - 2 x display / video - DisplayPort - 1 x display / video - HDMI
5QK03A;HP Color LaserJet Managed MFP E877dn;"Stampante Laser A3 colore. Fronte/Retro Automatico. Velocità di stampa A4 fino a 40 ppm*. Risoluzione di stampa Fino a 1200 x 1200 dpi. Risoluzione scanner fino a 600 x 600 dpi. Velocità di scansione Fino a 90 ppm/180 ipm (b/n), fino a 90 ppm/180 ipm (a colori) Fronte/retro Fino a 180 ipm (b/n), fino a 180 ipm (a colori). Memoria RAM: 6 GB. Hard disk: 500 GB; crittografia hardware AES 256; funzionalità di cancellazione sicura (Secure File Erase per i file di processo temporanei, Secure Erase per i dati di processo, Secure ATA Erase-Disk). Connettività:
1 rete Gigabit Ethernet 10/100/1000T; 1 pocket di
integrazione hardware di seconda generazione (HIP2); 1
USB Hi-Speed 2.0 (host); 1 USB SuperSpeed 3.0 (dispositivo); 1 USB SuperSpeed 3.0 (host). Funzionalità di stampa mobile: Apple AirPrintT; certificazione MopriaT; stampa Wi-Fi® Direct. Linguaggi di stampa: HP PCL 5e, HP PCL 6, emulazione HP Postscript Level 3,PDF (v 1.7), compatibile con AirPrintT. Gestione carta: ByPass da 100 fogli, 1 cassetto da 520 fogli fino al formato A4, 1 cassetto da 520 fogli fino al formato A3. ADF da 200 fogli fronte/retro con scansione in un solo
passaggio (grammatura 45-255 g/m²). Display: Grafico a colori (CGD) da 10,1'' (25,65 cm) con touchscreen; display orientabile (angolazione regolabile); altoparlante"
5QJ83A;HP Multifunzione E785dn Laser A3 Colore;"F/R - Stampa, copia, scansione -  Cassetto da 520 fogli fino formato A4 - Cassetto da 520 fogli fino formato A3 - Display Touchscreen da 20,3cm (8"")a colori - Memoria RAM 6GB"
5P729EA;"HP Elitebook 860 G9 I71255U 16"" 16/512GB W11 3Y";
5P713EA;HP EliteBook 1040 G9 i7-1255U 14 16/512GB LTEA;
5P712EA;"HP EliteBook 1040 G9 i7-1255U 14"" 16/512GB";
5P6M8EA;"HP EliteBook x360 1040 G8 i7-1165G714"" 16/512GBLTE";
5HB06D;"HP Plotter DesignJet T250 A1 24"" colore ink-jet";Stampante grandi formati HP Thermal Inkjet A1 (594 x 841 mm) - Risoluzione Massima 2400x1200 dpi - USB 2.0, LAN, Wi-Fi - 2 anni di garanzia
5F8M4ES;HP Z1 MICRO TWR WS G9 Intel Core i7-14700 32GB/1TB;Workstation Micro Tower processore Intel Core i7-14700 - Scheda Grafica Intel UHD Graphics 770 - Disco SSD 1TB M.2 PCIe NVMe - Memoria 32GB DDR5 UDIMM - Garanzia 36 mesi
5F8C7ES;HP Workstation Z1 G9 i7-13700 32GB/1TB 3YW;Workstation Tower Intel Core i7 (13th Gen) 13700/2.1 GHz - Scheda Video Intel UHD Graphics 770 - Memoria 32GB DDR5 UDIMM - Hard Disk SSD 1TB PCI Express M.2 NVMe - Garanzia 3 anni on-site
5F7V9ES;HP WORKSTATION Z2 G5 TWR I7-10700 32GB/1TB 3Y;
5F7P1ES;HP WORKSTATION Z1 G9 TWR I7-12700 16/512GB W11 3YW;
5F154EA;HP WORKSTATION Z2 G9 TWR I7-13700 32GB/1TB;"Workstation Tower Z2 G9 - Core i7 13700 2.1 GHz 13th Gen - Scheda Grafica 	Intel UHD Graphics 770 - Memoria 32GB - Disco SSD 1TB SATA/NVMe (SATA 6Gb/s / PCIe 4.0 x4 (NVMe) - Nessuna unità ottica - Garanzia 3 anni on-site"
5F0L4EA;HP Workstation Z2 G9 i7 12700 32GB/1TB 3YONS;PCIe 3.0 x16 - NVIDIA Quadro T1000 / Intel UHD Graphics 770
5F0H9EA;HP Workstation Z2 i7-12700 SFF G9 16/512GB 3Y;
5F057EA;HP WS Z2 G5 SFF i7-10700 16/512GB W11P 3Y;
5C11B41472;Lenovo Cavo USB-C to USB-C cable 1M;Supporta il trasferimento dati a 10 Gbps e l'erogazione di potenza a 5 A, compatibile con vari dispositivi USB-C
5A5-00002;Microsoft Office 365 Extra File Storage Open SLng;Microsoft Office 365 Extra File Storage Add-on Sub OLV NL 1M AP Add-on - Rata annuale - Impegno triennale
59S05EA;"HP ProBook 450G8 i7-1165G7 15"" 16/512GB";"Notebook ProBook Intel Core i7-1165G7 - Display 15,6"" Full HD (1920x1080) - Memoria 16GB DDR4 SDRAM - Disco SSD 512GB M.2 NVMe PCIe - Scheda grafica Iris Xe Graphics - garanzia 2 anni"
59S03EA;"HP ProBook 450 G8 i5-1135G7 15.6"" 16/512GB";
596-22896;Etichette autolaminanti a trasferimento termico;Helatag 896, 25,40x12,70x36,50 mm, bianco-trasparente
580-ADHM;DELL Multimedia Keyboard-KB216 - Italian Qwerty;
57K33AV-6398;HP WS Tower Z4 G5 Xeon W3-2435 64GB/1TB 3YW;Workstation Tower Z4 processore Xeon W3-2435 - Memoria 64GB (2x32GB) DDR5 4800 - Disco SSD Z Turbo 1TB M2 PCIe-4x4 2280 - Windows 11 Pro 64 - Inclusi Tastiera e Mouse - 3 anni di assistenza hardware HP Active Care con intervento il giorno lavorativo successivo on-site
57K33AV-1897;HP WS Tower Z4 G5 Xeon W5-2445 64GB/1TB 3YW;Workstation Tower Z4 processore Xeon W5-2445 - Memoria 64GB (2x32GB) DDR5 4800 - Disco SSD Z Turbo 1TB M2 PCIe-4x4 2280 - NVIDIA RTX 4500 Ada 24 GB 4DP Graphics - Windows 11 Pro 64 - Inclusi Tastiera e Mouse - 3 anni di assistenza hardware HP 3 year Onsite w/DMR HE Workstation Support con intervento il giorno lavorativo successivo on-site
57K33AV-0578;HP Z4 TWR G5 Xeon W3-2535 64GB/1TB 5YW;Workstation HP Z4 Tower - Processore Intel Xeon W3-2535 vPro Enterprise 4.40G 26.25 MB 10 cores 185W CPU - Scheda Grafica NVIDIA RTX 4000 Ada 20 GB 4DP Graphics - Memoria 64GB (2x32GB) DDR5 4800 DIMM ECC REG 1CPU Memory - Disco Z Turbo 1TB PCIe-4x4 2280 SED OPAL2 TLC M.2 Solid State Drive - Garanzia HP 5 year Onsite Care w/Defective Media Retention Workstation Hardware Support
57720;Wiesemann & Theis Termoigrometro web;"Termoigrometro web, W&T
Sensor:
Temperature sensor:
Measuring range: -40°C...85°C
Relative humidity sensor:
Measuring range 0..100% RH, permissible ambient: 0..95% (non-condensing)
Connectivity:
Intuitive Web interface for simpler configuration
Monitor temperatures and trends from a browser
Alarm and reporting function:
E-mail for alarm or reporting functions
SNMP polling / alarm traps
Configure up to 12 alarm messages
Dynamic integration into other Web sites:
Direct access to current measurement values, e.g. JavaScript (AJAX).
Current industry 4.0 protocols:
OPC UA, REST and MQTT support
Additional software interfaces for incorporating into your systems/databases:
SNMPv1, SNMPv2c, SNMPv3
Modbus-TCP
OPC UA, OPC DA
Syslog
Sensobase (database integration via ODBC)
TCP and UDP sockets, client and server
FTP (data logging)
Possible applications:
Monitor temperatures in the server room, network cabinet or office
Logging of measurements via FTP, Excel file, email attachment and internal memory
dew point measurement, climate monitoring
Green IT: Monitor efficiency of the server room climate control"
564F7AV-6610;"HP ProOne 440 G9 AiO 24"" i7-12700T 32GB/1TB 4YOS";PC Desktop All In One Intel Core i7-12700T 1.40G 25MB 12 cores 35W ECC - Memoria 32GB (1x32GB) DDR4 3200 SODIMM - Disco 1TB 2280 PCIe NVMe Value SSD -
55BDL3511Q;"Philips Q-Line Display LCD 55"" 4K UHD";"Monitor LCD con retroilluminazione a LED 4K UHD (2160p) 3840x2160 - DVI-I (x 1), HDMI 2.0 (x2), USB 2.0 (x2); RJ45 - Classe G - 3 anni di garanzia"
556-00059;Software per etichette TagPrint Pro 4.0;TagPrintPro4.0-EMEA-PL-WH
550230-01N;Kit 50 viti e dadi oscillanti M6 - colore nero;
550090-02N;Ripiano 400mm colore nero 25Kg;
53X27AA;Hp Webcam HP 325 FullHD USB Nero;Risoluzione 1920x1080 px 30 fps
537P6B;HP Officejet Pro 9730e Wide Format All-in-One;Stampante multifunzione colore ink-jet A3/Ledger (297 x 432 mm) (originale)A3 (supporti)fino a 18 ppm (copia)fino a 22 ppm (stampa) 250 fogli USB 2.0, LAN, Wi-Fi(ac), host USB 2.0, Bluetooth
53304;Multimedia Micro and Headset;
523Q8EA;HP Workstation Z4 G4 Xeon W2235 3.8GHz 16/512GB;
518734-001;HP HD 450 GbDual Port Fivre Channel 10K;
512547-B21-R;HP 146GB 15K 6G 2.5 SAS DP HDD;
512547-B21;HP 146GB 15K 6G 2.5 SAS DP HDD;
50H55AA;HP Docking Station Multiporta Usb-C Universale;Docking Station - USB-C - HDMI, DP - Garanzia 1 anno
507127-B21;HP 300GB 10K 6G 2.5 SAS DP HDD;
507125-B21;HP 146GB 10K 6G 2.5 SAS DP HDD;
507119-001-RFB;HPE 146GB 6G SAS 10K rpm 2.5-inch Dual Port;Enterprise Hard Disk Drive
50217;Kit 2 Filtri Univ. per stampanti laser cm. 15X12;
500658-B21;HP 4GB 2RX4 PC3-10600R-9 KIT;
500656-B21-R;HP 2GB 2RX8 PC3-10600R-9;
4ZC7A08709;Lenovo ThinkSystem 32GB TruDDR4 2933MHz RDIMM;
4Z7Z7AA;HP Adattatore USB 3.0 to Gig RJ45 Adapter G2;
4Z527AA;HP USB-C to RJ45 Adapter G2;
4Z513AA;"HP Zaino Notebook Prelude Pro Recycled 15.6""";"Zaino per notebook 15,6"" - 3 Scomparti - Nylon idrorepellente - colore Grigio"
4Y5Y9AV-1345;HP Workstation Z2 MiniG9 i5-12500 6C 16GB/2x512GB;Workstation Mini Intel Core i5-12500 18MB 6 cores - Memoria 16GB (1x16GB) DDR5 4800 - n. 2 HP 512GB PCIe-4x4 2280 Value M.2 Solid State Drive - 3 anni di assistenza hardware HP on-site
4Y51D20850;Lenovo Mouse compatto cablato ThinkPad USB-C Nero;
4Y0H8AV-0052;HP Workstation Z2 G9 i9-14900K 6C 128GB/2TB 3YW;Workstation Tower Intel Core i9-14900K vPro 36MB 24 cores - Scheda Video NVIDIA RTX A4500 20GB GDDR6 4DP Graphics - Memoria 128GB (4x32GB) DDR5 4800 - Disco SSD HP Z Turbo 2TB PCIe-4x4 2280 TLC M.2 - SuperMulti DVDRW - 3 anni di assistenza hardware HP on-site
4Y0H6AV-9793;HP WS Z2 TOWER G9 Core i9-14900K 64GB/1TB 3YW;Workstation Tower Processore Intel Core i9-14900K vPro Enterprise 6.00G 36 MB 24 cores - Memoria 64GB (2x32GB) DDR5 4800 UDIMM NECC Memory  - Disco 1TB PCIe-4x4 2280 Value M.2 SSD - Scheda Video NVIDIA RTX 2000 Ada 16 GB 4mDP Graphics - HP 4 year Next Business Day Response Onsite Workstation Hardware Support
4XH7A08791;Lenovo ThinkSystem M.2 480GB SSD Thermal Kit;
4XH7A08771;Lenovo ThinkSystem Backplane SR550/SR590/SR650;"3.5"" SATA/SAS 12-Bay Backplane Upgrade Kit"
4XB7A17073;Lenovo ThinkSystem SSD M.2 5300 480GB SATA 6Gbps;
4X77A08689-RFB;Lenovo ThinkSystem RAM 8GB DDR4 2666MHz ECC UDIMM;Modulo di memoria Lenovo 8GB DDR4-2666MHz ECC UDIMM
4X60M97031;GEFORCE GT730 2GB DUAL DP HP+LP;
4X30M56887;Lenovo ThinkPad Essential Wireless Mouse;Mouse laser 3 pulsanti senza fili 2.4 GHz ricevitore wireless USB Campus
4X20M26272;Lenovo 65W Standard AC Adapter USB- Type-C EU;
4VN07AA;HP 16GB 2666MHz DDR4 Memory;
4RW93EA;HP Z2 SFF G4 i7 8700 8GB 256GB SSD W10 PRO;
4RA83F;HP Stampante Color LaserJet Pro 4302dw (no HP+);"Stampante multifunzione A4 Piano fisso/ADF - Wi-Fi Ethernet 10/100/1000 Base TX - Pannello di controllo Touchscreen capacitivo da 4,3"""
4R50186;Custom Batteria BTR KR5 5;per mobile computer K-RANGER
4R50123;Custom P RANGER PSU USB CBL RP3 PS CRD1;
4R50122;Custom Cover di protezione in silicone;per terminale palmare CUSTOM P-RANGER - Silicone
4R177AA;HP 455 Tastiera wireless colore nero;Tastiera programmabile italiana - Nano ricevitore wireless USB
4R009AA;HP 655 Set mouse e tastiera wireless Nera;Set mouse e tastiera italiana - Ricevitore wireless USB
4QF97AA;HP Backpack Borsa rigida 15,6;
4Q8N4AA;"HP Monitor Z24q G3 23.8"" QHD 2560x1440";"Monitor LCD con retroilluminazione a LED 23.8"" - Risoluzione QHD 2560 x 1440 A 90 Hz"
4N3U9AV-2405;HP WS Z2 TOWER Core i7-14700 32GB/2TB 3YW;"Workstation Tower Processore Intel Core i7-14700 vPro 5.40G  - Memoria 32GB (1x32GB) DDR5 4800 UDIMM NECC Memory  - Disco Z Turbo 512GB PCIe-4x4 2280 TLC M.2 SSD - 2TB 7200RPM SATA 3.5"" - 9.5mm SuperMulti DVDRW - 3 anni di assistenza hardware HP on-site entro il giorno lavorativo successivo"
4M9Z3AA;HP 1TB 2280 PCIe-4x4 NVMe Value M.2 Z2 SSD Module;Disco SSD 1 TB interno M.2 2280 PCIe 4.0 x4 (NVMe) per Workstation Z2 G9 (SFF, tower)
4M9Y2AA;HP RAM 32GB DDR5 DIMM 4800MHz PC5-38400;Modulo di memoria DDR5 SDRAM - DIMM 288-PIN Non ECC
4M9Y0AA;HP Memoria RAM 16GB 4800 DDR5 nonECC UDIMM;Z2 G9 e Elite 600/800 G9 TWR e SFF
4M9X9AA;HP Memoria RAM 8GB DDR5 (1x8GB) 4800 UDIMM NECC;"Modulo Memoria DDR5 8 GB DIMM 288-PIN 4800 MHz / PC5-38400 senza buffer non ECC
per Elite 600 G9, 800 G9; Workstation Z2 G9"
4J0G4AA;HP Docking ThunderBolt 280W G4 w/Combo Cable;USB-C / Thunderbolt 4 - HDMI, 2 x DP, Thunderbolt, USB-C GigE, 2.5 GigE - Cavo combinato - Garanzia 1 anno
4J0A2AA;HP Thunderbolt Dock 120W G4;Docking station HDMI, 2 x DP, Thunderbolt, USB-C - GigE, 2.5 GigE 120 Watt - Garanzia 1 anno
4G-N12;4G-N12 Router LTE;
4E407UT;HP 235 Mouse wireless slim;Mouse ottica 3 pulsanti senza fili 2.4 GHz ricevitore wireless USB nero
4E407AA;Hp 235 Mouse Slim Wireless 3 pulsanti;
4B5Z5AA;Hp Thin Client T540/TP AMD R1305G 4GB/32GB FLASH;
49Y3760-R;IBM Express QLogic 8Gb FC Single-port HBA;
4993-823-109;EVOLVE 20 UC Mono USB;Cuffie con microfono USB Mono Aurali - Cancellazione di rumore, Connettività USB e comandi
498N7A;HP 738 130ml Cartuccia d'inchiostro Giallo;DesignJet T850, T950
498N6A;HP 738 130ml Cartuccia d'inchiostro Magenta;DesignJet T850, T950
498N5A;HP 738 130ml Cartuccia d'inchiostro Ciano;DesignJet T850, T950
498N4A;HP 738 130ml Cartuccia d'inchiostro Nero;DesignJet T850, T950
495000-08;Canala di alimentazione 19 con int luminoso;
49065;Verbatim Memoria USB 2.0 PinStripe da 64Gb;
49064;VERBATIM Memory USB-32GB-PIN Stripe Black;
48V2A96W;MikroTik Power Supply High power 48V 2A 96W;
47L41EA;HP MINI ProDesk 400 G6 Core i5 10500T 2.3Ghz 16Gb;
47683;HARD DISK ESTERNO-2 TB-3.5 USB 3.0;
47670HD;HARD DISK ESTERNO-1 TB- 3.5USB 3.0;
470062-954;ML350TG4 XEON3.0 512MB 3X72 WIN2003;
46XIAOMIMIA164ROSE;Xiaomi Mi A1 Dual Sim 64GB Rose Gold EU;
4650-HM-1GB;HD4650 HM 64-BIT PCI-E;
4650-1GB-ULT-R;ATI SapphireHD4650 1Gb DDR2 PCI-E HDMI/DVI-I VGA;
455883-B21;HPe BLc 10Gb SR SFP  Opt;
43500/25;CAMPANA DA 25 DVD R  4.7GB  16X  SERIGRAFATI.;
433524-421-R;HP DL380 G5 Performance Models, (2) Quad-Core Inte;
43278-LND;LINDY Adattatore multiporta USB-C + Ethernet;
431958-B21-R-R;HP HD 146GB SAS 2.5'' 10KRPM;
431958-B21;HP HD 146GB SAS 2.5'' 10KRPM;
428K6AA;Hp Cuffie Stereo G2 USB;Cuffie con micricofono e filo USB
41718;LINDY Cavo Adattatore da Dp a Hdmi 4k Passivo;Adattatore da DisplayPort Maschio a HDMI Femmina 15cm
40Z32AA;"HP Monitor E24m G4 24"" FullHD USB-C Webcam e audio";"Monitor LCD con retroilluminazione a LED 23.8"" Risoluzione 1920x1080 Full HD - Hub USB, telecamera IR da 5,0 megapixel, USB PD 65 Watt - Tempo di risposta 5 ms - Connettori di ingresso HDMI, DisplayPort, USB-C - Garanzia 36 mesi"
40Z29AT;"HP Monitor E27M G4 27"" QHD 2K CONFERENCING USB-C";"HP E27m G4 Conferencing Monitor & Dockin - E-Series - Carica Notebook tramite USB-C fino a 65W - monitor a LED 27"" - 2560 x 1440 QHD @ 75 Hz - IPS - 300 cd/m² - 1000:1 - 5 ms - HDMI, DisplayPort, USB-C - altoparlanti - argento (supporto), colore nero"
40Z29AA;"HP Monitor a LED E-Series E27m G4 2K 27""";"Conferencing Monitor E-Series - monitor a LED QHD 2560 x 1440 A 75 Hz 27"" Hub USB, telecamera IR da 5,0mpx - USB PD 65 Watt - Tempo di risposta 5 ms - Connettori di ingresso HDMI, DisplayPort, USB-C, Ethernet"
40Q47B;HP Officejet Pro 8135e All-in-One Ink-jet (colore);Stampante multifunzione colore ink-jet Legal (216 x 356 mm) (originale) A4/Legal (supporti) fino a 12 ppm (copia) fino a 20 ppm (stampa) 225 fogli 33.6 Kbps USB 2.0, host USB, Wi-Fi(ac), Bluetooth blu surf scuro
40B1U5601H;"Philips Monitor 5000 Series 40"" UWQHD";"5000 Series monitor a LED 40"" (39.53"" visualizzabile) 3440 x 1440 UWQHD @ 120 Hz IPS 300 cd/m² 1200:1 HDR10 4 ms HDMI, DisplayPort, 2xUSB-C altoparlanti nero"
40AY0090IT;Lenovo ThinkPad Dock USB-C 90W 40AY0090EU;Wired, USB 3.2 Gen 1 (3.1 Gen 1) Type-C, 10,100,1000 Mbit/s, Black, 4K Ultra HD, 3840 x 2160, garanzia 12 Mesi
40AS0090IT;Lenovo ThinkPad USB-C Dock Gen 2;Lenovo ThinkPad USB-C Dock Gen 2
406L9AA;HP Scheda di rete Gigabit Ethernet PCI-Express;"Adattatore di rete Intel I225-V 2.5GBase-T x 2 - per HP Z1 G9; Elite 600 G9, 800 G9; EliteDesk 805 G8; Pro 400 G9; Workstation Z2 G9"
3YM63AE;Hp Cartuccia 305XL Tricromia Alta Capacità;
3YM62AE;Hp Cartuccia 305XL Nero Alta Capacità;
3YE87AA;Docking HP + audio;
3TK87AT;HP 8GB DDR4-2666 DIMM;
3QA55A;HP Color LaserJet Enterprise MFP M480f 1YW;Stampante multifunzione a colori Massima risoluzione copia fino a 600x600 dpi - Massima risoluzione stampa fino a 600x600 dpi - Interfaccia USB 2.0, Gigabit LAN, host USB 2.0
3PZ55A;HP LaserJet Enterprise MFP M430f B/N 1YW;Massima risoluzione stampa fino a 1200x1200 dpi - Massima risoluzione copia fino a 600x600 dpi - Massima velocità di stampa Fino a 40 ppm - Interfaccia USB 2.0, Gigabit LAN, host USB 2.0
3PZ15A;HP LaserJet Enterprise M406dn;Stampante laser B/N Duplex A4/Legal - Risoluzione 1200 x 1200 dpi fino a 40 ppm - capacità 350 fogli - USB 2.0, Gigabit LAN, host USB 2.0 - Garanzia 1 anno
3PL81AT;HP 8 GB DDR4-2666 NECC RAM;
3ME25AT;HP Nvidia Quadro P620 2GB Kit 2Adptrs MDP-DP;
3JX54EA;HP ELITEBOOK 850 I7-8550U 8GB;
3JX52ET;HP 840 I5-8250U 8GB 256GB WIN10P;
3JX50EA;HP ELITEBOOK 850 I7-8550U16GB;
3GY03A;Hp Stampante LJ Managed A4 Color E65150DN 1YW;Stampante Laser A4 Touch Screen a colori - Ethernet 10/100/1000 Base TX - Porta Usb - Velocità di stampa b/n A4 50 ppm - Velocità di stampa colore A4 47 ppm - Risoluzione stampa MAX 600x600dpi
3GX99A;HP Color LaserJet Managed E55040 A4 Color F/R;"Cassetto da 550 fogli - Display Touchscreen da 10,9cm (4,3"")a colori - Memoria RAM 1GB"
3G652F;HP Stampante LaserJet Pro 3002dw B/N;Stampante B/N Duplex laser A4/Legal 1200x1200dpi fino a 33 ppm capacità 250 fogli USB 2.0, LAN, Wi-Fi(n), Bluetooth LE
3FV67AA;HP Wireless Mouse 250;
3FJ80AA;HP Intel VROC NVMe SSD Standard Ctlr Module;
3FB01AA;HP XMMT 7360 LTE WWAN;4G,CDMA,EDGE,EVDO,GPRS,HSPA+,LTE,WCDMA
3EK11A;"HP Plotter Designjet Stampante T1600 da 36"" 2YW";"Plotter Thermal Inkjet - 36"" stampante grandi formati ink-jet colore - Risoluzione 2400x1200 dpi"
3ED79A;HP 712 cartuccia d'inchiostro Giallo;Confezione da 3 29 ml Giallo originale DesignJet Studio, T210, T230, T250, T630, T650
3ED78A;HP 712 cartuccia d'inchiostro magenta;Confezione da 3 29 ml magenta originale DesignJet Studio, T210, T230, T250, T630, T650
3ED77A;HP 712 cartuccia d'inchiostro ciano;Confezione da 3 29 ml Ciano originale DesignJet Studio, T210, T230, T250, T630, T650
3ED71A;HP 712 cartuccia d'inchiostro Black;Confezione da 3 29 ml Black originale DesignJet Studio, T210, T230, T250, T630, T650
3E5F8AA;"HP Borsa RENEW Business fino a 15,6"" Grigio";
3E2U5UT;HP Renew Business 17.3 Laptop Backpack;"Zaino porta computer 17.3"" nero"
3E2U5ET;"HP Renew Business Zaino per notebook da 17,3""";
3B4Q2AA;HP Mouse wireless multi-dispositivo HP 430 4000dpi;
3B1W4AA;"HP Curved Monitor M34d WQHD 34"" WQHD (3440x1440)";"1 USB Type-CT (DisplayPortT 1.2, potenza erogata fino a 65 W);
1 porta USB Type-B;
1 HDMI 2.0 (con supporto HDCP);
1 ingresso DisplayPortT 1.2 (con supporto HDCP);
4 USB-A 3.2 Gen 1"
397415-B21-R;HP Memory-8GB FBD PC2-5300 2x4GB Kit;
3812450;"Intenso 512GB 2.5"" SSD SATA III";Unità di memoria a stato solido interno SATA 6Gb/s 600 MBps
376597-001;"HP SPS-DRV, HD 2,5"""" 72GB 10K SAS";
375861-B21;HP 72GB 10K SAS 2.5 HOT PLUG HARD DRIVE;
36965;LINDY Cavo HDMI 5MT;
368Y5AA;HP U32 31.5 4K HDR Monitor;"- 31.5"" - 4K UHD 3840x2160 A 60Hz - Tempo di risposta 4ms - Connettori di ingresso HDMI,DisplayPort,USB"
358N9EA;HP 840G8 I7-1165 14 FHD 16-512 W10P LTE 3YWPICK;
358347-B21;HP 512MB (1 X 512MB) ML350 G4;
350534-B21;HP PL DL140R 1PXEONDP 2.4 512MB 80ATA;
34Y64AA;"HP Prelude 17.3"" Laptop Bag";"Borsa trasporto notebook 13.3"" 17.3"" per Laptop 14, 14s, 15, 15s, 17; Pavilion Laptop 13, 14, 15 - resistente all'acqua, tracolla imbottiita"
3317;Multipresa Bipasso Vultech MU-01 5P tasto On/Off;
32M2C5500W/00;"Philips Monitor Evnia 5000 32M2C5500W 31.5""";"Monitor curvato con retroilluminazione a LED 32""(31.5"" visualizzabile) VA - DisplayHDR 400 2560 x 1440 QHD @ 240 Hz - 500 cd/m² - Connettori di ingresso 2xHDMI,2xDisplayPort - 3 anni di garanzia"
325B1L/00;"PHILIPS Monitor 32"" LED IPS 2560X1440 16:9";
32152;Verbatim USB C Pro MULTIPORT HUB 9 IN 1 HDMI 4K;"Docking station per espandere le porte di un notebook         
1 x HDMI, 1 x RJ45, 2 x USB-C 3.2 Gen2, 1 x USB-A 3.2 Gen2, 2 x USB-A 3.2 Gen1, 1 x slot per scheda SD, 1 x slot per scheda microSD
Supporta video HDMI con risoluzione 4K
Porta Ethernet gigabit
Slot per scheda di memoria SD e microSD integrati
Garanzia limitata 2 anni
Compatibile con:
Windows OS 11, 10, 8, 7 (X86/X64)
Mac OS 10.2 o superiore
Chrome OS, Linux, Android 7 o superiore"
30005936CA01A12;Adobe AI Assistant for Acrobat (for teams);Licenza a termine (1 anno) 1 utente hosted Adobe Value Incentive Plan (VIP) Marketplace Livello 1 (1-9) Multi European Languages
2Z8A3AA;HP Renew TRAVEL 15.6 LAPTOP BPK zaino notebook;
2Z622F;Stampante multifunzione HP LJ Pro 4102dw (no HP+);"Stampante multifunzione B/N laser A4 fino a 38 ppm (copia)
fino a 40 ppm (stampa), 350 fogli, F/R, Gigabit LAN, Wi-Fi(n), USB, garanzia 12 mesi"
2Z606F;HP Stampante LaserJet Pro 4002dw B/N A4;USB 2.0, Gigabit LAN, Bluetooth, Wi-Fi(n) 4800x600 dpi
2Z605F;HP Stampante LaserJet Pro 4002dn B/N A4/Legal;USB 2.0, Gigabit LAN, 4800x600 dpi
2Y9H0A;HP Plotter DesignJet T850 2400x1200 dpi;"Stampante grandi formati 36"" colore Quadricromia ink-jet - Rotolo 91,4cm x 91,4cm"
2WU44ET-R;Z6 XEON4108 32GB 1TB WIN10P;
2VG42AV-41911722;HP ProDesk 600 G4 SFF PC 8GB 256Mb SSD;
2V9E6AA;HP 330 Set mouse e tastiera senza fili nero;"per HP 21, 22, 24, 27; Laptop 15, 15s, 17; Pavilion 24, 27, TP01; Pavilion Laptop 14, 15"
2UK37ET;HP Thunderbolt Dock G2;
2UK37AA;HP Thunderbolt Dock 120W G2;
2UB65EA;HP 450 I78550 16G 512GB GRAF HOM;
2S9L1AA;HP Mouse wireless HP 150 1600 dpi Nero;
2RR73EA-R;HP 470 I58250 8GB 256GB GRAF PRO;
2R9D7EA;HP 450G8 I7-1165G7 15.6 16GB 512GB WIN10P 1Y;
2R9D6EA;HP 450G8 I7-1165G7 15.6 8GB 512GB WIN10P 1YWPICK;
2R9D5EA;ProBook 450 G8 i5-1135G7 16GB 512GB 15.6'' W10 Pro;
2R9D4EA;HP 450G8 I5-1135G7 15.6 8GB 512GB WIN10P 1Y;
2R9C9EA;HP ProBook 440 G8 i5 1135G7 8Gb SSD 512Gb W10;
2N2F7EA;HP WS Z1G8T I5-11500 16GB/512GB W10P 3YW;
2MY05AA;HP Mini DisplayPort (M) a DisplayPort (F);
2FA64AV-6606-R;HP EliteBook 840 G5 IDS UMA i5-8250U Usato;
2FA64AV-6606;HP EliteBook 840 G5 IDS UMA i5-8250U;
2F1X4AA;Custodia HP Reversible Protective 14,1 Blue Laptop;Custodia HP Reversible Protective 14,1'' Blue Laptop Sleeve Neoprene Nero
2EH31A;HP Scheda fax;
2D182EA-R;HP 450 G7 i7-10510U 15.6 16/256 W10P;
2D181EA-R;HP 440 G7 i7-10510U 14 16/256 W10P;
2CF56A-50PPM;Hp Page Wide E77650dn multifunzione;
29702;Tappetino per mouse colore Grigio;Dimensioni: 224*186*6 MM
29701;Tappetino per mouse colore rosso;Dimensioni: 224*186*6 MM
293U2EA;HP 400G7 MT I7-10700 16GB 512GB DVD-RW W10P 1YW;
290563-B21;HP NC7771 10/100/1000T 64/133MHZ PCI-X;
2900117805124;Xiaomi Mi A1 Dual Sim 64GB Black;
28970;Cavo Vultech Hdmi To Hdmi V. 1.4 3Mt. (AA14303);
286J4ET;HP 225 Set mouse e tastiera USB Italiana Nero;
286J4AA;HP 225 Set mouse e tastiera USB Italiana Nero;
286J1AA;HP 16GB (1x16GB) DDR4 3200 SODIMM Mem;
286H8AA;HP 8GB 3200MHZ DDR4 MEMORY;
286778-B22;HOTPLUG - 72.8 GB - ULTRA320 15K RPM UNIVERSAL ( 1;
27BA400-B.AEU;"LG Monitor Display IPS Full HD 27"" 5ms 2YW";Monitor LCD con retroilluminazione a LED IPS 100Hz - Risoluzione 1920x1080 Pixel - HDMI VGA (D-Sub)
277V2AA;HP THIN CLIENT T430 N4000 4GB/32GB WI-FI W10;
275S1AE/00;"Philips Monitor 27"" S Line 275S1AE MMIPS 2560X1440";
272S1M;"Philips S-Line Monitor 27"" Full HD";Monitor LCD con retroilluminazione a LED 1920x1080 Full HD (1080p)  - HDMI,DVI-D,VGA,DisplayPort - Classe E - 3 anni di garanzia
272S1AE;"PHILIPS Monitor 27"" 272S1AE IPS FHD 3YW";
27151;GIMA Borsa Primo Soccorso in PVC 55x35x32cm Rossa;
26D32AA;HP USB-C Dock G5 USB 3.2 Gen;"Docking station universale per espandere le porte di un notebook - Porte: 1 USB Type-CT (frontale); 1 USB 3.0 (laterale, ricarica SS); 3 USB 3.0 (posteriore, ricarica); 2 DisplayPortT; 1 HDMI 2.0; 1 RJ-45; 1 combo cuffie/microfono."
266C9ET;HP Tastiera 125 WD KBD USB;
266C9AA;HP 125 Tastiera USB Cablato colore nero;Dimensioni (LxPxH) 43.6cm x 13.8cm x 2.03cm
265A9UT;HP 125 Mouse Ottico cablato USB Nero;Dimensioni (LxPxH) 6.3cm x 11.2cm x 3.6cm
265A9ET;HP Mouse Ottico USB Wired 125 Colore Nero;Dimensioni (LxPxH) 6.3 cm x 11.2 cm x 3.6 cm
265A9AA;HP 125 Mouse Ottico cablato USB Nero;Dimensioni (LxPxH) 6.3cm x 11.2cm x 3.6cm
25573;Trust ADATTATORI da USB-A a USB-C;CONFEZIONE DA 2 - USB Type-A Maschio a USB Type-C Femmina
25145;Trust BAYO II Mouse Wireless Ergonomico Verticale;Mouse Wireless Ergonomico Verticale Ricaricabile
25089;Trust AYDA CUFFIE USB CON MICROFONO USB-A o USB-C;Cuffie Usb Con Microfono Con Riduzione Rumore Per Pc/Laptop - tecnologia ENC elimina i rumori di fondo per una comunicazione chiara e nitida - 65% Plastica Riciclata - Nero
25012;TRUST ODY II TASTIERA WIRELESS SILENZIOSA - NERO L;
24MR400-B.AEUQ;"LG Monitor Full HD 23.8"" IPS Borderless 5ms";IPS 100Hz - Risoluzione 1920x1080 Pixel - HDMI VGA (D-Sub)
24MP400P-B.BEU;"LG MONITOR 23.8"" IPS BORDERLESS 16:9 Full HD 5ms";
24BR400-B.AEUQ;"LG Monitor BR400 Full HD 24"" Borderless 5ms";Monitor LCD con retroilluminazione a LED IPS 100Hz - Risoluzione 1920x1080 Pixel - HDMI VGA (D-Sub)
24743;Trust Tappetino Per Mouse BOYE MOUSE PAD;Tappetino per mouse in gomma naturale e tessuto riciclato - 250x210x3 mm
246099-B21;HP - Rack 10000 - 10642 -  Kit Panelli Laterali;
245161-B21;HP - Rack 10000 - 10642 (42U) - Pallet;
245110;EQUIP mouse ergonomico verticale;Per destri wireless 1600dp Microricevitore USB
241B8QJEB/00;"Philips B-Line Monitor LED 24"" Full HD 3Y";Full HD (1080p) 1920 x 1080 A 75 Hz - HDMI, DVI-D, VGA, DisplayPort - Tempo di risposta 5 ms - Garanzia 3 anni OnSite Swap
24193;Trust Tappetino Per Mouse Taglia M 210 X 250;Tappetino per mouse liscio con base in gomma antiscivolo
240J7AA;Hp Tastiera e mouse HP 150 Wired USB Nera;
240B9/00;"Monitor Philips 240B9 24,1"" LED IPS 1920*1200 16:1";"Monitor a LED 24.1"" (24"" visualizzabile) 1920 x 1200 WUXGA @ 75 Hz IPS 300 cd/m² 1000:1 4 ms HDMI, DVI-D, VGA, DisplayPort
altoparlanti black texture Peso: 8,54 KG"
23882;Trust tastiera Primo Keyboard USB black;
23731;TRUST MOUSE VERTICALE WIRELESS ERGONOMICO;RICARICABILE MULTICONNECT (BT + WL 2,4GHZ) CON DISPLAY - 9 PULSANTI PROGRAMMABILI - TRUST VOXX - NERO
23029;Trust Gaming GXT 408 Cobra Auricolari;
229W7B;HP Office Jet Pro 8022E MFP Fax 20/10ppm ETH;Stampante multifunzione colore ink-jet - USB 2.0, LAN, Wi-Fi(n) - Massima risoluzione stampa fino a 1200x1200 dpi (mono) / fino a 4800x1200 dpi (colore) - Massima risoluzione Scansione 1200x1200 dpi
228-05018;Microsoft SQL ServerStdEd AllLng Assurance MVL1 L;
223R2B;HP ENVY Pro 6430e Mfp Ink-Jet A4 Wi-Fi;
2230-40300-122;SOUNDSTATION IP 7000 (SIP) CONF PH;
221B8LJEB/00;"Philips B Line Monitor LCD 221B8LJEB 21.5""";Monitor LCD con retroilluminazione a LED Full HD (1080p) 1920 x 1080 A 60 Hz - Tempo di risposta 1 ms - HDMI,VGA - 2 anni di garanzia
2200-86990-025;Poly Telefono Edge E220 IP POE Bluetooth NFC RJ-45;
2200-15810-025;POLYCOM CX3000 IP CONFERENCE PHONE FOR MIC;
21Y56AA;"HP Monitor P34hc G4 curvato 34"" WQHD 3YW";"Monitor LCD con retroilluminazione a LED 34"" Curvato WQHD 3440 x 1440 A 60 Hz - Tempo di risposta 5 ms - Connettori di ingresso HDMI,DisplayPort,USB-C"
21SQ000DIX;"Lenovo ThinkBook 14"" 2-in-1 Ultra7-255U 16/512GB";"Notebook 2 in 1 design ruotabile ToucScreen - Processore Intel Core Ultra 7 (Serie 2) 255U/2GHz fino a 5.2 GHz/12MB Cache - Display 14"" touchscreen 1920 x 1200 / WUXGA @ 60Hz - Memoria 16 GB DDR5 (1 x 16 GB) - Disco 512GB SSD NVMe - Garanzia 1 anno di assistenza Lenovo Premier"
216875-01;Poly Sync 40 MS;Altoparlante portatile con microfono
216867-01;Poly Speakerphone SYNC 20+ USB-A MS;con adattatore BT600
21429751;Norton 360 Standard 2023 ESD;NORTON 360 STANDARD 2023 - 1 DEVICE 1 YEAR- 10GB
21429122;Norton 360 Standard 1 Dev 10GB IT BOX;Licenza base Italiano versione Box
21368880-A;SYMC ADVANCED THREAT PROTECTION;
21241;PAESSLER PRTG XL1/Unlimited 12 maintenance months;
21210874-A;SYMC EMAIL SAFEGUARD PER USER BAND A 10-49 1 MONTH;
2120001;SolarWinds DameWare Remote Support Subscription;SOLARWINDS DAMEWARE REMOTE SUPPORT PER TECHNICIAN LICENSE - SUBSCRIPTION
2112723;DYMO LABELWRITER 550 TURBO Etichettatrice;Stampante di etichette ad alta velocità per PC/Mac® con connessione LAN - stampa termica diretta
210-BPSQ_CTO;Dell Pro Max Tower T2 (FCT2250) Ultra 7 265 W11Pro;Dell Pro Max Tower T2 (FCT2250) CTO Base - Intel® CoreT Ultra 7 265 (20 core, fino a 5,3 GHz, 65 W) - Dell Pro Max Tower T2 con PSU da 360 W (80 Plus Platinum) - RAM 32GB (2 da 16 GB, DDR5, 5.600 MT/s, non ECC) - NVIDIA® RTXT A1000, 8 GB di GDDR6, 4 adattatori da mDP a DP - SSD da 1 TB, M.2 2280, TLC PCIe Gen4 - Scheda wireless Intel(R) Wi-Fi 7 BE200, 2x2, 802.11be, MU-MIMO, Bluetooth(R) 5.4 - Tastierea - Mouse - W11 Pro - 36 mesi ProSupport con assistenza on-site entro il giorno lavorativo successivo alla chiamata dopo la diagnosi in remoto e supporto hardware e software
210-ANVB;DELL Wyse 5070 TC Celeron J4105 1.5GHz 32GB SSD;
20X24AA;HP Scheda Video NVIDIA RTX A4000 16GB;Scheda grafica RTX A4000 16GB GDDR6 - PCI Express 4.0 x16 - 4 x DisplayPort
20X22AA;HP NVIDIA Quadro T1000 4GB;
20WL56P;TOSHIBA TV LCD 20 POLLICI;
20UBS04H00;Thinkpad X1Y5 i7-10510U IG+16G+AX201;
20UBS02A00;Lenovo Notebook X1 Yoga 5th i7-10510U;
20G07A;HP Scanner Scanjet Pro N4600 fnw1 USB 3.0/Lan/WiFi;scanner documenti - desktop - USB 3.0,Gigabit LAN,Wi-Fi(n) - Risoluzione ottica 600x1200 dpi - Formato max documento 216x5362mm - fino a 40 ppm - ADF (Alimentatore automatico documenti) (100 fogli)- Duty Cycle 6000 scansioni al giorno
209747-201;Poly cuffie BLACKWIRE,C3225 USB-A;
209745-201;POLY Cuffie PLANTRONICS BLACKWIRE C3220 USB-A;
209745-101;BLACKWIRE C3220 USB-A CAVO;
209744-201;PLANTRONICS BLACKWIRE C3210 USB-A MONO;
207577-01;Poly BLACKWIRE 5210 C5210 USB A;
207576-201;Poly BlackWire 5220,C5220,USB-A,WW;
207576-01;BLACKWIRE 5220 C5220 USB-A WW;
205204-02;BLACKWIRE 225 STEREO HEADSET;
20451;Vultech cuffie HD-03N nero super bass;
201G0AT;HP HDD SSD Kit ZTurbo 512GB PCIe-Gen 4x4 TLC Z2;
201G0AA;HP HDD SSD Kit ZTurbo 512GB PCIe-Gen 4x4 TLC Z2;per Workstation Z2 G8, Z2 G9 (SFF, tower)
201F8AA;HP SSD Z Turbo Drive da 2 TB PCIe Gen 4x4 M.2 TLC;"SSD 2 TB interno M.2 PCIe 4.0 x4
per Workstation Z2 G9 (SFF, tower), Z8 G4"
20002753;AVM FRITZ!Powerline 1220E Set;
1Y4D0UT;HP Kit Mouse e Tastiera wireless HP 235 Laser;
1Y4D0AA;HP Kit Mouse e Tastiera wireless HP 235 Laser;
1XD85AA;HP RAM DDR4 16GB 2666MHz PC4-21300 WS Z4/Z6/Z8 G4;
1X645AA;"HP Borsa Prelude Pro Recycled 15.6"" Nero";"Borsa a tracolla per notebook 15,6"" con apertura dall'alto"
1VD87A;HP Plotter DesignJet T1700 PostScript 2400x1200DPI;
1PV87A;HP LaserJet Enterprise M507dn;
1PU51A;HP Stampante Laserjet Managed E50145dn B/N A4 F/R;Gigabit 10/100/1000 Base TX - 43ppm
1PD60AA;HP Z Turbo Drive M.2 512GB TLC (Z4/Z6 G4) SSD Kit;
1PASSWORD;AgileBits 1Password software Business Annual;
1P3K6AA;HP Alimentatore 65W USB-C LC POWER ADAPTER;
1ND57ET-R;800 G3 T I5-7500 8G 1TB W10 PRO;
1JS08AT-R;HP Z24I G2 24 1920x1200 VGA HDMI 1.4;
1JS08AT;HP Z24I G2 24 1920x1200 VGA HDMI 1.4;
1JS07AT-R;HP Z24NF G2 IPS DISPLAY;
1JP11AV-6635;HP Z4 G4 Base Model Workstation;"Intel Xeon W-2123 3.6 2666MHz 8.25 4C CPU
16GB (2x8GB) DDR4 2666 DIMM ECC Registered Memory
NVIDIA Quadro P2000 5GB (4)DP GFX
HP Z Turbo Drive M.2 256GB TLC SSD
1TB 7200RPM SATA 3.5in
Windows 10 Pro 64 Workstations
HP 3_3_3 Warranty"
1JP11AV-6615;HP Workstation Z4 G4 MT 7100;
1JP11AV-6609;HP Workstation Z4 G4 MT 9100;
1JJ50EA;400G4MT i575007 8GB 1TB W10p64;
1GK-00004;Microsoft Surface Dock 2 Docking station;Docking station Surface Connect 2 x USB-C GigE 199 Watt - per Surface Go, Go 2, Go 3, Laptop, Laptop 4, Laptop 5, Laptop Go, Laptop Go 2, Laptop Studio, Pro (5th Gen), Pro 6, Pro 7, Pro 7+, Pro 8, Pro 9, Pro X
1FH51AT;HP Monitor EliteDisplay E273m 16:9 FHD 3YW;
1FH51AA;"HP Elitedisplay E273m 27"" FullHD 16:9 Webcam";
1FH49AT-R;HP ELITEDISPLAY E243I 24 IPS LED 1920X1200 FHD;
1FH48AT;HP ELITE DISPLAY E243M 23.8 INCH;
1FH47AT-R;HP ELITEDISPLAY E243 MONITOR - 23.8 IPS LED;
1FH47AT;HP ELITEDISPLAY E243 MONITOR - 23.8 IPS LED;
1EM45ES;HP ELITEBOOK X360 1030 G2;
1C4Z7AT;"HP Monitor Z Display Z27q G3 27"" QHD 2560x1440";"Monitor LCD con retroilluminazione a LED 27"" QHD 2560x1440 60 Hz 5ms 3Y Colore Argento"
1C4Z7AA;"HP Monitor Z Display Z27q G3 27"" QHD 2560x1440";"Monitor LCD con retroilluminazione a LED 27"" QHD 2560x1440 60 Hz 5ms 3Y Colore Argento"
1C4Z5AT;HP Monitor Z Display Z24n G3 WXGA;
1C1Y5AA;HP Travel USB-C Multi Port Hub;
1B9T0AT;"HP Monitor Z27K G3 4K 27"" IPS UHD 3840x2160 USB-C";"Monitor LCD con retroilluminazione a LED 27"" 4K 3840x2160px a 60 Hz Classe G - Tempo di risposta 5 ms - Connettori di ingresso HDMI,DisplayPort,USB-C"
1B9T0AA;"HP Monitor Z27K G3 4K 27"" IPS UHD 3840x2160 USB-C";"Monitor LCD con retroilluminazione a LED 27"" 4K 3840x2160px a 60 Hz Classe G - Tempo di risposta 5 ms - Connettori di ingresso HDMI,DisplayPort,USB-C"
19U64AA;HP Wireless Silent 280M Mouse;
1980B002AA;CANON Toner 716 Nero Durata2300pg. al 5%;
1979B002AA;CANON Cartuccia Ciano 1500 Pgg. al 5%;
1978B002AA;CANON  Cartuccia Magenta 1500 Pgg. al 5%;
1977B002AA;CANON Cartuccia Giallo 1500 Pgg. al 5%;
195416C1-3447-423A-B37B-E;MS Exchange on line (plan 1);
191117-002;HP 2M LC TO LC MULTI MODE DUPLEX FIBER OPTIC CABLE;
1900846;Bacheca Pacific extra piatta;
18POW;MikroTik Low power 24V 0.8A power supply;
18H24AA;HP 230 Wireless MOUSE+KeyBoard COMBO;
186189;DJI Osmo Pocket Handheld 3 Axis;
176X0EA;HP 840G7 I5-10210U 14T FHD 8GB 256 W10P 3YW;
169L0AT;"HP Monitor E24mv G4 FHD 23,8"" Multimediale 3YOS";
169L0AA;HP E24mv G4 Conferencing Monitor;"Monitor LCD con retroilluminazione a LED - 23.8"" - Full HD (1080p) 1920x1080 A 60Hz - Tempo di risposta 5ms - Connettori di ingresso HDMI,DisplayPort,VGA - garanzia 3 anni"
1548964532;Lavagna magnetica bianca 120x90cm;
1541399;Clevertouch Staffa A Parete Portata 105 Kg;VESA MAX 800X600
1541355OPT;CLEVERCAST Trasmettitore Usb C;Per Clevertouch Serie Impact Lux. Attenzione non compatibile con Impact Max Garanzia 12 mesi - Trasmettitore video, audio e touch in modalità wireless
1541322;"Clevertouch Monitor 86"" IMPACT Max 2";Monitor touchscreen 4K Ultra HD Sistema Android 13 - Include Licenze Perpetue Per Cleverlive, Lynx Whiteboard,Cleverstore e Clevermdm Licenza 1 Anno - Garanzia 36 mesi
1541304;"CLEVERTOUCH Monitor Touchscreen IMPACTMAX 4K 65""";Monitor touchscreen 4K Ultra HD Sistema Android 11- Include Licenze Perpetue Per Cleverlive, Lynx Whiteboard,Cleverstore e Clevermdm Licenza 5 Anni - Garanzia 36 mesi
1541256OPT;CLEVERSHARE 3 Kit Ricevitore E Trasmettitore Usb C;Per Clevertouch Serie Hp, Impact Garanzia 12 mesi - Trasmettitore video, audio e touch in modalità wireless
1541231-2;"CLEVERTOUCH UX PRO SERIE 2 4K UHD 86"" Android 9 3Y";Monitor touchscreen 4K Ultra HD - Tecnologia IR ad Alta Precisione -  Sistema Android 9 - Compatibile con Clevershare - 2x 15W speakers + 15W subwoofer
1521301;Clevertouch OPS i7 1260p 1YW;Modulo OPS per CLEVERTOUCH Processore Intel® i7 1260P 16GB DDR4 2400GMHz RAM. Supports up to 4K video resolution 1 x M.2 512GB SSD
1521075;Clevertouch OPS i7 1260p 12YW;Modulo OPS per CLEVERTOUCH Processore Intel® i7 1260P 16GB DDR4 2400GMHz RAM. Supports up to 4K video resolution 1 x M.2 512GB SSD
142257-007;HP POWER CABLE IEC(C14)-TO-IEC(C13);
14207-57;Jabra Panacast Wall Mount;
141J8AA;HP Dual USB-A 3.2 Gen1 Flex 2020;
13L76AA;HP RAM UDIMM DDR4-3200 PC4-25600 8GB 288-PIN;"per HP 280 G4, 280 G5, 290 G3, 290 G4; Desktop 280 Pro G5, Pro 300 G6; EliteDesk 705 G5 (DIMM), 800 G6 (DIMM), 800 G8 (DIMM); 805 G8 (DIMM); Pro 400 G9; ProDesk 400 G6 (DIMM), 405 G6 (DIMM), 400 G7 (DIMM), 600 G5 (DIMM), 600 G6 (DIMM); Workstation Z1 G8, Z1 G8 Entry"
13L74AA;HP Memoria RAM 16GB DDR4-3200 UDIMM;HP RAM UDIMM DDR4-3200 da 16 GB (HP Desktop Tower e SFF)
13L60AA;HP Scheda di Intefaccia USB-C 3.1 Gen2;HP Type-C USB 3.1 Gen2 con alimentazione Flex IO da 100 W
139180;"REALME GT MASTER EDIT 6.43"" DSIM 5G 8G/256G NERO";
13880-M1-23;VERITAS ESSENTIAL 12 MONTHS RENEWA;"VERITAS ESSENTIAL 12 MONTHS RENEWAL FOR SYSTEM RECOVERY DESKTOP ED WIN 1 DEVICE ONPREMISE STANDARD PERPETUAL LICENSE CORPORATE
Copertura dal 24/06/2019 al 23/06/2020"
133DISPLAYPORTHDMI21;StarTech Cavo DisplayPort HDMI 8K Black e Gray 2M;Cavo adattatore DisplayPort / HDMI - 8K 60Hz,4K 144Hz,HDR10,DP 1.4 to HDMI 2.1 Active Video Converter
133458;Conceptronic adattatore USB-C a display port;
12FMTPOM4#84154;FS.COM Cavo in Fibra 20M MTP®-12 UPC Multimodale;Bretella in fibra 20m (66ft) MTP® Jumper, MTP®-12 UPC (Femmina) a MTP®-12 UPC (Femmina), 12 Fibre, Multimodale (OM4), Plenum (OFNP), 0.35dB Max, Tipo A, Magenta
12FMTPOM4#73705;FS.COM Cavo in Fibra 15M MTP®-12 Multimodale OM4;15m (49ft) MTP® Jumper, MTP®-12 UPC (Femmina) a MTP®-12 UPC (Femmina), 12 Fibre, Multimodale (OM4), Plenum (OFNP), 0.35dB Max, Tipo A, Magenta
12FMTPOM4#68107;FS.COM Cavo in Fibra MTP®-12 UPC Multimodale OM4;Bretella in fibra 10m (33ft) MTP® Jumper, MTP®-12 UPC (Femmina) a MTP®-12 UPC (Femmina), 12 Fibre, Multimodale (OM4), Plenum (OFNP), 0.35dB Max, Tipo A, Magenta
121333;ThinPrint RDP Engine 32/64 bit UPD+SUP Serv 1Y;
1210000068;HAIER Frigo Cantina mono zona WINE CELLAR HWS49GA;Numero bottiglie 49 - Capacità netta totale 116litri - Porta reversibile - Dimensioni (AxLxP): 82x49,7x58 cm
11M59EA;HP 400G7 SFF I7-10700 8GB 512GB DVD-RW W10P 1YW;Scheda grafica Intel® UHD 630 - Memoria 8GB - Disco SSD 512GB
119333;EQUIP Cavo Displayport 1.2 4k/60hz M/M 3M;Cavo DisplayPort 20 pin Maschio
10U64EA;HP 840G7 I7-10510U 14 FHD 16-512 W10P 3YWPICK;
10U50EA;HP 850G7 I7-10510U 15.6 FHD 16-512 W10P LTE;
10550170;SOEKRIS Board and 1 Slot Case (no power supply);
1050050001;Certificato Tecnico Medium Emissione;Validità 6 Anni
1050010006;Licenza FirmaGrafoCerta - Windows - Attivazione;
1050010005;Licenza FirmaGrafoCerta Windows;Canone Manutenzione Annuale
1014900231;BEKO Frigorifero RDSA310M30XBN A+ 7507520095;Frigorifero doppia porta statico - Colore porte Metal Look - 310 litri - Dimensioni (HxLxP) 175x60x60cm
1000902;EPOS Cuffie ADAPT 165T USB II;ADAPT 165T USB II, USB-A e Jack 3,5 mm, Cuffia stereo con microfono, certificata Microsoft Teams
0THUWEPLDE0001;Huawei WebPocket 4G LTE;
0P9AC2GL;"FEC Tablet Rugged AT-2055 10,1"" IPS 128GB N4120";Tablet WIFI
0F38462;"WD Ultrastar DC HC550 hd 16Gb 3,5""SATA 7200rpm";
0B35950;WD Ultrastar DC HC310 HUS726T4TALA6L4 4TB;"HDD interno Capacità 4TB 3.5"" SATA 6Gb/s 7200 rpm - Dimensione buffer	256 MB - Velocità di trasferimento dati	600MBps - 	5 anni di garanzia"
0AC106GL;FEC BRAZIL PLUG HEAD TABLET RUGGED AT-2055;
0AC105GL;FEC Adattatore Plug presa USA;USA PLUG HEAD TABLET RUGGED AT-2055
07610;LINK CAVO RCA CONNETTORI 2 X CINCH MM MT.5;
0661757853457;Xiaomi Redmi 5 Plus 64GB Dual Sim Black - Nero;
057I1-007738-L882;AutoCAD LT RINNOVO piano di abbonamento 3 anni;1 utente con supporto avanzato
057I1-006845-L846;AutoCAD LT Commercial Single-user Annual Subs Rnw;
03200GS11007;ZEBRA 3200 Premium Wax-Resin Ribbon;3200 Premium Wax/Resin, Ribbon, Face Construction N/A, Material Wax/Resin, Thermal Transfer, 110mm x 74M, Outside Diameter mm N/A, Quantity for roll 1, Quantity for box 12, ZipShip, Desktop, Perforation (Y/N) n, Core Size mm12,7
021-10257-R;MS Office Std 2013 SNGL OLP NL;
01FR050;LENOVO Alimentatore 65W AC ADAPTER;Voltaggio 20V Potenza max. 65W
006R04400;Xerox Toner alta capacità nero per B225,B230,B235;
006R04150;Xerox Toner 650A/651A/307A CE343A/CE273A/CE743A;Toner laser Magenta compatibile Hp 13.500pg
006R04149;Xerox Toner 650A/651A/307A CE342A/CE272A/CE742A;Toner laser Giallo compatibile Hp 13.500pg
006R04148;Xerox Toner 650A/651A/307A CE341A/CE271A/CE741A;Toner laser Ciano compatibile Hp 13.500pg
006R04147;Xerox Toner 650A/651A/307A CE340A/CE270A/CE740A;Toner laser Nero compatibile Hp 13.500pg
 I-CASE CABLE-PBK;"INTELLINET Pannello Passacavi 19"" 1U con Coperchio";
 680CA000006;Salicru SPS PDU SPS 4F+6F PDU SCH+C13/C14;"Unità di distribuzione dell'energia - Profili in alluminio da 1u a 19"" - Interruttore illuminato On/Off"
Z-TRASPORTO;Contributo spese di trasporto;
Z-TRASFERTA;Spese Trasferta;
YZ_VIGILANZA;Spese vigilanza uffici;
YZ_UFFPADOVA;Canone Locazione Uffici Padova;
YZ_UFFMILANO;Canone Locazione Uffici Milano;
YZ_SPESEPULIZIA;Spese puliza uffici;
YZ_SPESEMANUT;Canoni manutenzione immobile;
YZ_SPESEMAGAZZ;Spese Magazzinaggio;
YZ_SPEMILANO;Spese Condominiali Uffici Milano;
YZ_SERVMARK;Canone servizi marketing;
YZ_SERVCLOUD;Canoni e servizi in cloud - Data Center;
YZ_QUOTEASSOC;Quote associative;
YZ_MANUTIMPIANTI;Canone manutenzione impianti di proprietà;
YZ_MAGAZZ;Canone Locazione Magazzino;
YZ_LINEETELEF;Canone abbonamento linee telefoniche;
YZ_FORMTECNO;Formazione Personale UO Tecnologie;
YZ_FORMSOLUZ;Formazione Personale UO Soluzioni;
YZ_FORMAPPLI;Formazione Personale UO Applicazioni;
YZ_CONSSICUR;Servizi consulenza sicurezza L.626;
YZ_CONSLEG;CONSULENZA LEGALE;
YZ_CONSLAV;Consulenza del Lavoro;
YZ_CONSISO;Servizi consulenza e gestione ISO 9001;
YZ_CONSINFORM;CONSULENZA INFORMATICA;
YZ_CONSERVSOSTIT;Canone conservazione documentale;
YZ_CONSDPO;Servizi consulenza e gestione DPO;
YZ_CONSCOMM;CONSULENZA COMMERCIALE;
YZ_COLLEGINT;Canone collegamento Internet;
YZ_CANSITOINT;Canone per sito Internet Wintech;
YZ_CANONISW;Canoni per utilizzo software;
YZ_CAAGGIOLIC;Canone aggiornamento licenze;
YZ_CAAFFVMWARE;Canone affiliazione a VMWare;
YZ_CAAFFSISTEMI;Canone affiliazione a Sistemi;
YZ_CAAFFSIAV;Canone affiliazione a Siav;
YZ_CAAFFQLIKVIEW;Canone affiliazione a Qlik View;
YZ_CAAFFMICROSOFT;Canone affiliazione a Microsoft;
YZ_CAAFFIBM;Canone affiliazione a IBM;
YZ_CAAFFCIBERGURU;Canone affiliazione a Icos-Cyber Guru;
WTC-R-TRASFE-ESO;Spese Trasferta Esolver;
WTC-OPP-APPWAY;Contributo Opportunità APPWAY;
WTC-IBMSVI-;Contributo Opportunità IBM;
WTC-D-CONAPP-SPR;Consultant Spring;
WTC-D-CONAPP-PRO;Consultant Profis;
WTC-D-CONAPP-JOB;Consultant Job;
WTC-D-CONAPP-ESO;Consultant Esolver;
WTC-D-CONAPP-BUI;Consultant Business Intelligent;
WTC-D-ANDEVE-TDB;Advanced Application Developer TdB;
WTC-D-ANDEVE-SVI;Advanced Application Developer Area Sviluppo;
WTC-D-ANDEVE-SIS;Advanced Application Developer Sviluppo Gestionali;Sistemi
WTC-D-ANDEVE-BPM;Advanced Application Developer Area BPM Filenet;
WTC-D-ANDEVE-APP;Advanced Application Developer Area Appway;
WTC-D-AISSYS-HWD;AIS - System Engineer Area Sistemistica;
WTC-C-SENIOR-WMS;Senior Consultant WMS;
WTC-C-SENIOR-MES;Senior Consultant MES;
WTC-C-SENIOR-JOB;Senior Consultant Job;
WTC-C-SENIOR-GOL;Senior Consultant Gold;
WTC-C-SENIOR-ESO;Senior Consultant Esolver;
WTC-C-SENIOR-ELE;Senior Consultant eLearning;
WTC-C-SENIOR-BUI;Senior Consultant Business Intelligence;SIE
WTC-C-CONAPP-WOW;Advanced Senior Consultant WOW;
WTC-C-ASESYS-HWD;ASE - System Engineer Area Sistemistica;
WTC-C-ANDEVE-SIS;Advanced Solution Developer Sviluppo Gestionale;Sistemi
WTC-C-ANALYS-SVI;Advanced Solution Developer Area Sviluppo;
WTC-C-ANALYS-BPM;Advanced Solution Developer Area BPM Filenet;
WTC-C-ANALYS-APP;Advanced Solution Developer Area Appway;
WTC-B-PROJEC-TDB;Project Manager TdB;
WTC-B-PROJEC-SVI;Project Manager Area Sviluppo;
WTC-B-PROJEC-SPR;Project Manager Spring;
WTC-B-PROJEC-ESO;Project Manager Esolver;
WTC-B-PROJEC-BUI;Project Manager Business Intelligence;
WTC-B-PROJEC-BPM;Project Manager Area BPM Filenet;
WTC-B-PROJEC-APP;Project Manager Area Appway;
WTC-B-ANDEVE-SIS;Project Manager Sviluppo Gestionali Sistemi;
TDB;Contratto annuale assistenza tdb;
SPRING;Canone assistenza annuale Spring;
SPESE_TRASPORTO;Spese di trasporto;
S_WTC-WOWUSER;Canone di Servizio WOW Utenti;
S_WTC-WOWSUITE;Canone di Servizio WOW SUITE;
S_WTC-WOWSTOR;Canone Gestione Storico;
S_WTC-WOWSERVIZI;WOW SERVIZI;
S_WTC-WOWOPP;Canone di servizio WOW Opportunità;
S_WTC-WOWMKT;Canone di servizio WOW Marketing;
S_WTC-WOWLINK;Canone di servizio WOW Link applicativo;
S_WTC-WOWHOME;Canone di servizio WOW Home;
S_WTC-WOWFORM;Canone di servizio WOW Formazione;
S_WTC-WOWDOC;Canone di Servizio WOW Documentazione;
S_WTC-WOWCOMM;Canone di servizio WOW Commesse;
S_WTC-WOWCC;Canone di servizio WOW Campagna Commerciale;
S_WTC-WIMSSER;Canone Servizio WIMS SERVER;
S_WTC-SW48POEL3;Servizio Switch 48 porte POE Layer 3;
S_WTC-SW48POEL2;Servizio Switch 48 porte POE Layer 2;
S_WTC-SW48L3;Servizio Switch 48 porte Layer 3;
S_WTC-SW48L2;Servizio Switch 48 porte Layer 2;
S_WTC-SW24POEL3;Servizio Switch 24 porte POE Layer 3;
S_WTC-SW24POEL2;Servizio Switch 24 porte POE Layer 2;
S_WTC-SW24L3;Servizio Switch 24 porte Layer 3;
S_WTC-SW24L2;Servizio Switch 24 porte Layer 2;
S_WTC-SERVESTESO365;Servizio Supporto Microsoft 365;
S_WTC-SERVBASE365;Servizio Base Office 365;
S_WTC-SERVBACKUP365;Servizio Backup Microsoft 365;
S_WTC-SERRESSI;Servizi continuativi di Terzi;
S_WTC-SERRESSAAS;Canone Assistenza SAAS c/o Cliente;
S_WTC-SERRESHW;Canone Presidio di XX gg/mese c/o Vs. Sede;
S_WTC-SERESTWMS;Servizi e Manutenzioni Esterne WMS;
S_WTC-SEREST-TS;Servizio Esterno di Techseed;Servizi erogati dal fornitore Techseed per clienti Visionlearning
S_WTC-SERESTSIS;Servizi e Manutenzioni Esterne SISTEMI;
S_WTC-SDWANLTE;Servizio Appliance SD-WAN + Modulo LTE;
S_WTC-SDWAN;Servizio Appliance SD-WAN;
S_WTC-PROFIS;Canone assistenza Wintech-Profis;
S_WTC-PORT-MIT;Canone Portale Servizi MIT;
S_WTC-POPWOW;Pacchetto Ore Prepagate Wow;
S_WTC-POPTDB;Pacchetto Ore Prepagate Tdb;
S_WTC-POPSVI;Pacchetto Ore Prepagate Sviluppo;
S_WTC-POPSPR;Pacchetto Ore Prepagate Spring;
S_WTC-POPPRO;Pacchetto Ore Prepagate Profis;
S_WTC-POPJOB;Pacchetto Ore Prepagate Job;
S_WTC-POPHW;Pacchetto Ore Prepagate Hw;
S_WTC-POPESO;Pacchetto Ore Prepagate Esolver;
S_WTC-POPELE;Pacchetto Ore Prepagate eLearning;
S_WTC-POPBI;Pacchetto Ore Prepagate BI;
S_WTC-PBXUSER;Canone Utenti aggiuntivi;
S_WTC-PBXPO;Canone Postazione Post Operatore;
S_WTC-PBXCL;Canone Postazione Cordless;
S_WTC-PBXBASIC;Canone Postazione Telefono Base;
S_WTC-PBXBASE;Canone Centralino Telefonico IP Base;(comprensivo di 10 utenti)
S_WTC-PBXATA;Canone Dispositivo di conversione;digitale analogico
S_WTC-PBXADVANCED;Canone Postazione Telefono Advanced;
S_WTC-OUT-FIREWALL;Servizio Firewall Outsourcing;
S_WTC-OUT-AVVHW;Servizi di Progettazione, Avviamento e Rollout;
S_WTC-NOLTEC_TEL;Noleggio Sistema Telefonico;icb
S_WTC-NOLTEC_LAN;Noleggio Apparecchiature LAN & wifi;icb
S_WTC-NOLTEC_IP;Noleggio Infrastruttura Periferica;ipa
S_WTC-NOLTEC_IM;Noleggio Imaging & Printing;ipa
S_WTC-NOLTEC_IC;Noleggio Infrastruttura Centrale;icb
S_WTC-NOLTEC_AP;Noleggio Soluzioni Applicative;icb
S_WTC-NDR;Network Detection and Response;
S_WTC-LOGMAN;Canone Servizio di Log Management;
S_WTC-ITCARE-SERVER;IT CARE - Gestione e Monitoraggio Server;
S_WTC-ITCARE-DEVICE;IT CARE - Gestione e Monitoraggio Device;
S_WTC-ITCARE-CLIENT;IT CARE - Gestione e Monitoraggio Client;
S_WTC-FORFAITSTORWOW;Attività Forfait SAAS Import Storico WOW;
S_WTC-FORFAITSTORDSP;Attività Forfait SAAS Import Storico DSP;
S_WTC-FORFAITPRO;Attività Forfait Profis;
S_WTC-FORFAITJOB;Attività Forfait Job;
S_WTC-FORFAITHW;Attività Forfait Sistemistica;
S_WTC-FORFAITESOSVI;Attività Forfait Sviluppo E-Solver;
S_WTC-FORFAITESO;Attività Forfait E-Solver;
S_WTC-FORFAITELE;Attività Forfait eLearning;
S_WTC-FORFAITDWP;Attività Forfait Sw Digital Workplace & Portal;
S_WTC-FORFAITDSP;Forfait avviamento DSP;
S_WTC-FORFAITBPM;Attività Forfait Sw Business Process Management;
S_WTC-FORFAITBI;Attività Forfait Business Intelligence;
S_WTC-FORFAITASSWOW;Attività Forfait SAAS Assessment WOW;
S_WTC-FORFAITASSDSP;Attività Forfait SAAS Assessment DSP;
S_WTC-FORFAITAPP;Attività Forfait Sw Appway;
S_WTC-FORFAITACW;Attività Forfait Sw Applicazioni Custom Web;
S_WTC-EXPORTVM;Copia Infrastruttura Cliente Periodica;
S_WTC-ESO-WMS-MAR;Canone assistenza connettore WMS Marmi/Esolver;
S_WTC-ESO-WMS-ENO;Canone assistenza connettore WMS Enologia/Esolver;
S_WTC-ESO-WMS;Canone assistenza connettore WMS/Esolver;
S_WTC-ESO-MES-ORO;Canone assistenza connettore MES ORO/Esolver;
S_WTC-ESO-MES;Canone assistenza connettore MES/Esolver;
S_WTC-ESOLVER;Canone assistenza Wintech-eSolver;
S_WTC-ESOBI-QMES;Canone Assistenza Esolver BI-QMES;
S_WTC-ESO-ASAR;Canone assistenza connettore ASAR/Esolver;
S_WTC-EPPA;EndPoint Protection Advanced;
S_WTC-EDR;EndPoint Security Advanced;
S_WTC-DSPSUITE;DSP SUITE;
S_WTC-DOCSUITE;DOC SUITE;
S_WTC-DISREC;Canone Servizio di Disaster Recovery;
S_WTC-CPS;Contratto di Printing Services;
S_WTC-CONSUDOC;Canone Annuale Servizio Consulenza Documentale;
S_WTC-CON-MODULA;Canone Connettore Magazzini Modula;
S_WTC-CLOUDSTOR;Servizio Cloud Storage;
S_WTC-CLOUD;Canone Servizi in Cloud;
S_WTC-CASW;Canone Manutenzione Software;
S_WTC-CASELLE;Canone Servizio Caselle (Pec/MailDominio);
S_WTC-CAQV;QLIKVIEW Canone Annuo di Manutenzione;
S_WTC-CAHW;Canone Manutenzione Hardware;
S_WTC-BKUP;Canone Servizio di Back-up;
S_WTC-AP;Servizio Access Point WiFi6;
S_WTC-ANTISPAM;Canone Servizio Antispam;
S_WTC-AMSFILENET;Canone AMS Filenet;
S_WTC-AMSAPPWAY;Canone manutenzione sw Appway;
S_WOWZA-ENGINE;Engine Monthly License Subscription Recurring Fee;Servizio Visionlearning
S_WMS;Canone assistenza WMS;
S_WHISTLEBLOWING;Canone Sistemi Whistleblowing;
S_VCPP-3600-RENT-SPLA;VMWare VCPP Monthly Rental Minimum 3600pts;
S_VCPP-3600-1 RENT-SPLA;VMWare VCPP 3600 Monthly Rental Overage Charges;
S_STREAMING;Servizio streaming Visionlearning;
S_STORAGE-SRV;Dedicated Server Storage;
S_SIS_DOC;Canone Conservaz. Outsourcing Namirial;
S_SIAV-CAFLUSSI;Canone Flussi Fatturazione Elettronica Siav;
S_SIAV-CAFIRMA;Canone Firma automatica Siav;
S_SIAV-CACONS;Canone Servizio Conservazione Sostitutiva Siav;
S_SIAV_CAESTERO;Canone Flussi Estero Siav;
S_SIAV_CAAPPLMAN;Canone Servizio Application Management secondo liv;
S_RS-HW-SVC-R7K-PE-S3;"Rubrik Support for R6000S-3 hardware;Premium supp.";
S_RS-HW-SVC-PE-S3;"Rubrik Support for R6000S-3 hardware;Premium supp.";
S_QUADRA;Canone assistenza licenza QUADRA;
S_PLGNPRO;Canone assistenza annuale GIPONEXT;
S_OUT-WAN;Connettività internet ridondata per navigazione;
S_OUT-WAF;Web Application Firewall (WAF);
S_OUT-VPN;Canone VPN pacchetto 10 utenti;concorrenziali
S_OUT-VMSMALL-WIN;"VM Small (2 CPU; 4GB RAM; 70GB Disco Base) Windows";
S_OUT-VMSMALL-LIN;"VM Small (2 CPU; 4GB RAM; 70GB Disco Base) Linux";
S_OUT-VMMEDIUM-WIN;"VM Medium (4 CPU; 8GB RAM; 70GB Disco Base) Window";
S_OUT-VMMEDIUM-LIN;"VM Medium (4 CPU; 8GB RAM; 70GB Disco Base) Linux";
S_OUT-VMBIG-WIN;"VM Big (4 CPU; 16GB RAM; 70GB Disco Base) Windows";
S_OUT-VMBIGV3-WIN;"VM Big (8 CPU; 64GB RAM; 70GB Disco Base) Windows";
S_OUT-VMBIGV2-WIN;"VM Big (8 CPU; 36GB RAM; 70GB Disco Base) Windows";
S_OUT-VMBIGV2-LIN;"VM Big (8 CPU; 128B RAM; 70GB Disco Base) Linux";
S_OUT-VMBIG-LIN;"VM Big (4 CPU; 16GB RAM; 70GB Disco Base) Linux";
S_OUT-STORAGE;Storage aggiuntivo multipli di 50GB;
S_OUT-RDS;Connessione Microsoft RDS per accesso remoto;
S_OUT-PUBIP;Indirizzi IP pubblico riservato;
S_OUT-MPLS;Servizi rete geografica MPLS (raccolta);
S_OUT-MONIT;Canone Servizio Monitoraggio e KPI;
S_OUT-MANUTPDL;Servizio Replace PDL;(sostituzione macchina in sla concordato e numero di postazioni nominative)
S_OUT-MAINT-VM;Canone Manutenzione ordinaria VM;
S_OUT-MAINT-BKUP;Canone Manutenzione ordinaria Backup;
S_OUT-HELP-DESK-BASE;Gestione Servizi Outsourcing fino a 10 clienti;(Base)
S_OUT-HELP-DESK-AGG;Gestione Servizi Outsourcing + Help Desk;
S_OUT-HELP-DESK-2;Servizi di Help Desk 2° Livello;
S_OUT-HELP-DESK;Servizi di Help Desk;
S_OUT-DR;Disaster Recovery;
S_OUT-DC;Servizi di Data Center;
S_OUT-BKUP-VM;Canone Backup ambiente in Outsourcing VM;
S_OUT-BKUP-STORAGE;Canone Backup ambiente in Outsourcing Storage;
S_OUT-BIG-FIX-ATT;Canone Endpoint Management Attività;
S_OUT-BIG-FIX;Canone Endpoint Management Licenza;
S_OUT-APP;Servizio Manutenzione Applicativa;
S_OUT-ADS-SRV;Canone Amministratore di Sistema Server;
S_OUT-ADS-NET;Canone Amministratore di Sistema Rete;
S_OUT-ADS-DB;Canone Amministratore di Sistema Base Dati;
S_OUT_SQL;Canone SQL Server Standard Core (2 core);
S_OBSERVIUMPRO;Observium Professional Edition SW per monitoraggio;
S_MSP-CGM-NIS2-PVT-U;CYBER GURU NIS2 12 Mesi da 4 fino a 25 licenze;
S_MSP-CGM-NIS2-PVT-SP;CYBER GURU NIS2 -12 Mesi Starter Pack fino a 3 Lic;
S_MSP-CGM-DORA-PVT-U;CYBER GURU DORA -12 Mesi - da 4 fino a 25 licenze;
S_MSP-CGM-DORA-PVT-SP;CYBER GURU DORA -12 Mesi fino a 3 Licenze;
S_MSP-CGM-ADV-E;CYBER GURU CYBER ADVISOR 12 Mesi 3001-5000 Utenti;
S_MSP-CGM-ADV-D;CYBER GURU CYBER ADVISOR 12 Mesi 1001-3000 Utenti;
S_MSP-CGM-ADV-C;CYBER GURU CYBER ADVISOR 12 Mesi - 501-1000 Utenti;
S_MSP-CGM-ADV-B;CYBER GURU CYBER ADVISOR 12 Mesi - 251-500 Utenti;
S_MSP-CGM-ADV-A;CYBER GURU CYBER ADVISOR 12 Mesi - 1-250 Utenti;
S_MSP-CG2-PPRO-E;CYBER GURU PHISHING PRO 12 Mesi - 3001-5000 Utenti;
S_MSP-CG2-PPRO-D;CYBER GURU PHISHING PRO 12 Mesi - 1001-3000 Utenti;
S_MSP-CG2-PPRO-C;CYBER GURU PHISHING PRO 12 Mesi - 501-1000 Utenti;
S_MSP-CG2-PPRO-B;CYBER GURU PHISHING PRO 12 Mesi - 251-500 Utenti;
S_MSP-CG2-PPRO-A;CYBER GURU PHISHING PRO 12 Mesi - 1-250 Utenti;
S_MSP-CG2-PHI-E;CYBER GURU PHISHING 12 Mesi - 3001-5000 Utenti;
S_MSP-CG2-PHI-D;CYBER GURU PHISHING 12 Mesi - 1001-3000 Utenti;
S_MSP-CG2-PHI-C;CYBER GURU PHISHING 12 Mesi - 500-1000 Utenti;
S_MSP-CG2-PHI-B;CYBER GURU PHISHING 12 Mesi - 251-500 Utenti;
S_MSP-CG2-PHI-A;CYBER GURU PHISHING 12 Mesi - 1-250 Utenti;
S_MSP-CG2-CHA-E;CYBER GURU CHANNEL 12 Mesi - 3001-5000 Utenti;
S_MSP-CG2-CHA-D;CYBER GURU CHANNEL 12 Mesi - 1001-3000 Utenti;
S_MSP-CG2-CHA-C;CYBER GURU CHANNEL 12 Mesi - 501-1000 Utenti;
S_MSP-CG2-CHA-B;CYBER GURU CHANNEL 12 Mesi - 250-500 Utenti;
S_MSP-CG2-CHA-A;CYBER GURU CHANNEL 12 Mesi - 1-250 Utenti;
S_MSP-CG2-AWA-E;CYBER GURU AWARENESS 12 Mesi - 3001-5000 ut.;
S_MSP-CG2-AWA-D;CYBER GURU AWARENESS 12 Mesi - 1001-3000 ut.;
S_MSP-CG2-AWA-C;CYBER GURU AWARENESS 12 Mesi - 501-1000 ut.;
S_MSP-CG2-AWA-B;CYBER GURU AWARENESS 12 Mesi - 251-501 ut.;
S_MSP-CG2-AWA-A;CYBER GURU AWARENESS 12 Mesi - 1-250 ut.;
S_MS-AZR-PLAN;MICROSOFT 365 App for Business (NCE annuale);
S_MES;Canone assistenza annuale MES;
S_H-RNTAGR-MS-MR05-16SPLA;VEEAM Volume Rental Agreement SPLA;
S_HELPDESK_CONS_C;Canone Annuale Servizio HelpDesk e Connettore;per Conservazione
S_HELPDESK_CONS;Canone Annuale Servizio HelpDesk;per conservazione
S_ESSENTIALS 40K;Essentials 40K email credits;
S_EKR_ORCHESTRA;Canone licenza EKR Orchestra PIM;
S_DZH318Z0BPS6:0001:P1M:M;Microsoft Azure Plan;
S_COOKIEYES-BASIC;Canone Piattaforma gestione dei cookies;Piattaforma di gestione del consenso dei coockies per siti web
S_CONTATSPR;Contributo Attivazione Spring;
S_CONTATPRO;Contributo Attivazione Profis;
S_CHECKMONITOR;Canone Servizio Check Monitor;per connessione fornitore di informazioni commerciali (banca dati)
S_CFQ7TTC0RM8K:0002:P1Y:Y;Microsoft 365 Teams Premium Annual/Annual;
S_CFQ7TTC0RM8K:0002:P1Y:M;Microsoft 365 Teams Premium Annual/Monthly;
S_CFQ7TTC0RM8K:0002:P1M:M;Microsoft Teams Premium Mensile/Mensile;
S_CFQ7TTC0MM8R:001P:P1Y:Y;Microsoft 365 Copilot Business Annual;
S_CFQ7TTC0MM8R:001P:P1Y:M;Microsoft 365 Copilot Business;
S_CFQ7TTC0MM8R:0002:P1Y:Y;Microsoft 365 Copilot for Microsoft 365;
S_CFQ7TTC0LHSF:0001:P1Y:Y;MICROSOFT Power BI Pro NCE Annuale;
S_CFQ7TTC0LHSF:0001:P1Y:M;MICROSOFT Power BI Pro NCE;
S_CFQ7TTC0LHQ5:0001:P1Y:Y;Exchange Online Archiving for Exchange Server;CFQ7TTC0LHQ5:0001:P1Y:Y
S_CFQ7TTC0LH1P:0001:P1Y:Y;Microsoft 365 Exchange Online (Plan 2) Y/Y;
S_CFQ7TTC0LH1P:0001:P1Y:M;Microsoft 365 Exchange Online (Plan 2);
S_CFQ7TTC0LH1M:0001:P1Y:M;MICROSOFT 365 OneDrive for business (Plan 2);
S_CFQ7TTC0LH1G:0001:P1Y:Y;Microsoft 365 Apps for Business (Annuale);
S_CFQ7TTC0LH1G:0001:P1Y:M;Microsoft 365 Apps for Business (Annuale);
S_CFQ7TTC0LH1G:0001:P1M:M;Microsoft 365 Apps for Business M/M;
S_CFQ7TTC0LH18:000D:P1Y:M;Microsoft 365 Busin.Basic EEA (no Teams);
S_CFQ7TTC0LH18:0001:P1Y:Y;Microsoft 365 Business Basic NCE;CFQ7TTC0LH18:0001:P1Y:Y
S_CFQ7TTC0LH18:0001:P1Y:M;Microsoft 365 Business Basic;
S_CFQ7TTC0LH18:0001:P1M:M;Microsoft 365 Business Basic M/M;
S_CFQ7TTC0LH16:0001:P1Y:Y;Microsoft 365 Exchange Online (Plan 1);CFQ7TTC0LH16:0001:P1Y:Y
S_CFQ7TTC0LH16:0001:P1Y:M;Microsoft 365 Exchange Online (Plan 1);
S_CFQ7TTC0LH16:0001:P1M:M;Microsoft 365 Exchange Online(Plan 1)M/M;S_CFQ7TTC0LH16:0001:P1M:M
S_CFQ7TTC0LH0J:0001:P1Y:Y;Exchange Online Archiving for Exchange Online;CFQ7TTC0LH0J:0001:P1Y:Y
S_CFQ7TTC0LH04:0001:P1Y:Y;Microsoft Defender for O365 (Plan 1);
S_CFQ7TTC0LGZT:0001:P1Y:Y;Microsoft 365 Apps for enterprise Y/Y;
S_CFQ7TTC0LGZT:0001:P1Y:M;MICROSOFT 365 App for Enterprise NCE;
S_CFQ7TTC0LGZT:0001:P1M:M;Microsoft 365 Apps for enterprise M/M;
S_CFQ7TTC0LFLX:0001:P1Y:Y;Microsoft 365 E3;
S_CFQ7TTC0LFLS:0002:P1Y:Y;Microsoft Entra ID P1;
S_CFQ7TTC0LFLS:0002:P1M:M;Microsoft Entra ID P1 Mensile;
S_CFQ7TTC0LFK5:0001:P1Y:Y;Microsoft Entra ID P2;
S_CFQ7TTC0LFK5:0001:P1M:M;Microsoft 365 Entra ID P2;
S_CFQ7TTC0LF8R:0001:P1Y:Y;Microsoft 365 E3;
S_CFQ7TTC0LF8Q:0012:P1Y:Y;Office 365 E1 EEA (no Teams);CFQ7TTC0LF8Q:0012:P1Y:Y
S_CFQ7TTC0LF8Q:0001:P1Y:Y;Microsoft 365 Office 365 E1;
S_CFQ7TTC0LDPB:001X:P1Y:Y;Microsoft 365 Business STD + Copilot Business;CFQ7TTC0LDPB:001X:P1Y:Y
S_CFQ7TTC0LDPB:000M:P1Y:Y;Microsoft 365 Business Standard (Non-Profit Pricin;
S_CFQ7TTC0LDPB:000F:P1Y:Y;Microsoft 365 Business Standard EEA (no Teams);
S_CFQ7TTC0LDPB:0001:P1Y:Y;Microsoft 365 Business Standard Annuale;CFQ7TTC0LDPB:0001:P1Y:Y
S_CFQ7TTC0LDPB:0001:P1Y:M;Microsoft 365 Business Standard;
S_CFQ7TTC0LDPB:0001:P1M:M;Microsoft 365 Business Standard M/M;CFQ7TTC0LDPB:0001:P1M:M
S_CFQ7TTC0LCHC:000C:P1Y:Y;Microsoft 365 Business Premium EEA (no Teams);
S_CFQ7TTC0LCHC:000C:P1Y:M;Microsoft 365 Busin.Premium EEA (no Teams);
S_CFQ7TTC0LCHC:000C:P1M:M;Microsoft 365 Business Premium Mensile EEA;
S_CFQ7TTC0LCHC:0002:P1Y:Y;Microsoft 365 Business Premium Annule;Microsoft 365 Business Premium Annuale
S_CFQ7TTC0LCHC:0002:P1Y:M;Microsoft 365 Business Premium;
S_CFQ7TTC0LCHC:0002:P1M:M;Microsoft 365 Business Premium Mensile;
S_CFQ7TTC0LCH4:0009:P1Y:Y;Microsoft 365 Intune Plan 1 A/A;
S_CFQ7TTC0JN4R:0002:P1Y:Y;Microsoft Teams Essentials;
S_CFQ7TTC0HDB1:0002:P1Y:Y;Microsoft Planner Plan 1 (Annuale);
S_CFQ7TTC0HDB0:0002:P1Y:Y;Microsoft Planner and Project Plan 3;
S_CFQ7TTC0HD9Z:0002:P1Y:Y;Microsoft Planner e Project Piano 5;
S_CFQ7TTC0HD9Z:0002:P1M:M;Microsoft Planer and Project Plan 5 M/M;
S_CFQ7TTC0HD33:0003:P1Y:Y;Visio Plan 1 Annuale NCE;CFQ7TTC0HD33:0003:P1Y:Y
S_CFQ7TTC0HD33:0003:P1Y:M;Visio Plan 1 NCE;
S_CFQ7TTC0HD32:0002:P1Y:Y;VISIO PLAN 2 (Annuale);
S_CFQ7TTC0HD32:0002:P1Y:M;VISIO PLAN 2 (Annuale) durata Mensile;
S_CFQ7TTC0HD32:0002:P1M:M;Microsoft Visio Plan 2 Mensile;
S_CASK7005;MICROSOFT Exchange OL Archiving for Exch. Online;MICROSOFT Exchange OL Archiving for Exch. Online - cod. 2828be9546ba4f91b2fd0bef192ecf60
S_CASK5447;MICROSOFT Power BI Pro;MICROSOFT Power BI Pro - cod. 800f4f3bcfe142c19cea675512810488
S_CASK5310;MICROSOFT Exchange Online P1;MICROSOFT Exchange On Line P1  - cod. 195416c13447423ab37bee59a99a19c4
S_CASK5302;MICROSOFT Exchange Online Plan 2;MICROSOFT Exchange Online Plan 2 - cod. 2f707c7c243349a5a4379ca7cf40d3eb
S_CASK5294;MS Office 365 Advanced Threat Protection (Plan 1);
S_CASK5000;MICROSOFT VISIO PRO Visio Pro for Office 365;MICROSOFT VISIO PRO Visio Pro for Office 365 - cod. b4d4b7f4408943b69c44de97b760fb11
S_CASK4695;MICROSOFT Office 365 Enterprise E1;MICROSOFT Office 365 Enterprise E1 - cod.  91fd106f4b2c493895acf54f74e9a239
S_CASK4693;Microsoft 365 Business Standard;MICROSOFT Office 365 Business Premium - cod. 031c9e4748024248838e778fb1d2cc05
S_CASK4691;MICROSOFT Office 365 Business;MICROSOFT Office 365 Business - cod. 5c9fd4ccedce44a88e9107df09744609
S_CASK4690;Microsoft 365 Business Basic;MICROSOFT Office 365 Business Essentials - cod. bd938f12058f4927bba3ae36b1d2501c
S_CASK287279;Copilot for Microsoft 365 Annual;
S_CASK276877;Microsoft 365 Business Standard (Non-Profit);
S_CASK264301;Microsoft 365 Business Basic EEA (no Teams);
S_CASK264271;Office 365 E1 (no Teams);
S_CASK264268;Microsoft 365 Business Standard EEA (no Teams);
S_CASK264265;Microsoft 365 Business Premium EEA (no Teams);
S_CASK253639;Microsoft Azure SMB Fraud Defense;AzSol SMB Fraud Defender V2
S_CASK247851;Microsoft Teams Premium Monthly-Monthly;Microsoft Teams Premium - cod. CFQ7TTC0RM8K:0002:P1M:M
S_CASK194605;Microsoft 365 Project Plan 3 Montly Montly;
S_CASK194581;Microsoft Teams Essentials;
S_CASK194571;Microsoft 365 Intune Plan 1 A/A;Microsoft Intune Plan 1 CFQ7TTC0LCH4:0009:P1Y:A
S_CASK16383;Visio OnLine Plan 2 annuale;
S_CASK16355;Office 365 Apps for Business annuale;Office 365 Apps for Business annuale - cod. 5c9fd4ccedce44a88e9107df09744609X
S_CASK16155;Microsoft 365 Business Premium;
S_CASK155450;MicrMicrosoft 365 Visio Plan 2;
S_CASK155446;MICROSOFT Visio Plan 1 NCE;
S_CASK155422;Microsoft 365 Project Plan 3 NCE;
S_CASK155420;Microsoft Project Plan 1 NCE;
S_CASK155414;Microsoft 365 Power BI Pro NCE;Azure Active Directory Premium P1
S_CASK155376;Office 365 E3 NCE;Office 365 E3 NCE
S_CASK155375;Microsoft Office 365 E3 MM;
S_CASK155373;Microsoft Office 365 E1 (NCE Mensile);
S_CASK155372;Office 365 E1 NCE;
S_CASK155359;Microsoft Defender for Office 365 (Plan 1);
S_CASK155313;Microsoft 365 Business Standard M/M;
S_CASK155312;Microsoft 365 Business Standard;Microsoft 365 Business Standard - cod. 031c9e4748024248838e778fb1d2cc05A
S_CASK155310;Microsoft 365 Business Premium;Microsoft 365 Business Premium
S_CASK155309;Microsoft 365 Business Premium NCE;Microsoft 365 Business Premium NCE
S_CASK155307;Microsoft 365 Audio Conferencing NCE;Microsoft 365 Audio Conferencing NCE
S_CASK155305;MICROSOFT 365 App for Enterprise (NCE annuale);
S_CASK155302;MICROSOFT 365 App for Business (NCE annuale);
S_CASK155301;MICROSOFT 365 App for Business (NCE Mensile);
S_CASK155280;MICROSOFT Exchange OL Archiving for Exch. Online;Azure Active Directory Premium P1
S_CASK155276;Microsoft 365 Exchange Online (Plan 2) NCE;Microsoft 365 Exchange Online (Plan 2) NCE
S_CASK155274;Microsoft 365 Exchange Online (Plan 1) NCE;Microsoft 365 Exchange Online (Plan 1) NCE
S_CASK155246;Entra ID P1;Entra ID P1
S_CASK153399;Microsoft 365 Business Basic;Microsoft 365 Business Basic
S_CASK153397;Microsoft 365 Business Basic MM;Microsoft 365 Business Basic
S_CASK127635;Microsoft Power BI Premium per user;Microsoft Power BI Premium per user - cod. 9c8100189356490395abeeb956289290
S_CASK104106;Microsoft 365 Business Standard;Microsoft 365 Business Standard - cod. 031c9e4748024248838e778fb1d2cc05A
S_CASK103997;Microsoft 365 Business Basic;Microsoft 365 Business Basic - cod. bd938f12058f4927bba3ae36b1d2501cA
S_CASK103872;Microsoft 365 Apps for business;Microsoft 365 Apps for business - cod. 5c9fd4ccedce44a88e9107df09744609A
S_CASHFLOWPSD2;Canone servizio di gestione n. xx anagrafiche;e illimitati conti (interfaccia CASH FLOW - PSD2)
S_CAOD.SD.CAN.001;Cash Flow - Servizio Fatturazione Elettronica;
S_CALITE;Canone Piattaforma Lite;
S_CAHOSTZOOM;Canone Host Videoconferenza Zoom;
S_CAGOLDCFO;Canone Servizio Gold CFO;
S_CAGOLD;GOLD - Canone Manutenzione;
S_CAFORWEB;Canone Abbonamento Procedure Web;
S_CAESOLVERMODA;Canone assistenza e-solver Moda;
S_CAELEARNING;Canone Piattaforma eLearning;
S_CAEASYUPLOAD;Canone Servizio Easyupload - storage;
S_CAEASYSTREAMING;Canone Piattaforma Easystreaming;
S_CACONS;Canone Servizio Conservazione Sostitutiva;
S_CA6000133;FIRMA AUTOGRAFA AUTOMATICA - Canone Manutenzione;
S_CA6000053;ENTRATEL COMMERCIALISTI 500 - Canone Manutenzione;
S_CA_CHECK_M_CC;CHECK MONITOR - CREDIT CHECK (100 REPORT);
S_AWS_CONSUMPTION;AWS Monthly Consumption;Servizi di cloud computing Amazon Web Services (AWS)
S_ASAR;Canone assistenza ASAR;
S_A-FLEX-3;CISCO Collaboration Flex Plan 3.0;Servizi di cloud Cisco per continuità Visionlearning
S_9EA-00039SPLA;MICROSOFT SPLA/WinSvrDCCore ALNG MVL 2Lic Core;MICROSOFT SPLA/WinSvrDCCore ALNG MVL 2Lic Core
S_7NQ-00302SPLA;MICROSOFT SPLA SQLSvrStdCore MVL 2LicCore;MICROSOFT SPLA SQLSvrStdCore MVL 2LicCore
S_6WC-00002SPLA;MICROSOFT SPLA Win Remote Deskt SVR SAL;MICROSOFT SPLA Win Remote Deskt SVR SAL
S_1050010005;Licenza FirmaGrafoCerta Windows Canone Annuale;
PROFIS/AZ;Canone assistenza annuale Profis/AZ;
PROFIS;Canone assistenza annuale Profis;
ORDWEB;Canone assistenza Ordini ForWeb;
JOB/PRES;Canone assistenza annuale Job Presenze;
JOB;Canone assistenza annuale Job;
INDACO;Canone assistenza Indaco;
IBMPMBARR;Coordinatore;
IBMPMBA;Project Manager;
IBMBAPROS;Senior Product IBM Business Automation;
IBMBAPROJ;Junior Product IBM Business Automation Product;
IBMBAPROI;Intermediate Product IBM Business Automation;
IBMBANABA;Analyst;
IBMBAARCS;Senior Architech IBM Business Automation;
IBMBAARCJ;Junior Architech IBM Business Automation;
IBMBAARCI;Intermediate Architech IBM Business Automation;
FORLOG;Canone assistenza ForWeb/ForLog;
FIREWALL;Canone Annuo Totale Servizio Firewall per XX Accou;
ESOLVER;Canone assistenza annuale eSolver;
ADD-IN 365_30;Integrazione Outlook add-in 30 PdL;
ADD-IN 365_25;Integrazione Outlook add-in 25 PdL;
ADD-IN 365_20;Integrazione Outlook add-in 20 PdL;
ADD-IN 365_15;Integrazione Outlook add-in 15 PdL;
ADD-IN 365_10;Integrazione Outlook add-in 10 PdL;
ADD-IN 365_05;Integrazione Outlook add-in 05 PdL;
ADD-IN 365_03;Integrazione Outlook add-in 03 PdL;
ADD-IN 365 M_30;Integrazione MOBILE Outlook add-in 30 PdL;
ADD-IN 365 M_25;Integrazione MOBILE Outlook add-in 25 PdL;
ADD-IN 365 M_20;Integrazione MOBILE Outlook add-in 20 PdL;
ADD-IN 365 M_15;Integrazione MOBILE Outlook add-in 15 PdL;
ADD-IN 365 M_10;Integrazione MOBILE Outlook add-in 10 PdL;
ADD-IN 365 M_05;Integrazione MOBILE Outlook add-in 05 PdL;
ADD-IN 365 M_03;Integrazione MOBILE Outlook add-in 03 PdL;
